config_id,knob,value,dataset,corpus_size,mean_ndcg5,mean_mrr5,hit3_rate,hit1_rate,per_query_json,per_category_json
baseline,baseline,default,sextant,6,0.6551127596788988,0.5416666666666666,0.8333333333333334,0.3333333333333333,"[{""entry_id"": ""S1"", ""category"": ""Sextant fixture (astrolabe)"", ""ndcg5"": 1.0, ""mrr5"": 1.0, ""hit3"": 1, ""hit1"": 1, ""first_relevant_rank"": 1}, {""entry_id"": ""S2"", ""category"": ""Sextant fixture (astrolabe)"", ""ndcg5"": 0.5, ""mrr5"": 0.3333333333333333, ""hit3"": 1, ""hit1"": 0, ""first_relevant_rank"": 3}, {""entry_id"": ""S3"", ""category"": ""Sextant fixture (sextant)"", ""ndcg5"": 0.43067655807339306, ""mrr5"": 0.25, ""hit3"": 0, ""hit1"": 0, ""first_relevant_rank"": 4}, {""entry_id"": ""S4"", ""category"": ""Sextant fixture (sextant)"", ""ndcg5"": 0.5, ""mrr5"": 0.3333333333333333, ""hit3"": 1, ""hit1"": 0, ""first_relevant_rank"": 3}, {""entry_id"": ""S5"", ""category"": ""Sextant fixture (invoice)"", ""ndcg5"": 0.5, ""mrr5"": 0.3333333333333333, ""hit3"": 1, ""hit1"": 0, ""first_relevant_rank"": 3}, {""entry_id"": ""S6"", ""category"": ""Sextant fixture (guide)"", ""ndcg5"": 1.0, ""mrr5"": 1.0, ""hit3"": 1, ""hit1"": 1, ""first_relevant_rank"": 1}]","{""Sextant fixture (astrolabe)"": ""CategoryMetrics(category='Sextant fixture (astrolabe)', count=2, mean_ndcg5=0.75, mean_mrr5=0.6666666666666666, hit3_rate=1.0, hit1_rate=0.5)"", ""Sextant fixture (sextant)"": ""CategoryMetrics(category='Sextant fixture (sextant)', count=2, mean_ndcg5=0.46533827903669656, mean_mrr5=0.29166666666666663, hit3_rate=0.5, hit1_rate=0.0)"", ""Sextant fixture (invoice)"": ""CategoryMetrics(category='Sextant fixture (invoice)', count=1, mean_ndcg5=0.5, mean_mrr5=0.3333333333333333, hit3_rate=1.0, hit1_rate=0.0)"", ""Sextant fixture (guide)"": ""CategoryMetrics(category='Sextant fixture (guide)', count=1, mean_ndcg5=1.0, mean_mrr5=1.0, hit3_rate=1.0, hit1_rate=1.0)""}"
rrfK=1,rrfK,1,sextant,6,0.8333333333333334,0.7777777777777778,1.0,0.6666666666666666,"[{""entry_id"": ""S1"", ""category"": ""Sextant fixture (astrolabe)"", ""ndcg5"": 1.0, ""mrr5"": 1.0, ""hit3"": 1, ""hit1"": 1, ""first_relevant_rank"": 1}, {""entry_id"": ""S2"", ""category"": ""Sextant fixture (astrolabe)"", ""ndcg5"": 1.0, ""mrr5"": 1.0, ""hit3"": 1, ""hit1"": 1, ""first_relevant_rank"": 1}, {""entry_id"": ""S3"", ""category"": ""Sextant fixture (sextant)"", ""ndcg5"": 0.5, ""mrr5"": 0.3333333333333333, ""hit3"": 1, ""hit1"": 0, ""first_relevant_rank"": 3}, {""entry_id"": ""S4"", ""category"": ""Sextant fixture (sextant)"", ""ndcg5"": 0.5, ""mrr5"": 0.3333333333333333, ""hit3"": 1, ""hit1"": 0, ""first_relevant_rank"": 3}, {""entry_id"": ""S5"", ""category"": ""Sextant fixture (invoice)"", ""ndcg5"": 1.0, ""mrr5"": 1.0, ""hit3"": 1, ""hit1"": 1, ""first_relevant_rank"": 1}, {""entry_id"": ""S6"", ""category"": ""Sextant fixture (guide)"", ""ndcg5"": 1.0, ""mrr5"": 1.0, ""hit3"": 1, ""hit1"": 1, ""first_relevant_rank"": 1}]","{""Sextant fixture (astrolabe)"": ""CategoryMetrics(category='Sextant fixture (astrolabe)', count=2, mean_ndcg5=1.0, mean_mrr5=1.0, hit3_rate=1.0, hit1_rate=1.0)"", ""Sextant fixture (sextant)"": ""CategoryMetrics(category='Sextant fixture (sextant)', count=2, mean_ndcg5=0.5, mean_mrr5=0.3333333333333333, hit3_rate=1.0, hit1_rate=0.0)"", ""Sextant fixture (invoice)"": ""CategoryMetrics(category='Sextant fixture (invoice)', count=1, mean_ndcg5=1.0, mean_mrr5=1.0, hit3_rate=1.0, hit1_rate=1.0)"", ""Sextant fixture (guide)"": ""CategoryMetrics(category='Sextant fixture (guide)', count=1, mean_ndcg5=1.0, mean_mrr5=1.0, hit3_rate=1.0, hit1_rate=1.0)""}"
rrfK=5,rrfK,5,sextant,6,0.9384882922619097,0.9166666666666666,1.0,0.8333333333333334,"[{""entry_id"": ""S1"", ""category"": ""Sextant fixture (astrolabe)"", ""ndcg5"": 1.0, ""mrr5"": 1.0, ""hit3"": 1, ""hit1"": 1, ""first_relevant_rank"": 1}, {""entry_id"": ""S2"", ""category"": ""Sextant fixture (astrolabe)"", ""ndcg5"": 1.0, ""mrr5"": 1.0, ""hit3"": 1, ""hit1"": 1, ""first_relevant_rank"": 1}, {""entry_id"": ""S3"", ""category"": ""Sextant fixture (sextant)"", ""ndcg5"": 0.6309297535714575, ""mrr5"": 0.5, ""hit3"": 1, ""hit1"": 0, ""first_relevant_rank"": 2}, {""entry_id"": ""S4"", ""category"": ""Sextant fixture (sextant)"", ""ndcg5"": 1.0, ""mrr5"": 1.0, ""hit3"": 1, ""hit1"": 1, ""first_relevant_rank"": 1}, {""entry_id"": ""S5"", ""category"": ""Sextant fixture (invoice)"", ""ndcg5"": 1.0, ""mrr5"": 1.0, ""hit3"": 1, ""hit1"": 1, ""first_relevant_rank"": 1}, {""entry_id"": ""S6"", ""category"": ""Sextant fixture (guide)"", ""ndcg5"": 1.0, ""mrr5"": 1.0, ""hit3"": 1, ""hit1"": 1, ""first_relevant_rank"": 1}]","{""Sextant fixture (astrolabe)"": ""CategoryMetrics(category='Sextant fixture (astrolabe)', count=2, mean_ndcg5=1.0, mean_mrr5=1.0, hit3_rate=1.0, hit1_rate=1.0)"", ""Sextant fixture (sextant)"": ""CategoryMetrics(category='Sextant fixture (sextant)', count=2, mean_ndcg5=0.8154648767857288, mean_mrr5=0.75, hit3_rate=1.0, hit1_rate=0.5)"", ""Sextant fixture (invoice)"": ""CategoryMetrics(category='Sextant fixture (invoice)', count=1, mean_ndcg5=1.0, mean_mrr5=1.0, hit3_rate=1.0, hit1_rate=1.0)"", ""Sextant fixture (guide)"": ""CategoryMetrics(category='Sextant fixture (guide)', count=1, mean_ndcg5=1.0, mean_mrr5=1.0, hit3_rate=1.0, hit1_rate=1.0)""}"
rrfK=15,rrfK,15,sextant,6,0.9384882922619097,0.9166666666666666,1.0,0.8333333333333334,"[{""entry_id"": ""S1"", ""category"": ""Sextant fixture (astrolabe)"", ""ndcg5"": 1.0, ""mrr5"": 1.0, ""hit3"": 1, ""hit1"": 1, ""first_relevant_rank"": 1}, {""entry_id"": ""S2"", ""category"": ""Sextant fixture (astrolabe)"", ""ndcg5"": 1.0, ""mrr5"": 1.0, ""hit3"": 1, ""hit1"": 1, ""first_relevant_rank"": 1}, {""entry_id"": ""S3"", ""category"": ""Sextant fixture (sextant)"", ""ndcg5"": 0.6309297535714575, ""mrr5"": 0.5, ""hit3"": 1, ""hit1"": 0, ""first_relevant_rank"": 2}, {""entry_id"": ""S4"", ""category"": ""Sextant fixture (sextant)"", ""ndcg5"": 1.0, ""mrr5"": 1.0, ""hit3"": 1, ""hit1"": 1, ""first_relevant_rank"": 1}, {""entry_id"": ""S5"", ""category"": ""Sextant fixture (invoice)"", ""ndcg5"": 1.0, ""mrr5"": 1.0, ""hit3"": 1, ""hit1"": 1, ""first_relevant_rank"": 1}, {""entry_id"": ""S6"", ""category"": ""Sextant fixture (guide)"", ""ndcg5"": 1.0, ""mrr5"": 1.0, ""hit3"": 1, ""hit1"": 1, ""first_relevant_rank"": 1}]","{""Sextant fixture (astrolabe)"": ""CategoryMetrics(category='Sextant fixture (astrolabe)', count=2, mean_ndcg5=1.0, mean_mrr5=1.0, hit3_rate=1.0, hit1_rate=1.0)"", ""Sextant fixture (sextant)"": ""CategoryMetrics(category='Sextant fixture (sextant)', count=2, mean_ndcg5=0.8154648767857288, mean_mrr5=0.75, hit3_rate=1.0, hit1_rate=0.5)"", ""Sextant fixture (invoice)"": ""CategoryMetrics(category='Sextant fixture (invoice)', count=1, mean_ndcg5=1.0, mean_mrr5=1.0, hit3_rate=1.0, hit1_rate=1.0)"", ""Sextant fixture (guide)"": ""CategoryMetrics(category='Sextant fixture (guide)', count=1, mean_ndcg5=1.0, mean_mrr5=1.0, hit3_rate=1.0, hit1_rate=1.0)""}"
rrfK=60,rrfK,60,sextant,6,0.6551127596788988,0.5416666666666666,0.8333333333333334,0.3333333333333333,"[{""entry_id"": ""S1"", ""category"": ""Sextant fixture (astrolabe)"", ""ndcg5"": 1.0, ""mrr5"": 1.0, ""hit3"": 1, ""hit1"": 1, ""first_relevant_rank"": 1}, {""entry_id"": ""S2"", ""category"": ""Sextant fixture (astrolabe)"", ""ndcg5"": 0.5, ""mrr5"": 0.3333333333333333, ""hit3"": 1, ""hit1"": 0, ""first_relevant_rank"": 3}, {""entry_id"": ""S3"", ""category"": ""Sextant fixture (sextant)"", ""ndcg5"": 0.43067655807339306, ""mrr5"": 0.25, ""hit3"": 0, ""hit1"": 0, ""first_relevant_rank"": 4}, {""entry_id"": ""S4"", ""category"": ""Sextant fixture (sextant)"", ""ndcg5"": 0.5, ""mrr5"": 0.3333333333333333, ""hit3"": 1, ""hit1"": 0, ""first_relevant_rank"": 3}, {""entry_id"": ""S5"", ""category"": ""Sextant fixture (invoice)"", ""ndcg5"": 0.5, ""mrr5"": 0.3333333333333333, ""hit3"": 1, ""hit1"": 0, ""first_relevant_rank"": 3}, {""entry_id"": ""S6"", ""category"": ""Sextant fixture (guide)"", ""ndcg5"": 1.0, ""mrr5"": 1.0, ""hit3"": 1, ""hit1"": 1, ""first_relevant_rank"": 1}]","{""Sextant fixture (astrolabe)"": ""CategoryMetrics(category='Sextant fixture (astrolabe)', count=2, mean_ndcg5=0.75, mean_mrr5=0.6666666666666666, hit3_rate=1.0, hit1_rate=0.5)"", ""Sextant fixture (sextant)"": ""CategoryMetrics(category='Sextant fixture (sextant)', count=2, mean_ndcg5=0.46533827903669656, mean_mrr5=0.29166666666666663, hit3_rate=0.5, hit1_rate=0.0)"", ""Sextant fixture (invoice)"": ""CategoryMetrics(category='Sextant fixture (invoice)', count=1, mean_ndcg5=0.5, mean_mrr5=0.3333333333333333, hit3_rate=1.0, hit1_rate=0.0)"", ""Sextant fixture (guide)"": ""CategoryMetrics(category='Sextant fixture (guide)', count=1, mean_ndcg5=1.0, mean_mrr5=1.0, hit3_rate=1.0, hit1_rate=1.0)""}"
rrfK=120,rrfK,120,sextant,6,0.5717794263455654,0.4305555555555555,0.8333333333333334,0.16666666666666666,"[{""entry_id"": ""S1"", ""category"": ""Sextant fixture (astrolabe)"", ""ndcg5"": 0.5, ""mrr5"": 0.3333333333333333, ""hit3"": 1, ""hit1"": 0, ""first_relevant_rank"": 3}, {""entry_id"": ""S2"", ""category"": ""Sextant fixture (astrolabe)"", ""ndcg5"": 0.5, ""mrr5"": 0.3333333333333333, ""hit3"": 1, ""hit1"": 0, ""first_relevant_rank"": 3}, {""entry_id"": ""S3"", ""category"": ""Sextant fixture (sextant)"", ""ndcg5"": 0.43067655807339306, ""mrr5"": 0.25, ""hit3"": 0, ""hit1"": 0, ""first_relevant_rank"": 4}, {""entry_id"": ""S4"", ""category"": ""Sextant fixture (sextant)"", ""ndcg5"": 0.5, ""mrr5"": 0.3333333333333333, ""hit3"": 1, ""hit1"": 0, ""first_relevant_rank"": 3}, {""entry_id"": ""S5"", ""category"": ""Sextant fixture (invoice)"", ""ndcg5"": 0.5, ""mrr5"": 0.3333333333333333, ""hit3"": 1, ""hit1"": 0, ""first_relevant_rank"": 3}, {""entry_id"": ""S6"", ""category"": ""Sextant fixture (guide)"", ""ndcg5"": 1.0, ""mrr5"": 1.0, ""hit3"": 1, ""hit1"": 1, ""first_relevant_rank"": 1}]","{""Sextant fixture (astrolabe)"": ""CategoryMetrics(category='Sextant fixture (astrolabe)', count=2, mean_ndcg5=0.5, mean_mrr5=0.3333333333333333, hit3_rate=1.0, hit1_rate=0.0)"", ""Sextant fixture (sextant)"": ""CategoryMetrics(category='Sextant fixture (sextant)', count=2, mean_ndcg5=0.46533827903669656, mean_mrr5=0.29166666666666663, hit3_rate=0.5, hit1_rate=0.0)"", ""Sextant fixture (invoice)"": ""CategoryMetrics(category='Sextant fixture (invoice)', count=1, mean_ndcg5=0.5, mean_mrr5=0.3333333333333333, hit3_rate=1.0, hit1_rate=0.0)"", ""Sextant fixture (guide)"": ""CategoryMetrics(category='Sextant fixture (guide)', count=1, mean_ndcg5=1.0, mean_mrr5=1.0, hit3_rate=1.0, hit1_rate=1.0)""}"
rrfK=200,rrfK,200,sextant,6,0.5717794263455654,0.4305555555555555,0.8333333333333334,0.16666666666666666,"[{""entry_id"": ""S1"", ""category"": ""Sextant fixture (astrolabe)"", ""ndcg5"": 0.5, ""mrr5"": 0.3333333333333333, ""hit3"": 1, ""hit1"": 0, ""first_relevant_rank"": 3}, {""entry_id"": ""S2"", ""category"": ""Sextant fixture (astrolabe)"", ""ndcg5"": 0.5, ""mrr5"": 0.3333333333333333, ""hit3"": 1, ""hit1"": 0, ""first_relevant_rank"": 3}, {""entry_id"": ""S3"", ""category"": ""Sextant fixture (sextant)"", ""ndcg5"": 0.43067655807339306, ""mrr5"": 0.25, ""hit3"": 0, ""hit1"": 0, ""first_relevant_rank"": 4}, {""entry_id"": ""S4"", ""category"": ""Sextant fixture (sextant)"", ""ndcg5"": 0.5, ""mrr5"": 0.3333333333333333, ""hit3"": 1, ""hit1"": 0, ""first_relevant_rank"": 3}, {""entry_id"": ""S5"", ""category"": ""Sextant fixture (invoice)"", ""ndcg5"": 0.5, ""mrr5"": 0.3333333333333333, ""hit3"": 1, ""hit1"": 0, ""first_relevant_rank"": 3}, {""entry_id"": ""S6"", ""category"": ""Sextant fixture (guide)"", ""ndcg5"": 1.0, ""mrr5"": 1.0, ""hit3"": 1, ""hit1"": 1, ""first_relevant_rank"": 1}]","{""Sextant fixture (astrolabe)"": ""CategoryMetrics(category='Sextant fixture (astrolabe)', count=2, mean_ndcg5=0.5, mean_mrr5=0.3333333333333333, hit3_rate=1.0, hit1_rate=0.0)"", ""Sextant fixture (sextant)"": ""CategoryMetrics(category='Sextant fixture (sextant)', count=2, mean_ndcg5=0.46533827903669656, mean_mrr5=0.29166666666666663, hit3_rate=0.5, hit1_rate=0.0)"", ""Sextant fixture (invoice)"": ""CategoryMetrics(category='Sextant fixture (invoice)', count=1, mean_ndcg5=0.5, mean_mrr5=0.3333333333333333, hit3_rate=1.0, hit1_rate=0.0)"", ""Sextant fixture (guide)"": ""CategoryMetrics(category='Sextant fixture (guide)', count=1, mean_ndcg5=1.0, mean_mrr5=1.0, hit3_rate=1.0, hit1_rate=1.0)""}"
ftsWeight=0,ftsWeight,0,sextant,6,0.75,0.6666666666666666,1.0,0.5,"[{""entry_id"": ""S1"", ""category"": ""Sextant fixture (astrolabe)"", ""ndcg5"": 1.0, ""mrr5"": 1.0, ""hit3"": 1, ""hit1"": 1, ""first_relevant_rank"": 1}, {""entry_id"": ""S2"", ""category"": ""Sextant fixture (astrolabe)"", ""ndcg5"": 1.0, ""mrr5"": 1.0, ""hit3"": 1, ""hit1"": 1, ""first_relevant_rank"": 1}, {""entry_id"": ""S3"", ""category"": ""Sextant fixture (sextant)"", ""ndcg5"": 0.5, ""mrr5"": 0.3333333333333333, ""hit3"": 1, ""hit1"": 0, ""first_relevant_rank"": 3}, {""entry_id"": ""S4"", ""category"": ""Sextant fixture (sextant)"", ""ndcg5"": 0.5, ""mrr5"": 0.3333333333333333, ""hit3"": 1, ""hit1"": 0, ""first_relevant_rank"": 3}, {""entry_id"": ""S5"", ""category"": ""Sextant fixture (invoice)"", ""ndcg5"": 0.5, ""mrr5"": 0.3333333333333333, ""hit3"": 1, ""hit1"": 0, ""first_relevant_rank"": 3}, {""entry_id"": ""S6"", ""category"": ""Sextant fixture (guide)"", ""ndcg5"": 1.0, ""mrr5"": 1.0, ""hit3"": 1, ""hit1"": 1, ""first_relevant_rank"": 1}]","{""Sextant fixture (astrolabe)"": ""CategoryMetrics(category='Sextant fixture (astrolabe)', count=2, mean_ndcg5=1.0, mean_mrr5=1.0, hit3_rate=1.0, hit1_rate=1.0)"", ""Sextant fixture (sextant)"": ""CategoryMetrics(category='Sextant fixture (sextant)', count=2, mean_ndcg5=0.5, mean_mrr5=0.3333333333333333, hit3_rate=1.0, hit1_rate=0.0)"", ""Sextant fixture (invoice)"": ""CategoryMetrics(category='Sextant fixture (invoice)', count=1, mean_ndcg5=0.5, mean_mrr5=0.3333333333333333, hit3_rate=1.0, hit1_rate=0.0)"", ""Sextant fixture (guide)"": ""CategoryMetrics(category='Sextant fixture (guide)', count=1, mean_ndcg5=1.0, mean_mrr5=1.0, hit3_rate=1.0, hit1_rate=1.0)""}"
ftsWeight=1,ftsWeight,1,sextant,6,0.6551127596788988,0.5416666666666666,0.8333333333333334,0.3333333333333333,"[{""entry_id"": ""S1"", ""category"": ""Sextant fixture (astrolabe)"", ""ndcg5"": 1.0, ""mrr5"": 1.0, ""hit3"": 1, ""hit1"": 1, ""first_relevant_rank"": 1}, {""entry_id"": ""S2"", ""category"": ""Sextant fixture (astrolabe)"", ""ndcg5"": 0.5, ""mrr5"": 0.3333333333333333, ""hit3"": 1, ""hit1"": 0, ""first_relevant_rank"": 3}, {""entry_id"": ""S3"", ""category"": ""Sextant fixture (sextant)"", ""ndcg5"": 0.43067655807339306, ""mrr5"": 0.25, ""hit3"": 0, ""hit1"": 0, ""first_relevant_rank"": 4}, {""entry_id"": ""S4"", ""category"": ""Sextant fixture (sextant)"", ""ndcg5"": 0.5, ""mrr5"": 0.3333333333333333, ""hit3"": 1, ""hit1"": 0, ""first_relevant_rank"": 3}, {""entry_id"": ""S5"", ""category"": ""Sextant fixture (invoice)"", ""ndcg5"": 0.5, ""mrr5"": 0.3333333333333333, ""hit3"": 1, ""hit1"": 0, ""first_relevant_rank"": 3}, {""entry_id"": ""S6"", ""category"": ""Sextant fixture (guide)"", ""ndcg5"": 1.0, ""mrr5"": 1.0, ""hit3"": 1, ""hit1"": 1, ""first_relevant_rank"": 1}]","{""Sextant fixture (astrolabe)"": ""CategoryMetrics(category='Sextant fixture (astrolabe)', count=2, mean_ndcg5=0.75, mean_mrr5=0.6666666666666666, hit3_rate=1.0, hit1_rate=0.5)"", ""Sextant fixture (sextant)"": ""CategoryMetrics(category='Sextant fixture (sextant)', count=2, mean_ndcg5=0.46533827903669656, mean_mrr5=0.29166666666666663, hit3_rate=0.5, hit1_rate=0.0)"", ""Sextant fixture (invoice)"": ""CategoryMetrics(category='Sextant fixture (invoice)', count=1, mean_ndcg5=0.5, mean_mrr5=0.3333333333333333, hit3_rate=1.0, hit1_rate=0.0)"", ""Sextant fixture (guide)"": ""CategoryMetrics(category='Sextant fixture (guide)', count=1, mean_ndcg5=1.0, mean_mrr5=1.0, hit3_rate=1.0, hit1_rate=1.0)""}"
ftsWeight=2,ftsWeight,2,sextant,6,0.6551127596788988,0.5416666666666666,0.8333333333333334,0.3333333333333333,"[{""entry_id"": ""S1"", ""category"": ""Sextant fixture (astrolabe)"", ""ndcg5"": 1.0, ""mrr5"": 1.0, ""hit3"": 1, ""hit1"": 1, ""first_relevant_rank"": 1}, {""entry_id"": ""S2"", ""category"": ""Sextant fixture (astrolabe)"", ""ndcg5"": 0.5, ""mrr5"": 0.3333333333333333, ""hit3"": 1, ""hit1"": 0, ""first_relevant_rank"": 3}, {""entry_id"": ""S3"", ""category"": ""Sextant fixture (sextant)"", ""ndcg5"": 0.43067655807339306, ""mrr5"": 0.25, ""hit3"": 0, ""hit1"": 0, ""first_relevant_rank"": 4}, {""entry_id"": ""S4"", ""category"": ""Sextant fixture (sextant)"", ""ndcg5"": 0.5, ""mrr5"": 0.3333333333333333, ""hit3"": 1, ""hit1"": 0, ""first_relevant_rank"": 3}, {""entry_id"": ""S5"", ""category"": ""Sextant fixture (invoice)"", ""ndcg5"": 0.5, ""mrr5"": 0.3333333333333333, ""hit3"": 1, ""hit1"": 0, ""first_relevant_rank"": 3}, {""entry_id"": ""S6"", ""category"": ""Sextant fixture (guide)"", ""ndcg5"": 1.0, ""mrr5"": 1.0, ""hit3"": 1, ""hit1"": 1, ""first_relevant_rank"": 1}]","{""Sextant fixture (astrolabe)"": ""CategoryMetrics(category='Sextant fixture (astrolabe)', count=2, mean_ndcg5=0.75, mean_mrr5=0.6666666666666666, hit3_rate=1.0, hit1_rate=0.5)"", ""Sextant fixture (sextant)"": ""CategoryMetrics(category='Sextant fixture (sextant)', count=2, mean_ndcg5=0.46533827903669656, mean_mrr5=0.29166666666666663, hit3_rate=0.5, hit1_rate=0.0)"", ""Sextant fixture (invoice)"": ""CategoryMetrics(category='Sextant fixture (invoice)', count=1, mean_ndcg5=0.5, mean_mrr5=0.3333333333333333, hit3_rate=1.0, hit1_rate=0.0)"", ""Sextant fixture (guide)"": ""CategoryMetrics(category='Sextant fixture (guide)', count=1, mean_ndcg5=1.0, mean_mrr5=1.0, hit3_rate=1.0, hit1_rate=1.0)""}"
ftsWeight=3,ftsWeight,3,sextant,6,0.6362548942179891,0.5194444444444445,0.6666666666666666,0.3333333333333333,"[{""entry_id"": ""S1"", ""category"": ""Sextant fixture (astrolabe)"", ""ndcg5"": 1.0, ""mrr5"": 1.0, ""hit3"": 1, ""hit1"": 1, ""first_relevant_rank"": 1}, {""entry_id"": ""S2"", ""category"": ""Sextant fixture (astrolabe)"", ""ndcg5"": 0.5, ""mrr5"": 0.3333333333333333, ""hit3"": 1, ""hit1"": 0, ""first_relevant_rank"": 3}, {""entry_id"": ""S3"", ""category"": ""Sextant fixture (sextant)"", ""ndcg5"": 0.38685280723454163, ""mrr5"": 0.2, ""hit3"": 0, ""hit1"": 0, ""first_relevant_rank"": 5}, {""entry_id"": ""S4"", ""category"": ""Sextant fixture (sextant)"", ""ndcg5"": 0.43067655807339306, ""mrr5"": 0.25, ""hit3"": 0, ""hit1"": 0, ""first_relevant_rank"": 4}, {""entry_id"": ""S5"", ""category"": ""Sextant fixture (invoice)"", ""ndcg5"": 0.5, ""mrr5"": 0.3333333333333333, ""hit3"": 1, ""hit1"": 0, ""first_relevant_rank"": 3}, {""entry_id"": ""S6"", ""category"": ""Sextant fixture (guide)"", ""ndcg5"": 1.0, ""mrr5"": 1.0, ""hit3"": 1, ""hit1"": 1, ""first_relevant_rank"": 1}]","{""Sextant fixture (astrolabe)"": ""CategoryMetrics(category='Sextant fixture (astrolabe)', count=2, mean_ndcg5=0.75, mean_mrr5=0.6666666666666666, hit3_rate=1.0, hit1_rate=0.5)"", ""Sextant fixture (sextant)"": ""CategoryMetrics(category='Sextant fixture (sextant)', count=2, mean_ndcg5=0.40876468265396737, mean_mrr5=0.225, hit3_rate=0.0, hit1_rate=0.0)"", ""Sextant fixture (invoice)"": ""CategoryMetrics(category='Sextant fixture (invoice)', count=1, mean_ndcg5=0.5, mean_mrr5=0.3333333333333333, hit3_rate=1.0, hit1_rate=0.0)"", ""Sextant fixture (guide)"": ""CategoryMetrics(category='Sextant fixture (guide)', count=1, mean_ndcg5=1.0, mean_mrr5=1.0, hit3_rate=1.0, hit1_rate=1.0)""}"
ftsWeight=5,ftsWeight,5,sextant,6,0.6362548942179891,0.5194444444444445,0.6666666666666666,0.3333333333333333,"[{""entry_id"": ""S1"", ""category"": ""Sextant fixture (astrolabe)"", ""ndcg5"": 1.0, ""mrr5"": 1.0, ""hit3"": 1, ""hit1"": 1, ""first_relevant_rank"": 1}, {""entry_id"": ""S2"", ""category"": ""Sextant fixture (astrolabe)"", ""ndcg5"": 0.5, ""mrr5"": 0.3333333333333333, ""hit3"": 1, ""hit1"": 0, ""first_relevant_rank"": 3}, {""entry_id"": ""S3"", ""category"": ""Sextant fixture (sextant)"", ""ndcg5"": 0.38685280723454163, ""mrr5"": 0.2, ""hit3"": 0, ""hit1"": 0, ""first_relevant_rank"": 5}, {""entry_id"": ""S4"", ""category"": ""Sextant fixture (sextant)"", ""ndcg5"": 0.43067655807339306, ""mrr5"": 0.25, ""hit3"": 0, ""hit1"": 0, ""first_relevant_rank"": 4}, {""entry_id"": ""S5"", ""category"": ""Sextant fixture (invoice)"", ""ndcg5"": 0.5, ""mrr5"": 0.3333333333333333, ""hit3"": 1, ""hit1"": 0, ""first_relevant_rank"": 3}, {""entry_id"": ""S6"", ""category"": ""Sextant fixture (guide)"", ""ndcg5"": 1.0, ""mrr5"": 1.0, ""hit3"": 1, ""hit1"": 1, ""first_relevant_rank"": 1}]","{""Sextant fixture (astrolabe)"": ""CategoryMetrics(category='Sextant fixture (astrolabe)', count=2, mean_ndcg5=0.75, mean_mrr5=0.6666666666666666, hit3_rate=1.0, hit1_rate=0.5)"", ""Sextant fixture (sextant)"": ""CategoryMetrics(category='Sextant fixture (sextant)', count=2, mean_ndcg5=0.40876468265396737, mean_mrr5=0.225, hit3_rate=0.0, hit1_rate=0.0)"", ""Sextant fixture (invoice)"": ""CategoryMetrics(category='Sextant fixture (invoice)', count=1, mean_ndcg5=0.5, mean_mrr5=0.3333333333333333, hit3_rate=1.0, hit1_rate=0.0)"", ""Sextant fixture (guide)"": ""CategoryMetrics(category='Sextant fixture (guide)', count=1, mean_ndcg5=1.0, mean_mrr5=1.0, hit3_rate=1.0, hit1_rate=1.0)""}"
ftsWeight=10,ftsWeight,10,sextant,6,0.6289509357448472,0.5111111111111111,0.6666666666666666,0.3333333333333333,"[{""entry_id"": ""S1"", ""category"": ""Sextant fixture (astrolabe)"", ""ndcg5"": 1.0, ""mrr5"": 1.0, ""hit3"": 1, ""hit1"": 1, ""first_relevant_rank"": 1}, {""entry_id"": ""S2"", ""category"": ""Sextant fixture (astrolabe)"", ""ndcg5"": 0.5, ""mrr5"": 0.3333333333333333, ""hit3"": 1, ""hit1"": 0, ""first_relevant_rank"": 3}, {""entry_id"": ""S3"", ""category"": ""Sextant fixture (sextant)"", ""ndcg5"": 0.38685280723454163, ""mrr5"": 0.2, ""hit3"": 0, ""hit1"": 0, ""first_relevant_rank"": 5}, {""entry_id"": ""S4"", ""category"": ""Sextant fixture (sextant)"", ""ndcg5"": 0.38685280723454163, ""mrr5"": 0.2, ""hit3"": 0, ""hit1"": 0, ""first_relevant_rank"": 5}, {""entry_id"": ""S5"", ""category"": ""Sextant fixture (invoice)"", ""ndcg5"": 0.5, ""mrr5"": 0.3333333333333333, ""hit3"": 1, ""hit1"": 0, ""first_relevant_rank"": 3}, {""entry_id"": ""S6"", ""category"": ""Sextant fixture (guide)"", ""ndcg5"": 1.0, ""mrr5"": 1.0, ""hit3"": 1, ""hit1"": 1, ""first_relevant_rank"": 1}]","{""Sextant fixture (astrolabe)"": ""CategoryMetrics(category='Sextant fixture (astrolabe)', count=2, mean_ndcg5=0.75, mean_mrr5=0.6666666666666666, hit3_rate=1.0, hit1_rate=0.5)"", ""Sextant fixture (sextant)"": ""CategoryMetrics(category='Sextant fixture (sextant)', count=2, mean_ndcg5=0.38685280723454163, mean_mrr5=0.2, hit3_rate=0.0, hit1_rate=0.0)"", ""Sextant fixture (invoice)"": ""CategoryMetrics(category='Sextant fixture (invoice)', count=1, mean_ndcg5=0.5, mean_mrr5=0.3333333333333333, hit3_rate=1.0, hit1_rate=0.0)"", ""Sextant fixture (guide)"": ""CategoryMetrics(category='Sextant fixture (guide)', count=1, mean_ndcg5=1.0, mean_mrr5=1.0, hit3_rate=1.0, hit1_rate=1.0)""}"
vectorWeight=0,vectorWeight,0,sextant,6,0.6289509357448472,0.5111111111111111,0.6666666666666666,0.3333333333333333,"[{""entry_id"": ""S1"", ""category"": ""Sextant fixture (astrolabe)"", ""ndcg5"": 1.0, ""mrr5"": 1.0, ""hit3"": 1, ""hit1"": 1, ""first_relevant_rank"": 1}, {""entry_id"": ""S2"", ""category"": ""Sextant fixture (astrolabe)"", ""ndcg5"": 0.5, ""mrr5"": 0.3333333333333333, ""hit3"": 1, ""hit1"": 0, ""first_relevant_rank"": 3}, {""entry_id"": ""S3"", ""category"": ""Sextant fixture (sextant)"", ""ndcg5"": 0.38685280723454163, ""mrr5"": 0.2, ""hit3"": 0, ""hit1"": 0, ""first_relevant_rank"": 5}, {""entry_id"": ""S4"", ""category"": ""Sextant fixture (sextant)"", ""ndcg5"": 0.38685280723454163, ""mrr5"": 0.2, ""hit3"": 0, ""hit1"": 0, ""first_relevant_rank"": 5}, {""entry_id"": ""S5"", ""category"": ""Sextant fixture (invoice)"", ""ndcg5"": 0.5, ""mrr5"": 0.3333333333333333, ""hit3"": 1, ""hit1"": 0, ""first_relevant_rank"": 3}, {""entry_id"": ""S6"", ""category"": ""Sextant fixture (guide)"", ""ndcg5"": 1.0, ""mrr5"": 1.0, ""hit3"": 1, ""hit1"": 1, ""first_relevant_rank"": 1}]","{""Sextant fixture (astrolabe)"": ""CategoryMetrics(category='Sextant fixture (astrolabe)', count=2, mean_ndcg5=0.75, mean_mrr5=0.6666666666666666, hit3_rate=1.0, hit1_rate=0.5)"", ""Sextant fixture (sextant)"": ""CategoryMetrics(category='Sextant fixture (sextant)', count=2, mean_ndcg5=0.38685280723454163, mean_mrr5=0.2, hit3_rate=0.0, hit1_rate=0.0)"", ""Sextant fixture (invoice)"": ""CategoryMetrics(category='Sextant fixture (invoice)', count=1, mean_ndcg5=0.5, mean_mrr5=0.3333333333333333, hit3_rate=1.0, hit1_rate=0.0)"", ""Sextant fixture (guide)"": ""CategoryMetrics(category='Sextant fixture (guide)', count=1, mean_ndcg5=1.0, mean_mrr5=1.0, hit3_rate=1.0, hit1_rate=1.0)""}"
vectorWeight=1,vectorWeight,1,sextant,6,0.6551127596788988,0.5416666666666666,0.8333333333333334,0.3333333333333333,"[{""entry_id"": ""S1"", ""category"": ""Sextant fixture (astrolabe)"", ""ndcg5"": 1.0, ""mrr5"": 1.0, ""hit3"": 1, ""hit1"": 1, ""first_relevant_rank"": 1}, {""entry_id"": ""S2"", ""category"": ""Sextant fixture (astrolabe)"", ""ndcg5"": 0.5, ""mrr5"": 0.3333333333333333, ""hit3"": 1, ""hit1"": 0, ""first_relevant_rank"": 3}, {""entry_id"": ""S3"", ""category"": ""Sextant fixture (sextant)"", ""ndcg5"": 0.43067655807339306, ""mrr5"": 0.25, ""hit3"": 0, ""hit1"": 0, ""first_relevant_rank"": 4}, {""entry_id"": ""S4"", ""category"": ""Sextant fixture (sextant)"", ""ndcg5"": 0.5, ""mrr5"": 0.3333333333333333, ""hit3"": 1, ""hit1"": 0, ""first_relevant_rank"": 3}, {""entry_id"": ""S5"", ""category"": ""Sextant fixture (invoice)"", ""ndcg5"": 0.5, ""mrr5"": 0.3333333333333333, ""hit3"": 1, ""hit1"": 0, ""first_relevant_rank"": 3}, {""entry_id"": ""S6"", ""category"": ""Sextant fixture (guide)"", ""ndcg5"": 1.0, ""mrr5"": 1.0, ""hit3"": 1, ""hit1"": 1, ""first_relevant_rank"": 1}]","{""Sextant fixture (astrolabe)"": ""CategoryMetrics(category='Sextant fixture (astrolabe)', count=2, mean_ndcg5=0.75, mean_mrr5=0.6666666666666666, hit3_rate=1.0, hit1_rate=0.5)"", ""Sextant fixture (sextant)"": ""CategoryMetrics(category='Sextant fixture (sextant)', count=2, mean_ndcg5=0.46533827903669656, mean_mrr5=0.29166666666666663, hit3_rate=0.5, hit1_rate=0.0)"", ""Sextant fixture (invoice)"": ""CategoryMetrics(category='Sextant fixture (invoice)', count=1, mean_ndcg5=0.5, mean_mrr5=0.3333333333333333, hit3_rate=1.0, hit1_rate=0.0)"", ""Sextant fixture (guide)"": ""CategoryMetrics(category='Sextant fixture (guide)', count=1, mean_ndcg5=1.0, mean_mrr5=1.0, hit3_rate=1.0, hit1_rate=1.0)""}"
vectorWeight=2,vectorWeight,2,sextant,6,0.643558852691131,0.5277777777777778,0.6666666666666666,0.3333333333333333,"[{""entry_id"": ""S1"", ""category"": ""Sextant fixture (astrolabe)"", ""ndcg5"": 1.0, ""mrr5"": 1.0, ""hit3"": 1, ""hit1"": 1, ""first_relevant_rank"": 1}, {""entry_id"": ""S2"", ""category"": ""Sextant fixture (astrolabe)"", ""ndcg5"": 0.5, ""mrr5"": 0.3333333333333333, ""hit3"": 1, ""hit1"": 0, ""first_relevant_rank"": 3}, {""entry_id"": ""S3"", ""category"": ""Sextant fixture (sextant)"", ""ndcg5"": 0.43067655807339306, ""mrr5"": 0.25, ""hit3"": 0, ""hit1"": 0, ""first_relevant_rank"": 4}, {""entry_id"": ""S4"", ""category"": ""Sextant fixture (sextant)"", ""ndcg5"": 0.43067655807339306, ""mrr5"": 0.25, ""hit3"": 0, ""hit1"": 0, ""first_relevant_rank"": 4}, {""entry_id"": ""S5"", ""category"": ""Sextant fixture (invoice)"", ""ndcg5"": 0.5, ""mrr5"": 0.3333333333333333, ""hit3"": 1, ""hit1"": 0, ""first_relevant_rank"": 3}, {""entry_id"": ""S6"", ""category"": ""Sextant fixture (guide)"", ""ndcg5"": 1.0, ""mrr5"": 1.0, ""hit3"": 1, ""hit1"": 1, ""first_relevant_rank"": 1}]","{""Sextant fixture (astrolabe)"": ""CategoryMetrics(category='Sextant fixture (astrolabe)', count=2, mean_ndcg5=0.75, mean_mrr5=0.6666666666666666, hit3_rate=1.0, hit1_rate=0.5)"", ""Sextant fixture (sextant)"": ""CategoryMetrics(category='Sextant fixture (sextant)', count=2, mean_ndcg5=0.43067655807339306, mean_mrr5=0.25, hit3_rate=0.0, hit1_rate=0.0)"", ""Sextant fixture (invoice)"": ""CategoryMetrics(category='Sextant fixture (invoice)', count=1, mean_ndcg5=0.5, mean_mrr5=0.3333333333333333, hit3_rate=1.0, hit1_rate=0.0)"", ""Sextant fixture (guide)"": ""CategoryMetrics(category='Sextant fixture (guide)', count=1, mean_ndcg5=1.0, mean_mrr5=1.0, hit3_rate=1.0, hit1_rate=1.0)""}"
vectorWeight=3,vectorWeight,3,sextant,6,0.643558852691131,0.5277777777777778,0.6666666666666666,0.3333333333333333,"[{""entry_id"": ""S1"", ""category"": ""Sextant fixture (astrolabe)"", ""ndcg5"": 1.0, ""mrr5"": 1.0, ""hit3"": 1, ""hit1"": 1, ""first_relevant_rank"": 1}, {""entry_id"": ""S2"", ""category"": ""Sextant fixture (astrolabe)"", ""ndcg5"": 0.5, ""mrr5"": 0.3333333333333333, ""hit3"": 1, ""hit1"": 0, ""first_relevant_rank"": 3}, {""entry_id"": ""S3"", ""category"": ""Sextant fixture (sextant)"", ""ndcg5"": 0.43067655807339306, ""mrr5"": 0.25, ""hit3"": 0, ""hit1"": 0, ""first_relevant_rank"": 4}, {""entry_id"": ""S4"", ""category"": ""Sextant fixture (sextant)"", ""ndcg5"": 0.43067655807339306, ""mrr5"": 0.25, ""hit3"": 0, ""hit1"": 0, ""first_relevant_rank"": 4}, {""entry_id"": ""S5"", ""category"": ""Sextant fixture (invoice)"", ""ndcg5"": 0.5, ""mrr5"": 0.3333333333333333, ""hit3"": 1, ""hit1"": 0, ""first_relevant_rank"": 3}, {""entry_id"": ""S6"", ""category"": ""Sextant fixture (guide)"", ""ndcg5"": 1.0, ""mrr5"": 1.0, ""hit3"": 1, ""hit1"": 1, ""first_relevant_rank"": 1}]","{""Sextant fixture (astrolabe)"": ""CategoryMetrics(category='Sextant fixture (astrolabe)', count=2, mean_ndcg5=0.75, mean_mrr5=0.6666666666666666, hit3_rate=1.0, hit1_rate=0.5)"", ""Sextant fixture (sextant)"": ""CategoryMetrics(category='Sextant fixture (sextant)', count=2, mean_ndcg5=0.43067655807339306, mean_mrr5=0.25, hit3_rate=0.0, hit1_rate=0.0)"", ""Sextant fixture (invoice)"": ""CategoryMetrics(category='Sextant fixture (invoice)', count=1, mean_ndcg5=0.5, mean_mrr5=0.3333333333333333, hit3_rate=1.0, hit1_rate=0.0)"", ""Sextant fixture (guide)"": ""CategoryMetrics(category='Sextant fixture (guide)', count=1, mean_ndcg5=1.0, mean_mrr5=1.0, hit3_rate=1.0, hit1_rate=1.0)""}"
vectorWeight=5,vectorWeight,5,sextant,6,0.643558852691131,0.5277777777777778,0.6666666666666666,0.3333333333333333,"[{""entry_id"": ""S1"", ""category"": ""Sextant fixture (astrolabe)"", ""ndcg5"": 1.0, ""mrr5"": 1.0, ""hit3"": 1, ""hit1"": 1, ""first_relevant_rank"": 1}, {""entry_id"": ""S2"", ""category"": ""Sextant fixture (astrolabe)"", ""ndcg5"": 0.5, ""mrr5"": 0.3333333333333333, ""hit3"": 1, ""hit1"": 0, ""first_relevant_rank"": 3}, {""entry_id"": ""S3"", ""category"": ""Sextant fixture (sextant)"", ""ndcg5"": 0.43067655807339306, ""mrr5"": 0.25, ""hit3"": 0, ""hit1"": 0, ""first_relevant_rank"": 4}, {""entry_id"": ""S4"", ""category"": ""Sextant fixture (sextant)"", ""ndcg5"": 0.43067655807339306, ""mrr5"": 0.25, ""hit3"": 0, ""hit1"": 0, ""first_relevant_rank"": 4}, {""entry_id"": ""S5"", ""category"": ""Sextant fixture (invoice)"", ""ndcg5"": 0.5, ""mrr5"": 0.3333333333333333, ""hit3"": 1, ""hit1"": 0, ""first_relevant_rank"": 3}, {""entry_id"": ""S6"", ""category"": ""Sextant fixture (guide)"", ""ndcg5"": 1.0, ""mrr5"": 1.0, ""hit3"": 1, ""hit1"": 1, ""first_relevant_rank"": 1}]","{""Sextant fixture (astrolabe)"": ""CategoryMetrics(category='Sextant fixture (astrolabe)', count=2, mean_ndcg5=0.75, mean_mrr5=0.6666666666666666, hit3_rate=1.0, hit1_rate=0.5)"", ""Sextant fixture (sextant)"": ""CategoryMetrics(category='Sextant fixture (sextant)', count=2, mean_ndcg5=0.43067655807339306, mean_mrr5=0.25, hit3_rate=0.0, hit1_rate=0.0)"", ""Sextant fixture (invoice)"": ""CategoryMetrics(category='Sextant fixture (invoice)', count=1, mean_ndcg5=0.5, mean_mrr5=0.3333333333333333, hit3_rate=1.0, hit1_rate=0.0)"", ""Sextant fixture (guide)"": ""CategoryMetrics(category='Sextant fixture (guide)', count=1, mean_ndcg5=1.0, mean_mrr5=1.0, hit3_rate=1.0, hit1_rate=1.0)""}"
vectorWeight=10,vectorWeight,10,sextant,6,0.643558852691131,0.5277777777777778,0.6666666666666666,0.3333333333333333,"[{""entry_id"": ""S1"", ""category"": ""Sextant fixture (astrolabe)"", ""ndcg5"": 1.0, ""mrr5"": 1.0, ""hit3"": 1, ""hit1"": 1, ""first_relevant_rank"": 1}, {""entry_id"": ""S2"", ""category"": ""Sextant fixture (astrolabe)"", ""ndcg5"": 0.5, ""mrr5"": 0.3333333333333333, ""hit3"": 1, ""hit1"": 0, ""first_relevant_rank"": 3}, {""entry_id"": ""S3"", ""category"": ""Sextant fixture (sextant)"", ""ndcg5"": 0.43067655807339306, ""mrr5"": 0.25, ""hit3"": 0, ""hit1"": 0, ""first_relevant_rank"": 4}, {""entry_id"": ""S4"", ""category"": ""Sextant fixture (sextant)"", ""ndcg5"": 0.43067655807339306, ""mrr5"": 0.25, ""hit3"": 0, ""hit1"": 0, ""first_relevant_rank"": 4}, {""entry_id"": ""S5"", ""category"": ""Sextant fixture (invoice)"", ""ndcg5"": 0.5, ""mrr5"": 0.3333333333333333, ""hit3"": 1, ""hit1"": 0, ""first_relevant_rank"": 3}, {""entry_id"": ""S6"", ""category"": ""Sextant fixture (guide)"", ""ndcg5"": 1.0, ""mrr5"": 1.0, ""hit3"": 1, ""hit1"": 1, ""first_relevant_rank"": 1}]","{""Sextant fixture (astrolabe)"": ""CategoryMetrics(category='Sextant fixture (astrolabe)', count=2, mean_ndcg5=0.75, mean_mrr5=0.6666666666666666, hit3_rate=1.0, hit1_rate=0.5)"", ""Sextant fixture (sextant)"": ""CategoryMetrics(category='Sextant fixture (sextant)', count=2, mean_ndcg5=0.43067655807339306, mean_mrr5=0.25, hit3_rate=0.0, hit1_rate=0.0)"", ""Sextant fixture (invoice)"": ""CategoryMetrics(category='Sextant fixture (invoice)', count=1, mean_ndcg5=0.5, mean_mrr5=0.3333333333333333, hit3_rate=1.0, hit1_rate=0.0)"", ""Sextant fixture (guide)"": ""CategoryMetrics(category='Sextant fixture (guide)', count=1, mean_ndcg5=1.0, mean_mrr5=1.0, hit3_rate=1.0, hit1_rate=1.0)""}"
sourceLambda=0,sourceLambda,0,sextant,6,0.9384882922619097,0.9166666666666666,1.0,0.8333333333333334,"[{""entry_id"": ""S1"", ""category"": ""Sextant fixture (astrolabe)"", ""ndcg5"": 1.0, ""mrr5"": 1.0, ""hit3"": 1, ""hit1"": 1, ""first_relevant_rank"": 1}, {""entry_id"": ""S2"", ""category"": ""Sextant fixture (astrolabe)"", ""ndcg5"": 1.0, ""mrr5"": 1.0, ""hit3"": 1, ""hit1"": 1, ""first_relevant_rank"": 1}, {""entry_id"": ""S3"", ""category"": ""Sextant fixture (sextant)"", ""ndcg5"": 0.6309297535714575, ""mrr5"": 0.5, ""hit3"": 1, ""hit1"": 0, ""first_relevant_rank"": 2}, {""entry_id"": ""S4"", ""category"": ""Sextant fixture (sextant)"", ""ndcg5"": 1.0, ""mrr5"": 1.0, ""hit3"": 1, ""hit1"": 1, ""first_relevant_rank"": 1}, {""entry_id"": ""S5"", ""category"": ""Sextant fixture (invoice)"", ""ndcg5"": 1.0, ""mrr5"": 1.0, ""hit3"": 1, ""hit1"": 1, ""first_relevant_rank"": 1}, {""entry_id"": ""S6"", ""category"": ""Sextant fixture (guide)"", ""ndcg5"": 1.0, ""mrr5"": 1.0, ""hit3"": 1, ""hit1"": 1, ""first_relevant_rank"": 1}]","{""Sextant fixture (astrolabe)"": ""CategoryMetrics(category='Sextant fixture (astrolabe)', count=2, mean_ndcg5=1.0, mean_mrr5=1.0, hit3_rate=1.0, hit1_rate=1.0)"", ""Sextant fixture (sextant)"": ""CategoryMetrics(category='Sextant fixture (sextant)', count=2, mean_ndcg5=0.8154648767857288, mean_mrr5=0.75, hit3_rate=1.0, hit1_rate=0.5)"", ""Sextant fixture (invoice)"": ""CategoryMetrics(category='Sextant fixture (invoice)', count=1, mean_ndcg5=1.0, mean_mrr5=1.0, hit3_rate=1.0, hit1_rate=1.0)"", ""Sextant fixture (guide)"": ""CategoryMetrics(category='Sextant fixture (guide)', count=1, mean_ndcg5=1.0, mean_mrr5=1.0, hit3_rate=1.0, hit1_rate=1.0)""}"
sourceLambda=0.05,sourceLambda,0.05,sextant,6,0.8333333333333334,0.7777777777777778,1.0,0.6666666666666666,"[{""entry_id"": ""S1"", ""category"": ""Sextant fixture (astrolabe)"", ""ndcg5"": 1.0, ""mrr5"": 1.0, ""hit3"": 1, ""hit1"": 1, ""first_relevant_rank"": 1}, {""entry_id"": ""S2"", ""category"": ""Sextant fixture (astrolabe)"", ""ndcg5"": 1.0, ""mrr5"": 1.0, ""hit3"": 1, ""hit1"": 1, ""first_relevant_rank"": 1}, {""entry_id"": ""S3"", ""category"": ""Sextant fixture (sextant)"", ""ndcg5"": 0.5, ""mrr5"": 0.3333333333333333, ""hit3"": 1, ""hit1"": 0, ""first_relevant_rank"": 3}, {""entry_id"": ""S4"", ""category"": ""Sextant fixture (sextant)"", ""ndcg5"": 1.0, ""mrr5"": 1.0, ""hit3"": 1, ""hit1"": 1, ""first_relevant_rank"": 1}, {""entry_id"": ""S5"", ""category"": ""Sextant fixture (invoice)"", ""ndcg5"": 0.5, ""mrr5"": 0.3333333333333333, ""hit3"": 1, ""hit1"": 0, ""first_relevant_rank"": 3}, {""entry_id"": ""S6"", ""category"": ""Sextant fixture (guide)"", ""ndcg5"": 1.0, ""mrr5"": 1.0, ""hit3"": 1, ""hit1"": 1, ""first_relevant_rank"": 1}]","{""Sextant fixture (astrolabe)"": ""CategoryMetrics(category='Sextant fixture (astrolabe)', count=2, mean_ndcg5=1.0, mean_mrr5=1.0, hit3_rate=1.0, hit1_rate=1.0)"", ""Sextant fixture (sextant)"": ""CategoryMetrics(category='Sextant fixture (sextant)', count=2, mean_ndcg5=0.75, mean_mrr5=0.6666666666666666, hit3_rate=1.0, hit1_rate=0.5)"", ""Sextant fixture (invoice)"": ""CategoryMetrics(category='Sextant fixture (invoice)', count=1, mean_ndcg5=0.5, mean_mrr5=0.3333333333333333, hit3_rate=1.0, hit1_rate=0.0)"", ""Sextant fixture (guide)"": ""CategoryMetrics(category='Sextant fixture (guide)', count=1, mean_ndcg5=1.0, mean_mrr5=1.0, hit3_rate=1.0, hit1_rate=1.0)""}"
sourceLambda=0.1,sourceLambda,0.1,sextant,6,0.6551127596788988,0.5416666666666666,0.8333333333333334,0.3333333333333333,"[{""entry_id"": ""S1"", ""category"": ""Sextant fixture (astrolabe)"", ""ndcg5"": 1.0, ""mrr5"": 1.0, ""hit3"": 1, ""hit1"": 1, ""first_relevant_rank"": 1}, {""entry_id"": ""S2"", ""category"": ""Sextant fixture (astrolabe)"", ""ndcg5"": 0.5, ""mrr5"": 0.3333333333333333, ""hit3"": 1, ""hit1"": 0, ""first_relevant_rank"": 3}, {""entry_id"": ""S3"", ""category"": ""Sextant fixture (sextant)"", ""ndcg5"": 0.43067655807339306, ""mrr5"": 0.25, ""hit3"": 0, ""hit1"": 0, ""first_relevant_rank"": 4}, {""entry_id"": ""S4"", ""category"": ""Sextant fixture (sextant)"", ""ndcg5"": 0.5, ""mrr5"": 0.3333333333333333, ""hit3"": 1, ""hit1"": 0, ""first_relevant_rank"": 3}, {""entry_id"": ""S5"", ""category"": ""Sextant fixture (invoice)"", ""ndcg5"": 0.5, ""mrr5"": 0.3333333333333333, ""hit3"": 1, ""hit1"": 0, ""first_relevant_rank"": 3}, {""entry_id"": ""S6"", ""category"": ""Sextant fixture (guide)"", ""ndcg5"": 1.0, ""mrr5"": 1.0, ""hit3"": 1, ""hit1"": 1, ""first_relevant_rank"": 1}]","{""Sextant fixture (astrolabe)"": ""CategoryMetrics(category='Sextant fixture (astrolabe)', count=2, mean_ndcg5=0.75, mean_mrr5=0.6666666666666666, hit3_rate=1.0, hit1_rate=0.5)"", ""Sextant fixture (sextant)"": ""CategoryMetrics(category='Sextant fixture (sextant)', count=2, mean_ndcg5=0.46533827903669656, mean_mrr5=0.29166666666666663, hit3_rate=0.5, hit1_rate=0.0)"", ""Sextant fixture (invoice)"": ""CategoryMetrics(category='Sextant fixture (invoice)', count=1, mean_ndcg5=0.5, mean_mrr5=0.3333333333333333, hit3_rate=1.0, hit1_rate=0.0)"", ""Sextant fixture (guide)"": ""CategoryMetrics(category='Sextant fixture (guide)', count=1, mean_ndcg5=1.0, mean_mrr5=1.0, hit3_rate=1.0, hit1_rate=1.0)""}"
sourceLambda=0.2,sourceLambda,0.2,sextant,6,0.5936010519408085,0.4583333333333333,0.8333333333333334,0.16666666666666666,"[{""entry_id"": ""S1"", ""category"": ""Sextant fixture (astrolabe)"", ""ndcg5"": 0.6309297535714575, ""mrr5"": 0.5, ""hit3"": 1, ""hit1"": 0, ""first_relevant_rank"": 2}, {""entry_id"": ""S2"", ""category"": ""Sextant fixture (astrolabe)"", ""ndcg5"": 0.5, ""mrr5"": 0.3333333333333333, ""hit3"": 1, ""hit1"": 0, ""first_relevant_rank"": 3}, {""entry_id"": ""S3"", ""category"": ""Sextant fixture (sextant)"", ""ndcg5"": 0.43067655807339306, ""mrr5"": 0.25, ""hit3"": 0, ""hit1"": 0, ""first_relevant_rank"": 4}, {""entry_id"": ""S4"", ""category"": ""Sextant fixture (sextant)"", ""ndcg5"": 0.5, ""mrr5"": 0.3333333333333333, ""hit3"": 1, ""hit1"": 0, ""first_relevant_rank"": 3}, {""entry_id"": ""S5"", ""category"": ""Sextant fixture (invoice)"", ""ndcg5"": 0.5, ""mrr5"": 0.3333333333333333, ""hit3"": 1, ""hit1"": 0, ""first_relevant_rank"": 3}, {""entry_id"": ""S6"", ""category"": ""Sextant fixture (guide)"", ""ndcg5"": 1.0, ""mrr5"": 1.0, ""hit3"": 1, ""hit1"": 1, ""first_relevant_rank"": 1}]","{""Sextant fixture (astrolabe)"": ""CategoryMetrics(category='Sextant fixture (astrolabe)', count=2, mean_ndcg5=0.5654648767857288, mean_mrr5=0.41666666666666663, hit3_rate=1.0, hit1_rate=0.0)"", ""Sextant fixture (sextant)"": ""CategoryMetrics(category='Sextant fixture (sextant)', count=2, mean_ndcg5=0.46533827903669656, mean_mrr5=0.29166666666666663, hit3_rate=0.5, hit1_rate=0.0)"", ""Sextant fixture (invoice)"": ""CategoryMetrics(category='Sextant fixture (invoice)', count=1, mean_ndcg5=0.5, mean_mrr5=0.3333333333333333, hit3_rate=1.0, hit1_rate=0.0)"", ""Sextant fixture (guide)"": ""CategoryMetrics(category='Sextant fixture (guide)', count=1, mean_ndcg5=1.0, mean_mrr5=1.0, hit3_rate=1.0, hit1_rate=1.0)""}"
sourceLambda=0.3,sourceLambda,0.3,sextant,6,0.5936010519408085,0.4583333333333333,0.8333333333333334,0.16666666666666666,"[{""entry_id"": ""S1"", ""category"": ""Sextant fixture (astrolabe)"", ""ndcg5"": 0.6309297535714575, ""mrr5"": 0.5, ""hit3"": 1, ""hit1"": 0, ""first_relevant_rank"": 2}, {""entry_id"": ""S2"", ""category"": ""Sextant fixture (astrolabe)"", ""ndcg5"": 0.5, ""mrr5"": 0.3333333333333333, ""hit3"": 1, ""hit1"": 0, ""first_relevant_rank"": 3}, {""entry_id"": ""S3"", ""category"": ""Sextant fixture (sextant)"", ""ndcg5"": 0.43067655807339306, ""mrr5"": 0.25, ""hit3"": 0, ""hit1"": 0, ""first_relevant_rank"": 4}, {""entry_id"": ""S4"", ""category"": ""Sextant fixture (sextant)"", ""ndcg5"": 0.5, ""mrr5"": 0.3333333333333333, ""hit3"": 1, ""hit1"": 0, ""first_relevant_rank"": 3}, {""entry_id"": ""S5"", ""category"": ""Sextant fixture (invoice)"", ""ndcg5"": 0.5, ""mrr5"": 0.3333333333333333, ""hit3"": 1, ""hit1"": 0, ""first_relevant_rank"": 3}, {""entry_id"": ""S6"", ""category"": ""Sextant fixture (guide)"", ""ndcg5"": 1.0, ""mrr5"": 1.0, ""hit3"": 1, ""hit1"": 1, ""first_relevant_rank"": 1}]","{""Sextant fixture (astrolabe)"": ""CategoryMetrics(category='Sextant fixture (astrolabe)', count=2, mean_ndcg5=0.5654648767857288, mean_mrr5=0.41666666666666663, hit3_rate=1.0, hit1_rate=0.0)"", ""Sextant fixture (sextant)"": ""CategoryMetrics(category='Sextant fixture (sextant)', count=2, mean_ndcg5=0.46533827903669656, mean_mrr5=0.29166666666666663, hit3_rate=0.5, hit1_rate=0.0)"", ""Sextant fixture (invoice)"": ""CategoryMetrics(category='Sextant fixture (invoice)', count=1, mean_ndcg5=0.5, mean_mrr5=0.3333333333333333, hit3_rate=1.0, hit1_rate=0.0)"", ""Sextant fixture (guide)"": ""CategoryMetrics(category='Sextant fixture (guide)', count=1, mean_ndcg5=1.0, mean_mrr5=1.0, hit3_rate=1.0, hit1_rate=1.0)""}"
sourceLambda=0.5,sourceLambda,0.5,sextant,6,0.5936010519408085,0.4583333333333333,0.8333333333333334,0.16666666666666666,"[{""entry_id"": ""S1"", ""category"": ""Sextant fixture (astrolabe)"", ""ndcg5"": 0.6309297535714575, ""mrr5"": 0.5, ""hit3"": 1, ""hit1"": 0, ""first_relevant_rank"": 2}, {""entry_id"": ""S2"", ""category"": ""Sextant fixture (astrolabe)"", ""ndcg5"": 0.5, ""mrr5"": 0.3333333333333333, ""hit3"": 1, ""hit1"": 0, ""first_relevant_rank"": 3}, {""entry_id"": ""S3"", ""category"": ""Sextant fixture (sextant)"", ""ndcg5"": 0.43067655807339306, ""mrr5"": 0.25, ""hit3"": 0, ""hit1"": 0, ""first_relevant_rank"": 4}, {""entry_id"": ""S4"", ""category"": ""Sextant fixture (sextant)"", ""ndcg5"": 0.5, ""mrr5"": 0.3333333333333333, ""hit3"": 1, ""hit1"": 0, ""first_relevant_rank"": 3}, {""entry_id"": ""S5"", ""category"": ""Sextant fixture (invoice)"", ""ndcg5"": 0.5, ""mrr5"": 0.3333333333333333, ""hit3"": 1, ""hit1"": 0, ""first_relevant_rank"": 3}, {""entry_id"": ""S6"", ""category"": ""Sextant fixture (guide)"", ""ndcg5"": 1.0, ""mrr5"": 1.0, ""hit3"": 1, ""hit1"": 1, ""first_relevant_rank"": 1}]","{""Sextant fixture (astrolabe)"": ""CategoryMetrics(category='Sextant fixture (astrolabe)', count=2, mean_ndcg5=0.5654648767857288, mean_mrr5=0.41666666666666663, hit3_rate=1.0, hit1_rate=0.0)"", ""Sextant fixture (sextant)"": ""CategoryMetrics(category='Sextant fixture (sextant)', count=2, mean_ndcg5=0.46533827903669656, mean_mrr5=0.29166666666666663, hit3_rate=0.5, hit1_rate=0.0)"", ""Sextant fixture (invoice)"": ""CategoryMetrics(category='Sextant fixture (invoice)', count=1, mean_ndcg5=0.5, mean_mrr5=0.3333333333333333, hit3_rate=1.0, hit1_rate=0.0)"", ""Sextant fixture (guide)"": ""CategoryMetrics(category='Sextant fixture (guide)', count=1, mean_ndcg5=1.0, mean_mrr5=1.0, hit3_rate=1.0, hit1_rate=1.0)""}"
consolidationThreshold=0,consolidationThreshold,0,sextant,6,0.7718216255952429,0.75,0.8333333333333334,0.6666666666666666,"[{""entry_id"": ""S1"", ""category"": ""Sextant fixture (astrolabe)"", ""ndcg5"": 1.0, ""mrr5"": 1.0, ""hit3"": 1, ""hit1"": 1, ""first_relevant_rank"": 1}, {""entry_id"": ""S2"", ""category"": ""Sextant fixture (astrolabe)"", ""ndcg5"": 1.0, ""mrr5"": 1.0, ""hit3"": 1, ""hit1"": 1, ""first_relevant_rank"": 1}, {""entry_id"": ""S3"", ""category"": ""Sextant fixture (sextant)"", ""ndcg5"": 0.6309297535714575, ""mrr5"": 0.5, ""hit3"": 1, ""hit1"": 0, ""first_relevant_rank"": 2}, {""entry_id"": ""S4"", ""category"": ""Sextant fixture (sextant)"", ""ndcg5"": 1.0, ""mrr5"": 1.0, ""hit3"": 1, ""hit1"": 1, ""first_relevant_rank"": 1}, {""entry_id"": ""S5"", ""category"": ""Sextant fixture (invoice)"", ""ndcg5"": 1.0, ""mrr5"": 1.0, ""hit3"": 1, ""hit1"": 1, ""first_relevant_rank"": 1}, {""entry_id"": ""S6"", ""category"": ""Sextant fixture (guide)"", ""ndcg5"": 0.0, ""mrr5"": 0.0, ""hit3"": 0, ""hit1"": 0, ""first_relevant_rank"": null}]","{""Sextant fixture (astrolabe)"": ""CategoryMetrics(category='Sextant fixture (astrolabe)', count=2, mean_ndcg5=1.0, mean_mrr5=1.0, hit3_rate=1.0, hit1_rate=1.0)"", ""Sextant fixture (sextant)"": ""CategoryMetrics(category='Sextant fixture (sextant)', count=2, mean_ndcg5=0.8154648767857288, mean_mrr5=0.75, hit3_rate=1.0, hit1_rate=0.5)"", ""Sextant fixture (invoice)"": ""CategoryMetrics(category='Sextant fixture (invoice)', count=1, mean_ndcg5=1.0, mean_mrr5=1.0, hit3_rate=1.0, hit1_rate=1.0)"", ""Sextant fixture (guide)"": ""CategoryMetrics(category='Sextant fixture (guide)', count=1, mean_ndcg5=0.0, mean_mrr5=0.0, hit3_rate=0.0, hit1_rate=0.0)""}"
consolidationThreshold=0.05,consolidationThreshold,0.05,sextant,6,0.8551549589285763,0.8055555555555555,1.0,0.6666666666666666,"[{""entry_id"": ""S1"", ""category"": ""Sextant fixture (astrolabe)"", ""ndcg5"": 1.0, ""mrr5"": 1.0, ""hit3"": 1, ""hit1"": 1, ""first_relevant_rank"": 1}, {""entry_id"": ""S2"", ""category"": ""Sextant fixture (astrolabe)"", ""ndcg5"": 1.0, ""mrr5"": 1.0, ""hit3"": 1, ""hit1"": 1, ""first_relevant_rank"": 1}, {""entry_id"": ""S3"", ""category"": ""Sextant fixture (sextant)"", ""ndcg5"": 0.6309297535714575, ""mrr5"": 0.5, ""hit3"": 1, ""hit1"": 0, ""first_relevant_rank"": 2}, {""entry_id"": ""S4"", ""category"": ""Sextant fixture (sextant)"", ""ndcg5"": 1.0, ""mrr5"": 1.0, ""hit3"": 1, ""hit1"": 1, ""first_relevant_rank"": 1}, {""entry_id"": ""S5"", ""category"": ""Sextant fixture (invoice)"", ""ndcg5"": 0.5, ""mrr5"": 0.3333333333333333, ""hit3"": 1, ""hit1"": 0, ""first_relevant_rank"": 3}, {""entry_id"": ""S6"", ""category"": ""Sextant fixture (guide)"", ""ndcg5"": 1.0, ""mrr5"": 1.0, ""hit3"": 1, ""hit1"": 1, ""first_relevant_rank"": 1}]","{""Sextant fixture (astrolabe)"": ""CategoryMetrics(category='Sextant fixture (astrolabe)', count=2, mean_ndcg5=1.0, mean_mrr5=1.0, hit3_rate=1.0, hit1_rate=1.0)"", ""Sextant fixture (sextant)"": ""CategoryMetrics(category='Sextant fixture (sextant)', count=2, mean_ndcg5=0.8154648767857288, mean_mrr5=0.75, hit3_rate=1.0, hit1_rate=0.5)"", ""Sextant fixture (invoice)"": ""CategoryMetrics(category='Sextant fixture (invoice)', count=1, mean_ndcg5=0.5, mean_mrr5=0.3333333333333333, hit3_rate=1.0, hit1_rate=0.0)"", ""Sextant fixture (guide)"": ""CategoryMetrics(category='Sextant fixture (guide)', count=1, mean_ndcg5=1.0, mean_mrr5=1.0, hit3_rate=1.0, hit1_rate=1.0)""}"
consolidationThreshold=0.1,consolidationThreshold,0.1,sextant,6,0.6551127596788988,0.5416666666666666,0.8333333333333334,0.3333333333333333,"[{""entry_id"": ""S1"", ""category"": ""Sextant fixture (astrolabe)"", ""ndcg5"": 1.0, ""mrr5"": 1.0, ""hit3"": 1, ""hit1"": 1, ""first_relevant_rank"": 1}, {""entry_id"": ""S2"", ""category"": ""Sextant fixture (astrolabe)"", ""ndcg5"": 0.5, ""mrr5"": 0.3333333333333333, ""hit3"": 1, ""hit1"": 0, ""first_relevant_rank"": 3}, {""entry_id"": ""S3"", ""category"": ""Sextant fixture (sextant)"", ""ndcg5"": 0.43067655807339306, ""mrr5"": 0.25, ""hit3"": 0, ""hit1"": 0, ""first_relevant_rank"": 4}, {""entry_id"": ""S4"", ""category"": ""Sextant fixture (sextant)"", ""ndcg5"": 0.5, ""mrr5"": 0.3333333333333333, ""hit3"": 1, ""hit1"": 0, ""first_relevant_rank"": 3}, {""entry_id"": ""S5"", ""category"": ""Sextant fixture (invoice)"", ""ndcg5"": 0.5, ""mrr5"": 0.3333333333333333, ""hit3"": 1, ""hit1"": 0, ""first_relevant_rank"": 3}, {""entry_id"": ""S6"", ""category"": ""Sextant fixture (guide)"", ""ndcg5"": 1.0, ""mrr5"": 1.0, ""hit3"": 1, ""hit1"": 1, ""first_relevant_rank"": 1}]","{""Sextant fixture (astrolabe)"": ""CategoryMetrics(category='Sextant fixture (astrolabe)', count=2, mean_ndcg5=0.75, mean_mrr5=0.6666666666666666, hit3_rate=1.0, hit1_rate=0.5)"", ""Sextant fixture (sextant)"": ""CategoryMetrics(category='Sextant fixture (sextant)', count=2, mean_ndcg5=0.46533827903669656, mean_mrr5=0.29166666666666663, hit3_rate=0.5, hit1_rate=0.0)"", ""Sextant fixture (invoice)"": ""CategoryMetrics(category='Sextant fixture (invoice)', count=1, mean_ndcg5=0.5, mean_mrr5=0.3333333333333333, hit3_rate=1.0, hit1_rate=0.0)"", ""Sextant fixture (guide)"": ""CategoryMetrics(category='Sextant fixture (guide)', count=1, mean_ndcg5=1.0, mean_mrr5=1.0, hit3_rate=1.0, hit1_rate=1.0)""}"
consolidationThreshold=0.2,consolidationThreshold,0.2,sextant,6,0.5936010519408085,0.4583333333333333,0.8333333333333334,0.16666666666666666,"[{""entry_id"": ""S1"", ""category"": ""Sextant fixture (astrolabe)"", ""ndcg5"": 0.6309297535714575, ""mrr5"": 0.5, ""hit3"": 1, ""hit1"": 0, ""first_relevant_rank"": 2}, {""entry_id"": ""S2"", ""category"": ""Sextant fixture (astrolabe)"", ""ndcg5"": 0.5, ""mrr5"": 0.3333333333333333, ""hit3"": 1, ""hit1"": 0, ""first_relevant_rank"": 3}, {""entry_id"": ""S3"", ""category"": ""Sextant fixture (sextant)"", ""ndcg5"": 0.43067655807339306, ""mrr5"": 0.25, ""hit3"": 0, ""hit1"": 0, ""first_relevant_rank"": 4}, {""entry_id"": ""S4"", ""category"": ""Sextant fixture (sextant)"", ""ndcg5"": 0.5, ""mrr5"": 0.3333333333333333, ""hit3"": 1, ""hit1"": 0, ""first_relevant_rank"": 3}, {""entry_id"": ""S5"", ""category"": ""Sextant fixture (invoice)"", ""ndcg5"": 0.5, ""mrr5"": 0.3333333333333333, ""hit3"": 1, ""hit1"": 0, ""first_relevant_rank"": 3}, {""entry_id"": ""S6"", ""category"": ""Sextant fixture (guide)"", ""ndcg5"": 1.0, ""mrr5"": 1.0, ""hit3"": 1, ""hit1"": 1, ""first_relevant_rank"": 1}]","{""Sextant fixture (astrolabe)"": ""CategoryMetrics(category='Sextant fixture (astrolabe)', count=2, mean_ndcg5=0.5654648767857288, mean_mrr5=0.41666666666666663, hit3_rate=1.0, hit1_rate=0.0)"", ""Sextant fixture (sextant)"": ""CategoryMetrics(category='Sextant fixture (sextant)', count=2, mean_ndcg5=0.46533827903669656, mean_mrr5=0.29166666666666663, hit3_rate=0.5, hit1_rate=0.0)"", ""Sextant fixture (invoice)"": ""CategoryMetrics(category='Sextant fixture (invoice)', count=1, mean_ndcg5=0.5, mean_mrr5=0.3333333333333333, hit3_rate=1.0, hit1_rate=0.0)"", ""Sextant fixture (guide)"": ""CategoryMetrics(category='Sextant fixture (guide)', count=1, mean_ndcg5=1.0, mean_mrr5=1.0, hit3_rate=1.0, hit1_rate=1.0)""}"
consolidationThreshold=0.5,consolidationThreshold,0.5,sextant,6,0.5936010519408085,0.4583333333333333,0.8333333333333334,0.16666666666666666,"[{""entry_id"": ""S1"", ""category"": ""Sextant fixture (astrolabe)"", ""ndcg5"": 0.6309297535714575, ""mrr5"": 0.5, ""hit3"": 1, ""hit1"": 0, ""first_relevant_rank"": 2}, {""entry_id"": ""S2"", ""category"": ""Sextant fixture (astrolabe)"", ""ndcg5"": 0.5, ""mrr5"": 0.3333333333333333, ""hit3"": 1, ""hit1"": 0, ""first_relevant_rank"": 3}, {""entry_id"": ""S3"", ""category"": ""Sextant fixture (sextant)"", ""ndcg5"": 0.43067655807339306, ""mrr5"": 0.25, ""hit3"": 0, ""hit1"": 0, ""first_relevant_rank"": 4}, {""entry_id"": ""S4"", ""category"": ""Sextant fixture (sextant)"", ""ndcg5"": 0.5, ""mrr5"": 0.3333333333333333, ""hit3"": 1, ""hit1"": 0, ""first_relevant_rank"": 3}, {""entry_id"": ""S5"", ""category"": ""Sextant fixture (invoice)"", ""ndcg5"": 0.5, ""mrr5"": 0.3333333333333333, ""hit3"": 1, ""hit1"": 0, ""first_relevant_rank"": 3}, {""entry_id"": ""S6"", ""category"": ""Sextant fixture (guide)"", ""ndcg5"": 1.0, ""mrr5"": 1.0, ""hit3"": 1, ""hit1"": 1, ""first_relevant_rank"": 1}]","{""Sextant fixture (astrolabe)"": ""CategoryMetrics(category='Sextant fixture (astrolabe)', count=2, mean_ndcg5=0.5654648767857288, mean_mrr5=0.41666666666666663, hit3_rate=1.0, hit1_rate=0.0)"", ""Sextant fixture (sextant)"": ""CategoryMetrics(category='Sextant fixture (sextant)', count=2, mean_ndcg5=0.46533827903669656, mean_mrr5=0.29166666666666663, hit3_rate=0.5, hit1_rate=0.0)"", ""Sextant fixture (invoice)"": ""CategoryMetrics(category='Sextant fixture (invoice)', count=1, mean_ndcg5=0.5, mean_mrr5=0.3333333333333333, hit3_rate=1.0, hit1_rate=0.0)"", ""Sextant fixture (guide)"": ""CategoryMetrics(category='Sextant fixture (guide)', count=1, mean_ndcg5=1.0, mean_mrr5=1.0, hit3_rate=1.0, hit1_rate=1.0)""}"
consolidationThreshold=1.0,consolidationThreshold,1.0,sextant,6,0.5936010519408085,0.4583333333333333,0.8333333333333334,0.16666666666666666,"[{""entry_id"": ""S1"", ""category"": ""Sextant fixture (astrolabe)"", ""ndcg5"": 0.6309297535714575, ""mrr5"": 0.5, ""hit3"": 1, ""hit1"": 0, ""first_relevant_rank"": 2}, {""entry_id"": ""S2"", ""category"": ""Sextant fixture (astrolabe)"", ""ndcg5"": 0.5, ""mrr5"": 0.3333333333333333, ""hit3"": 1, ""hit1"": 0, ""first_relevant_rank"": 3}, {""entry_id"": ""S3"", ""category"": ""Sextant fixture (sextant)"", ""ndcg5"": 0.43067655807339306, ""mrr5"": 0.25, ""hit3"": 0, ""hit1"": 0, ""first_relevant_rank"": 4}, {""entry_id"": ""S4"", ""category"": ""Sextant fixture (sextant)"", ""ndcg5"": 0.5, ""mrr5"": 0.3333333333333333, ""hit3"": 1, ""hit1"": 0, ""first_relevant_rank"": 3}, {""entry_id"": ""S5"", ""category"": ""Sextant fixture (invoice)"", ""ndcg5"": 0.5, ""mrr5"": 0.3333333333333333, ""hit3"": 1, ""hit1"": 0, ""first_relevant_rank"": 3}, {""entry_id"": ""S6"", ""category"": ""Sextant fixture (guide)"", ""ndcg5"": 1.0, ""mrr5"": 1.0, ""hit3"": 1, ""hit1"": 1, ""first_relevant_rank"": 1}]","{""Sextant fixture (astrolabe)"": ""CategoryMetrics(category='Sextant fixture (astrolabe)', count=2, mean_ndcg5=0.5654648767857288, mean_mrr5=0.41666666666666663, hit3_rate=1.0, hit1_rate=0.0)"", ""Sextant fixture (sextant)"": ""CategoryMetrics(category='Sextant fixture (sextant)', count=2, mean_ndcg5=0.46533827903669656, mean_mrr5=0.29166666666666663, hit3_rate=0.5, hit1_rate=0.0)"", ""Sextant fixture (invoice)"": ""CategoryMetrics(category='Sextant fixture (invoice)', count=1, mean_ndcg5=0.5, mean_mrr5=0.3333333333333333, hit3_rate=1.0, hit1_rate=0.0)"", ""Sextant fixture (guide)"": ""CategoryMetrics(category='Sextant fixture (guide)', count=1, mean_ndcg5=1.0, mean_mrr5=1.0, hit3_rate=1.0, hit1_rate=1.0)""}"
docScoreFormula=max,docScoreFormula,max,sextant,6,0.6551127596788988,0.5416666666666666,0.8333333333333334,0.3333333333333333,"[{""entry_id"": ""S1"", ""category"": ""Sextant fixture (astrolabe)"", ""ndcg5"": 1.0, ""mrr5"": 1.0, ""hit3"": 1, ""hit1"": 1, ""first_relevant_rank"": 1}, {""entry_id"": ""S2"", ""category"": ""Sextant fixture (astrolabe)"", ""ndcg5"": 0.5, ""mrr5"": 0.3333333333333333, ""hit3"": 1, ""hit1"": 0, ""first_relevant_rank"": 3}, {""entry_id"": ""S3"", ""category"": ""Sextant fixture (sextant)"", ""ndcg5"": 0.43067655807339306, ""mrr5"": 0.25, ""hit3"": 0, ""hit1"": 0, ""first_relevant_rank"": 4}, {""entry_id"": ""S4"", ""category"": ""Sextant fixture (sextant)"", ""ndcg5"": 0.5, ""mrr5"": 0.3333333333333333, ""hit3"": 1, ""hit1"": 0, ""first_relevant_rank"": 3}, {""entry_id"": ""S5"", ""category"": ""Sextant fixture (invoice)"", ""ndcg5"": 0.5, ""mrr5"": 0.3333333333333333, ""hit3"": 1, ""hit1"": 0, ""first_relevant_rank"": 3}, {""entry_id"": ""S6"", ""category"": ""Sextant fixture (guide)"", ""ndcg5"": 1.0, ""mrr5"": 1.0, ""hit3"": 1, ""hit1"": 1, ""first_relevant_rank"": 1}]","{""Sextant fixture (astrolabe)"": ""CategoryMetrics(category='Sextant fixture (astrolabe)', count=2, mean_ndcg5=0.75, mean_mrr5=0.6666666666666666, hit3_rate=1.0, hit1_rate=0.5)"", ""Sextant fixture (sextant)"": ""CategoryMetrics(category='Sextant fixture (sextant)', count=2, mean_ndcg5=0.46533827903669656, mean_mrr5=0.29166666666666663, hit3_rate=0.5, hit1_rate=0.0)"", ""Sextant fixture (invoice)"": ""CategoryMetrics(category='Sextant fixture (invoice)', count=1, mean_ndcg5=0.5, mean_mrr5=0.3333333333333333, hit3_rate=1.0, hit1_rate=0.0)"", ""Sextant fixture (guide)"": ""CategoryMetrics(category='Sextant fixture (guide)', count=1, mean_ndcg5=1.0, mean_mrr5=1.0, hit3_rate=1.0, hit1_rate=1.0)""}"
docScoreFormula=sum,docScoreFormula,sum,sextant,6,0.6551127596788988,0.5416666666666666,0.8333333333333334,0.3333333333333333,"[{""entry_id"": ""S1"", ""category"": ""Sextant fixture (astrolabe)"", ""ndcg5"": 1.0, ""mrr5"": 1.0, ""hit3"": 1, ""hit1"": 1, ""first_relevant_rank"": 1}, {""entry_id"": ""S2"", ""category"": ""Sextant fixture (astrolabe)"", ""ndcg5"": 0.5, ""mrr5"": 0.3333333333333333, ""hit3"": 1, ""hit1"": 0, ""first_relevant_rank"": 3}, {""entry_id"": ""S3"", ""category"": ""Sextant fixture (sextant)"", ""ndcg5"": 0.43067655807339306, ""mrr5"": 0.25, ""hit3"": 0, ""hit1"": 0, ""first_relevant_rank"": 4}, {""entry_id"": ""S4"", ""category"": ""Sextant fixture (sextant)"", ""ndcg5"": 0.5, ""mrr5"": 0.3333333333333333, ""hit3"": 1, ""hit1"": 0, ""first_relevant_rank"": 3}, {""entry_id"": ""S5"", ""category"": ""Sextant fixture (invoice)"", ""ndcg5"": 0.5, ""mrr5"": 0.3333333333333333, ""hit3"": 1, ""hit1"": 0, ""first_relevant_rank"": 3}, {""entry_id"": ""S6"", ""category"": ""Sextant fixture (guide)"", ""ndcg5"": 1.0, ""mrr5"": 1.0, ""hit3"": 1, ""hit1"": 1, ""first_relevant_rank"": 1}]","{""Sextant fixture (astrolabe)"": ""CategoryMetrics(category='Sextant fixture (astrolabe)', count=2, mean_ndcg5=0.75, mean_mrr5=0.6666666666666666, hit3_rate=1.0, hit1_rate=0.5)"", ""Sextant fixture (sextant)"": ""CategoryMetrics(category='Sextant fixture (sextant)', count=2, mean_ndcg5=0.46533827903669656, mean_mrr5=0.29166666666666663, hit3_rate=0.5, hit1_rate=0.0)"", ""Sextant fixture (invoice)"": ""CategoryMetrics(category='Sextant fixture (invoice)', count=1, mean_ndcg5=0.5, mean_mrr5=0.3333333333333333, hit3_rate=1.0, hit1_rate=0.0)"", ""Sextant fixture (guide)"": ""CategoryMetrics(category='Sextant fixture (guide)', count=1, mean_ndcg5=1.0, mean_mrr5=1.0, hit3_rate=1.0, hit1_rate=1.0)""}"
candidateWindow=max3x100,candidateWindow,max3x100,sextant,6,0.6551127596788988,0.5416666666666666,0.8333333333333334,0.3333333333333333,"[{""entry_id"": ""S1"", ""category"": ""Sextant fixture (astrolabe)"", ""ndcg5"": 1.0, ""mrr5"": 1.0, ""hit3"": 1, ""hit1"": 1, ""first_relevant_rank"": 1}, {""entry_id"": ""S2"", ""category"": ""Sextant fixture (astrolabe)"", ""ndcg5"": 0.5, ""mrr5"": 0.3333333333333333, ""hit3"": 1, ""hit1"": 0, ""first_relevant_rank"": 3}, {""entry_id"": ""S3"", ""category"": ""Sextant fixture (sextant)"", ""ndcg5"": 0.43067655807339306, ""mrr5"": 0.25, ""hit3"": 0, ""hit1"": 0, ""first_relevant_rank"": 4}, {""entry_id"": ""S4"", ""category"": ""Sextant fixture (sextant)"", ""ndcg5"": 0.5, ""mrr5"": 0.3333333333333333, ""hit3"": 1, ""hit1"": 0, ""first_relevant_rank"": 3}, {""entry_id"": ""S5"", ""category"": ""Sextant fixture (invoice)"", ""ndcg5"": 0.5, ""mrr5"": 0.3333333333333333, ""hit3"": 1, ""hit1"": 0, ""first_relevant_rank"": 3}, {""entry_id"": ""S6"", ""category"": ""Sextant fixture (guide)"", ""ndcg5"": 1.0, ""mrr5"": 1.0, ""hit3"": 1, ""hit1"": 1, ""first_relevant_rank"": 1}]","{""Sextant fixture (astrolabe)"": ""CategoryMetrics(category='Sextant fixture (astrolabe)', count=2, mean_ndcg5=0.75, mean_mrr5=0.6666666666666666, hit3_rate=1.0, hit1_rate=0.5)"", ""Sextant fixture (sextant)"": ""CategoryMetrics(category='Sextant fixture (sextant)', count=2, mean_ndcg5=0.46533827903669656, mean_mrr5=0.29166666666666663, hit3_rate=0.5, hit1_rate=0.0)"", ""Sextant fixture (invoice)"": ""CategoryMetrics(category='Sextant fixture (invoice)', count=1, mean_ndcg5=0.5, mean_mrr5=0.3333333333333333, hit3_rate=1.0, hit1_rate=0.0)"", ""Sextant fixture (guide)"": ""CategoryMetrics(category='Sextant fixture (guide)', count=1, mean_ndcg5=1.0, mean_mrr5=1.0, hit3_rate=1.0, hit1_rate=1.0)""}"
candidateWindow=max5x50,candidateWindow,max5x50,sextant,6,0.6551127596788988,0.5416666666666666,0.8333333333333334,0.3333333333333333,"[{""entry_id"": ""S1"", ""category"": ""Sextant fixture (astrolabe)"", ""ndcg5"": 1.0, ""mrr5"": 1.0, ""hit3"": 1, ""hit1"": 1, ""first_relevant_rank"": 1}, {""entry_id"": ""S2"", ""category"": ""Sextant fixture (astrolabe)"", ""ndcg5"": 0.5, ""mrr5"": 0.3333333333333333, ""hit3"": 1, ""hit1"": 0, ""first_relevant_rank"": 3}, {""entry_id"": ""S3"", ""category"": ""Sextant fixture (sextant)"", ""ndcg5"": 0.43067655807339306, ""mrr5"": 0.25, ""hit3"": 0, ""hit1"": 0, ""first_relevant_rank"": 4}, {""entry_id"": ""S4"", ""category"": ""Sextant fixture (sextant)"", ""ndcg5"": 0.5, ""mrr5"": 0.3333333333333333, ""hit3"": 1, ""hit1"": 0, ""first_relevant_rank"": 3}, {""entry_id"": ""S5"", ""category"": ""Sextant fixture (invoice)"", ""ndcg5"": 0.5, ""mrr5"": 0.3333333333333333, ""hit3"": 1, ""hit1"": 0, ""first_relevant_rank"": 3}, {""entry_id"": ""S6"", ""category"": ""Sextant fixture (guide)"", ""ndcg5"": 1.0, ""mrr5"": 1.0, ""hit3"": 1, ""hit1"": 1, ""first_relevant_rank"": 1}]","{""Sextant fixture (astrolabe)"": ""CategoryMetrics(category='Sextant fixture (astrolabe)', count=2, mean_ndcg5=0.75, mean_mrr5=0.6666666666666666, hit3_rate=1.0, hit1_rate=0.5)"", ""Sextant fixture (sextant)"": ""CategoryMetrics(category='Sextant fixture (sextant)', count=2, mean_ndcg5=0.46533827903669656, mean_mrr5=0.29166666666666663, hit3_rate=0.5, hit1_rate=0.0)"", ""Sextant fixture (invoice)"": ""CategoryMetrics(category='Sextant fixture (invoice)', count=1, mean_ndcg5=0.5, mean_mrr5=0.3333333333333333, hit3_rate=1.0, hit1_rate=0.0)"", ""Sextant fixture (guide)"": ""CategoryMetrics(category='Sextant fixture (guide)', count=1, mean_ndcg5=1.0, mean_mrr5=1.0, hit3_rate=1.0, hit1_rate=1.0)""}"
structureAlpha=0,structureAlpha,0,sextant,6,0.5029637601343332,0.39444444444444443,0.6666666666666666,0.16666666666666666,"[{""entry_id"": ""S1"", ""category"": ""Sextant fixture (astrolabe)"", ""ndcg5"": 1.0, ""mrr5"": 1.0, ""hit3"": 1, ""hit1"": 1, ""first_relevant_rank"": 1}, {""entry_id"": ""S2"", ""category"": ""Sextant fixture (astrolabe)"", ""ndcg5"": 0.5, ""mrr5"": 0.3333333333333333, ""hit3"": 1, ""hit1"": 0, ""first_relevant_rank"": 3}, {""entry_id"": ""S3"", ""category"": ""Sextant fixture (sextant)"", ""ndcg5"": 0.38685280723454163, ""mrr5"": 0.2, ""hit3"": 0, ""hit1"": 0, ""first_relevant_rank"": 5}, {""entry_id"": ""S4"", ""category"": ""Sextant fixture (sextant)"", ""ndcg5"": 0.5, ""mrr5"": 0.3333333333333333, ""hit3"": 1, ""hit1"": 0, ""first_relevant_rank"": 3}, {""entry_id"": ""S5"", ""category"": ""Sextant fixture (invoice)"", ""ndcg5"": 0.0, ""mrr5"": 0.0, ""hit3"": 0, ""hit1"": 0, ""first_relevant_rank"": null}, {""entry_id"": ""S6"", ""category"": ""Sextant fixture (guide)"", ""ndcg5"": 0.6309297535714575, ""mrr5"": 0.5, ""hit3"": 1, ""hit1"": 0, ""first_relevant_rank"": 2}]","{""Sextant fixture (astrolabe)"": ""CategoryMetrics(category='Sextant fixture (astrolabe)', count=2, mean_ndcg5=0.75, mean_mrr5=0.6666666666666666, hit3_rate=1.0, hit1_rate=0.5)"", ""Sextant fixture (sextant)"": ""CategoryMetrics(category='Sextant fixture (sextant)', count=2, mean_ndcg5=0.4434264036172708, mean_mrr5=0.26666666666666666, hit3_rate=0.5, hit1_rate=0.0)"", ""Sextant fixture (invoice)"": ""CategoryMetrics(category='Sextant fixture (invoice)', count=1, mean_ndcg5=0.0, mean_mrr5=0.0, hit3_rate=0.0, hit1_rate=0.0)"", ""Sextant fixture (guide)"": ""CategoryMetrics(category='Sextant fixture (guide)', count=1, mean_ndcg5=0.6309297535714575, mean_mrr5=0.5, hit3_rate=1.0, hit1_rate=0.0)""}"
structureAlpha=0.25,structureAlpha,0.25,sextant,6,0.6551127596788988,0.5416666666666666,0.8333333333333334,0.3333333333333333,"[{""entry_id"": ""S1"", ""category"": ""Sextant fixture (astrolabe)"", ""ndcg5"": 1.0, ""mrr5"": 1.0, ""hit3"": 1, ""hit1"": 1, ""first_relevant_rank"": 1}, {""entry_id"": ""S2"", ""category"": ""Sextant fixture (astrolabe)"", ""ndcg5"": 0.5, ""mrr5"": 0.3333333333333333, ""hit3"": 1, ""hit1"": 0, ""first_relevant_rank"": 3}, {""entry_id"": ""S3"", ""category"": ""Sextant fixture (sextant)"", ""ndcg5"": 0.43067655807339306, ""mrr5"": 0.25, ""hit3"": 0, ""hit1"": 0, ""first_relevant_rank"": 4}, {""entry_id"": ""S4"", ""category"": ""Sextant fixture (sextant)"", ""ndcg5"": 0.5, ""mrr5"": 0.3333333333333333, ""hit3"": 1, ""hit1"": 0, ""first_relevant_rank"": 3}, {""entry_id"": ""S5"", ""category"": ""Sextant fixture (invoice)"", ""ndcg5"": 0.5, ""mrr5"": 0.3333333333333333, ""hit3"": 1, ""hit1"": 0, ""first_relevant_rank"": 3}, {""entry_id"": ""S6"", ""category"": ""Sextant fixture (guide)"", ""ndcg5"": 1.0, ""mrr5"": 1.0, ""hit3"": 1, ""hit1"": 1, ""first_relevant_rank"": 1}]","{""Sextant fixture (astrolabe)"": ""CategoryMetrics(category='Sextant fixture (astrolabe)', count=2, mean_ndcg5=0.75, mean_mrr5=0.6666666666666666, hit3_rate=1.0, hit1_rate=0.5)"", ""Sextant fixture (sextant)"": ""CategoryMetrics(category='Sextant fixture (sextant)', count=2, mean_ndcg5=0.46533827903669656, mean_mrr5=0.29166666666666663, hit3_rate=0.5, hit1_rate=0.0)"", ""Sextant fixture (invoice)"": ""CategoryMetrics(category='Sextant fixture (invoice)', count=1, mean_ndcg5=0.5, mean_mrr5=0.3333333333333333, hit3_rate=1.0, hit1_rate=0.0)"", ""Sextant fixture (guide)"": ""CategoryMetrics(category='Sextant fixture (guide)', count=1, mean_ndcg5=1.0, mean_mrr5=1.0, hit3_rate=1.0, hit1_rate=1.0)""}"
structureAlpha=0.5,structureAlpha,0.5,sextant,6,0.6551127596788988,0.5416666666666666,0.8333333333333334,0.3333333333333333,"[{""entry_id"": ""S1"", ""category"": ""Sextant fixture (astrolabe)"", ""ndcg5"": 1.0, ""mrr5"": 1.0, ""hit3"": 1, ""hit1"": 1, ""first_relevant_rank"": 1}, {""entry_id"": ""S2"", ""category"": ""Sextant fixture (astrolabe)"", ""ndcg5"": 0.5, ""mrr5"": 0.3333333333333333, ""hit3"": 1, ""hit1"": 0, ""first_relevant_rank"": 3}, {""entry_id"": ""S3"", ""category"": ""Sextant fixture (sextant)"", ""ndcg5"": 0.43067655807339306, ""mrr5"": 0.25, ""hit3"": 0, ""hit1"": 0, ""first_relevant_rank"": 4}, {""entry_id"": ""S4"", ""category"": ""Sextant fixture (sextant)"", ""ndcg5"": 0.5, ""mrr5"": 0.3333333333333333, ""hit3"": 1, ""hit1"": 0, ""first_relevant_rank"": 3}, {""entry_id"": ""S5"", ""category"": ""Sextant fixture (invoice)"", ""ndcg5"": 0.5, ""mrr5"": 0.3333333333333333, ""hit3"": 1, ""hit1"": 0, ""first_relevant_rank"": 3}, {""entry_id"": ""S6"", ""category"": ""Sextant fixture (guide)"", ""ndcg5"": 1.0, ""mrr5"": 1.0, ""hit3"": 1, ""hit1"": 1, ""first_relevant_rank"": 1}]","{""Sextant fixture (astrolabe)"": ""CategoryMetrics(category='Sextant fixture (astrolabe)', count=2, mean_ndcg5=0.75, mean_mrr5=0.6666666666666666, hit3_rate=1.0, hit1_rate=0.5)"", ""Sextant fixture (sextant)"": ""CategoryMetrics(category='Sextant fixture (sextant)', count=2, mean_ndcg5=0.46533827903669656, mean_mrr5=0.29166666666666663, hit3_rate=0.5, hit1_rate=0.0)"", ""Sextant fixture (invoice)"": ""CategoryMetrics(category='Sextant fixture (invoice)', count=1, mean_ndcg5=0.5, mean_mrr5=0.3333333333333333, hit3_rate=1.0, hit1_rate=0.0)"", ""Sextant fixture (guide)"": ""CategoryMetrics(category='Sextant fixture (guide)', count=1, mean_ndcg5=1.0, mean_mrr5=1.0, hit3_rate=1.0, hit1_rate=1.0)""}"
structureAlpha=0.75,structureAlpha,0.75,sextant,6,0.6551127596788988,0.5416666666666666,0.8333333333333334,0.3333333333333333,"[{""entry_id"": ""S1"", ""category"": ""Sextant fixture (astrolabe)"", ""ndcg5"": 1.0, ""mrr5"": 1.0, ""hit3"": 1, ""hit1"": 1, ""first_relevant_rank"": 1}, {""entry_id"": ""S2"", ""category"": ""Sextant fixture (astrolabe)"", ""ndcg5"": 0.5, ""mrr5"": 0.3333333333333333, ""hit3"": 1, ""hit1"": 0, ""first_relevant_rank"": 3}, {""entry_id"": ""S3"", ""category"": ""Sextant fixture (sextant)"", ""ndcg5"": 0.43067655807339306, ""mrr5"": 0.25, ""hit3"": 0, ""hit1"": 0, ""first_relevant_rank"": 4}, {""entry_id"": ""S4"", ""category"": ""Sextant fixture (sextant)"", ""ndcg5"": 0.5, ""mrr5"": 0.3333333333333333, ""hit3"": 1, ""hit1"": 0, ""first_relevant_rank"": 3}, {""entry_id"": ""S5"", ""category"": ""Sextant fixture (invoice)"", ""ndcg5"": 0.5, ""mrr5"": 0.3333333333333333, ""hit3"": 1, ""hit1"": 0, ""first_relevant_rank"": 3}, {""entry_id"": ""S6"", ""category"": ""Sextant fixture (guide)"", ""ndcg5"": 1.0, ""mrr5"": 1.0, ""hit3"": 1, ""hit1"": 1, ""first_relevant_rank"": 1}]","{""Sextant fixture (astrolabe)"": ""CategoryMetrics(category='Sextant fixture (astrolabe)', count=2, mean_ndcg5=0.75, mean_mrr5=0.6666666666666666, hit3_rate=1.0, hit1_rate=0.5)"", ""Sextant fixture (sextant)"": ""CategoryMetrics(category='Sextant fixture (sextant)', count=2, mean_ndcg5=0.46533827903669656, mean_mrr5=0.29166666666666663, hit3_rate=0.5, hit1_rate=0.0)"", ""Sextant fixture (invoice)"": ""CategoryMetrics(category='Sextant fixture (invoice)', count=1, mean_ndcg5=0.5, mean_mrr5=0.3333333333333333, hit3_rate=1.0, hit1_rate=0.0)"", ""Sextant fixture (guide)"": ""CategoryMetrics(category='Sextant fixture (guide)', count=1, mean_ndcg5=1.0, mean_mrr5=1.0, hit3_rate=1.0, hit1_rate=1.0)""}"
structureAlpha=1.0,structureAlpha,1.0,sextant,6,0.6551127596788988,0.5416666666666666,0.8333333333333334,0.3333333333333333,"[{""entry_id"": ""S1"", ""category"": ""Sextant fixture (astrolabe)"", ""ndcg5"": 1.0, ""mrr5"": 1.0, ""hit3"": 1, ""hit1"": 1, ""first_relevant_rank"": 1}, {""entry_id"": ""S2"", ""category"": ""Sextant fixture (astrolabe)"", ""ndcg5"": 0.5, ""mrr5"": 0.3333333333333333, ""hit3"": 1, ""hit1"": 0, ""first_relevant_rank"": 3}, {""entry_id"": ""S3"", ""category"": ""Sextant fixture (sextant)"", ""ndcg5"": 0.43067655807339306, ""mrr5"": 0.25, ""hit3"": 0, ""hit1"": 0, ""first_relevant_rank"": 4}, {""entry_id"": ""S4"", ""category"": ""Sextant fixture (sextant)"", ""ndcg5"": 0.5, ""mrr5"": 0.3333333333333333, ""hit3"": 1, ""hit1"": 0, ""first_relevant_rank"": 3}, {""entry_id"": ""S5"", ""category"": ""Sextant fixture (invoice)"", ""ndcg5"": 0.5, ""mrr5"": 0.3333333333333333, ""hit3"": 1, ""hit1"": 0, ""first_relevant_rank"": 3}, {""entry_id"": ""S6"", ""category"": ""Sextant fixture (guide)"", ""ndcg5"": 1.0, ""mrr5"": 1.0, ""hit3"": 1, ""hit1"": 1, ""first_relevant_rank"": 1}]","{""Sextant fixture (astrolabe)"": ""CategoryMetrics(category='Sextant fixture (astrolabe)', count=2, mean_ndcg5=0.75, mean_mrr5=0.6666666666666666, hit3_rate=1.0, hit1_rate=0.5)"", ""Sextant fixture (sextant)"": ""CategoryMetrics(category='Sextant fixture (sextant)', count=2, mean_ndcg5=0.46533827903669656, mean_mrr5=0.29166666666666663, hit3_rate=0.5, hit1_rate=0.0)"", ""Sextant fixture (invoice)"": ""CategoryMetrics(category='Sextant fixture (invoice)', count=1, mean_ndcg5=0.5, mean_mrr5=0.3333333333333333, hit3_rate=1.0, hit1_rate=0.0)"", ""Sextant fixture (guide)"": ""CategoryMetrics(category='Sextant fixture (guide)', count=1, mean_ndcg5=1.0, mean_mrr5=1.0, hit3_rate=1.0, hit1_rate=1.0)""}"
fusion=False,fusion,False,sextant,6,0.6551127596788988,0.5416666666666666,0.8333333333333334,0.3333333333333333,"[{""entry_id"": ""S1"", ""category"": ""Sextant fixture (astrolabe)"", ""ndcg5"": 1.0, ""mrr5"": 1.0, ""hit3"": 1, ""hit1"": 1, ""first_relevant_rank"": 1}, {""entry_id"": ""S2"", ""category"": ""Sextant fixture (astrolabe)"", ""ndcg5"": 0.5, ""mrr5"": 0.3333333333333333, ""hit3"": 1, ""hit1"": 0, ""first_relevant_rank"": 3}, {""entry_id"": ""S3"", ""category"": ""Sextant fixture (sextant)"", ""ndcg5"": 0.43067655807339306, ""mrr5"": 0.25, ""hit3"": 0, ""hit1"": 0, ""first_relevant_rank"": 4}, {""entry_id"": ""S4"", ""category"": ""Sextant fixture (sextant)"", ""ndcg5"": 0.5, ""mrr5"": 0.3333333333333333, ""hit3"": 1, ""hit1"": 0, ""first_relevant_rank"": 3}, {""entry_id"": ""S5"", ""category"": ""Sextant fixture (invoice)"", ""ndcg5"": 0.5, ""mrr5"": 0.3333333333333333, ""hit3"": 1, ""hit1"": 0, ""first_relevant_rank"": 3}, {""entry_id"": ""S6"", ""category"": ""Sextant fixture (guide)"", ""ndcg5"": 1.0, ""mrr5"": 1.0, ""hit3"": 1, ""hit1"": 1, ""first_relevant_rank"": 1}]","{""Sextant fixture (astrolabe)"": ""CategoryMetrics(category='Sextant fixture (astrolabe)', count=2, mean_ndcg5=0.75, mean_mrr5=0.6666666666666666, hit3_rate=1.0, hit1_rate=0.5)"", ""Sextant fixture (sextant)"": ""CategoryMetrics(category='Sextant fixture (sextant)', count=2, mean_ndcg5=0.46533827903669656, mean_mrr5=0.29166666666666663, hit3_rate=0.5, hit1_rate=0.0)"", ""Sextant fixture (invoice)"": ""CategoryMetrics(category='Sextant fixture (invoice)', count=1, mean_ndcg5=0.5, mean_mrr5=0.3333333333333333, hit3_rate=1.0, hit1_rate=0.0)"", ""Sextant fixture (guide)"": ""CategoryMetrics(category='Sextant fixture (guide)', count=1, mean_ndcg5=1.0, mean_mrr5=1.0, hit3_rate=1.0, hit1_rate=1.0)""}"
fusion=True,fusion,True,sextant,6,0.5602255193577977,0.4166666666666667,0.6666666666666666,0.16666666666666666,"[{""entry_id"": ""S1"", ""category"": ""Sextant fixture (astrolabe)"", ""ndcg5"": 0.5, ""mrr5"": 0.3333333333333333, ""hit3"": 1, ""hit1"": 0, ""first_relevant_rank"": 3}, {""entry_id"": ""S2"", ""category"": ""Sextant fixture (astrolabe)"", ""ndcg5"": 0.5, ""mrr5"": 0.3333333333333333, ""hit3"": 1, ""hit1"": 0, ""first_relevant_rank"": 3}, {""entry_id"": ""S3"", ""category"": ""Sextant fixture (sextant)"", ""ndcg5"": 0.43067655807339306, ""mrr5"": 0.25, ""hit3"": 0, ""hit1"": 0, ""first_relevant_rank"": 4}, {""entry_id"": ""S4"", ""category"": ""Sextant fixture (sextant)"", ""ndcg5"": 0.43067655807339306, ""mrr5"": 0.25, ""hit3"": 0, ""hit1"": 0, ""first_relevant_rank"": 4}, {""entry_id"": ""S5"", ""category"": ""Sextant fixture (invoice)"", ""ndcg5"": 0.5, ""mrr5"": 0.3333333333333333, ""hit3"": 1, ""hit1"": 0, ""first_relevant_rank"": 3}, {""entry_id"": ""S6"", ""category"": ""Sextant fixture (guide)"", ""ndcg5"": 1.0, ""mrr5"": 1.0, ""hit3"": 1, ""hit1"": 1, ""first_relevant_rank"": 1}]","{""Sextant fixture (astrolabe)"": ""CategoryMetrics(category='Sextant fixture (astrolabe)', count=2, mean_ndcg5=0.5, mean_mrr5=0.3333333333333333, hit3_rate=1.0, hit1_rate=0.0)"", ""Sextant fixture (sextant)"": ""CategoryMetrics(category='Sextant fixture (sextant)', count=2, mean_ndcg5=0.43067655807339306, mean_mrr5=0.25, hit3_rate=0.0, hit1_rate=0.0)"", ""Sextant fixture (invoice)"": ""CategoryMetrics(category='Sextant fixture (invoice)', count=1, mean_ndcg5=0.5, mean_mrr5=0.3333333333333333, hit3_rate=1.0, hit1_rate=0.0)"", ""Sextant fixture (guide)"": ""CategoryMetrics(category='Sextant fixture (guide)', count=1, mean_ndcg5=1.0, mean_mrr5=1.0, hit3_rate=1.0, hit1_rate=1.0)""}"
baseline,baseline,default,memory,10,0.6999057219912211,0.6166666666666667,0.9,0.4,"[{""entry_id"": ""TS-01"", ""category"": ""ADR (Table)"", ""ndcg5"": 0.5437713091520254, ""mrr5"": 0.3333333333333333, ""hit3"": 1, ""hit1"": 0, ""first_relevant_rank"": 3}, {""entry_id"": ""TS-02"", ""category"": ""ADR (Table)"", ""ndcg5"": 1.0, ""mrr5"": 1.0, ""hit3"": 1, ""hit1"": 1, ""first_relevant_rank"": 1}, {""entry_id"": ""TS-03"", ""category"": ""ADR (Table)"", ""ndcg5"": 0.6934264036172708, ""mrr5"": 0.5, ""hit3"": 1, ""hit1"": 0, ""first_relevant_rank"": 2}, {""entry_id"": ""TS-04"", ""category"": ""ADR (Table)"", ""ndcg5"": 1.0, ""mrr5"": 1.0, ""hit3"": 1, ""hit1"": 1, ""first_relevant_rank"": 1}, {""entry_id"": ""TS-05"", ""category"": ""ADR (Exact)"", ""ndcg5"": 1.0, ""mrr5"": 1.0, ""hit3"": 1, ""hit1"": 1, ""first_relevant_rank"": 1}, {""entry_id"": ""TS-06"", ""category"": ""ADR (Exact)"", ""ndcg5"": 0.6309297535714575, ""mrr5"": 0.5, ""hit3"": 1, ""hit1"": 0, ""first_relevant_rank"": 2}, {""entry_id"": ""TS-07"", ""category"": ""ADR (Exact)"", ""ndcg5"": 0.6309297535714575, ""mrr5"": 0.5, ""hit3"": 1, ""hit1"": 0, ""first_relevant_rank"": 2}, {""entry_id"": ""TS-08"", ""category"": ""Non-file (hermes)"", ""ndcg5"": 0.5, ""mrr5"": 0.3333333333333333, ""hit3"": 1, ""hit1"": 0, ""first_relevant_rank"": 3}, {""entry_id"": ""TS-09"", ""category"": ""Non-file (hermes)"", ""ndcg5"": 1.0, ""mrr5"": 1.0, ""hit3"": 1, ""hit1"": 1, ""first_relevant_rank"": 1}, {""entry_id"": ""TS-10"", ""category"": ""Non-file (shared)"", ""ndcg5"": 0.0, ""mrr5"": 0.0, ""hit3"": 0, ""hit1"": 0, ""first_relevant_rank"": null}]","{""ADR (Table)"": ""CategoryMetrics(category='ADR (Table)', count=4, mean_ndcg5=0.809299428192324, mean_mrr5=0.7083333333333334, hit3_rate=1.0, hit1_rate=0.5)"", ""ADR (Exact)"": ""CategoryMetrics(category='ADR (Exact)', count=3, mean_ndcg5=0.7539531690476383, mean_mrr5=0.6666666666666666, hit3_rate=1.0, hit1_rate=0.3333333333333333)"", ""Non-file (hermes)"": ""CategoryMetrics(category='Non-file (hermes)', count=2, mean_ndcg5=0.75, mean_mrr5=0.6666666666666666, hit3_rate=1.0, hit1_rate=0.5)"", ""Non-file (shared)"": ""CategoryMetrics(category='Non-file (shared)', count=1, mean_ndcg5=0.0, mean_mrr5=0.0, hit3_rate=0.0, hit1_rate=0.0)""}"
rrfK=1,rrfK,1,memory,10,0.4983857618632114,0.4833333333333333,0.6,0.4,"[{""entry_id"": ""TS-01"", ""category"": ""ADR (Table)"", ""ndcg5"": 0.5, ""mrr5"": 0.3333333333333333, ""hit3"": 1, ""hit1"": 0, ""first_relevant_rank"": 3}, {""entry_id"": ""TS-02"", ""category"": ""ADR (Table)"", ""ndcg5"": 0.6309297535714575, ""mrr5"": 0.5, ""hit3"": 1, ""hit1"": 0, ""first_relevant_rank"": 2}, {""entry_id"": ""TS-03"", ""category"": ""ADR (Table)"", ""ndcg5"": 0.8529278650606567, ""mrr5"": 1.0, ""hit3"": 1, ""hit1"": 1, ""first_relevant_rank"": 1}, {""entry_id"": ""TS-04"", ""category"": ""ADR (Table)"", ""ndcg5"": 1.0, ""mrr5"": 1.0, ""hit3"": 1, ""hit1"": 1, ""first_relevant_rank"": 1}, {""entry_id"": ""TS-05"", ""category"": ""ADR (Exact)"", ""ndcg5"": 1.0, ""mrr5"": 1.0, ""hit3"": 1, ""hit1"": 1, ""first_relevant_rank"": 1}, {""entry_id"": ""TS-06"", ""category"": ""ADR (Exact)"", ""ndcg5"": 0.0, ""mrr5"": 0.0, ""hit3"": 0, ""hit1"": 0, ""first_relevant_rank"": null}, {""entry_id"": ""TS-07"", ""category"": ""ADR (Exact)"", ""ndcg5"": 0.0, ""mrr5"": 0.0, ""hit3"": 0, ""hit1"": 0, ""first_relevant_rank"": null}, {""entry_id"": ""TS-08"", ""category"": ""Non-file (hermes)"", ""ndcg5"": 0.0, ""mrr5"": 0.0, ""hit3"": 0, ""hit1"": 0, ""first_relevant_rank"": null}, {""entry_id"": ""TS-09"", ""category"": ""Non-file (hermes)"", ""ndcg5"": 1.0, ""mrr5"": 1.0, ""hit3"": 1, ""hit1"": 1, ""first_relevant_rank"": 1}, {""entry_id"": ""TS-10"", ""category"": ""Non-file (shared)"", ""ndcg5"": 0.0, ""mrr5"": 0.0, ""hit3"": 0, ""hit1"": 0, ""first_relevant_rank"": null}]","{""ADR (Table)"": ""CategoryMetrics(category='ADR (Table)', count=4, mean_ndcg5=0.7459644046580285, mean_mrr5=0.7083333333333334, hit3_rate=1.0, hit1_rate=0.5)"", ""ADR (Exact)"": ""CategoryMetrics(category='ADR (Exact)', count=3, mean_ndcg5=0.3333333333333333, mean_mrr5=0.3333333333333333, hit3_rate=0.3333333333333333, hit1_rate=0.3333333333333333)"", ""Non-file (hermes)"": ""CategoryMetrics(category='Non-file (hermes)', count=2, mean_ndcg5=0.5, mean_mrr5=0.5, hit3_rate=0.5, hit1_rate=0.5)"", ""Non-file (shared)"": ""CategoryMetrics(category='Non-file (shared)', count=1, mean_ndcg5=0.0, mean_mrr5=0.0, hit3_rate=0.0, hit1_rate=0.0)""}"
rrfK=5,rrfK,5,memory,10,0.6474122573657511,0.5833333333333333,0.8,0.4,"[{""entry_id"": ""TS-01"", ""category"": ""ADR (Table)"", ""ndcg5"": 0.5, ""mrr5"": 0.3333333333333333, ""hit3"": 1, ""hit1"": 0, ""first_relevant_rank"": 3}, {""entry_id"": ""TS-02"", ""category"": ""ADR (Table)"", ""ndcg5"": 1.0, ""mrr5"": 1.0, ""hit3"": 1, ""hit1"": 1, ""first_relevant_rank"": 1}, {""entry_id"": ""TS-03"", ""category"": ""ADR (Table)"", ""ndcg5"": 0.7122630665145961, ""mrr5"": 0.5, ""hit3"": 1, ""hit1"": 0, ""first_relevant_rank"": 2}, {""entry_id"": ""TS-04"", ""category"": ""ADR (Table)"", ""ndcg5"": 1.0, ""mrr5"": 1.0, ""hit3"": 1, ""hit1"": 1, ""first_relevant_rank"": 1}, {""entry_id"": ""TS-05"", ""category"": ""ADR (Exact)"", ""ndcg5"": 1.0, ""mrr5"": 1.0, ""hit3"": 1, ""hit1"": 1, ""first_relevant_rank"": 1}, {""entry_id"": ""TS-06"", ""category"": ""ADR (Exact)"", ""ndcg5"": 0.6309297535714575, ""mrr5"": 0.5, ""hit3"": 1, ""hit1"": 0, ""first_relevant_rank"": 2}, {""entry_id"": ""TS-07"", ""category"": ""ADR (Exact)"", ""ndcg5"": 0.6309297535714575, ""mrr5"": 0.5, ""hit3"": 1, ""hit1"": 0, ""first_relevant_rank"": 2}, {""entry_id"": ""TS-08"", ""category"": ""Non-file (hermes)"", ""ndcg5"": 0.0, ""mrr5"": 0.0, ""hit3"": 0, ""hit1"": 0, ""first_relevant_rank"": null}, {""entry_id"": ""TS-09"", ""category"": ""Non-file (hermes)"", ""ndcg5"": 1.0, ""mrr5"": 1.0, ""hit3"": 1, ""hit1"": 1, ""first_relevant_rank"": 1}, {""entry_id"": ""TS-10"", ""category"": ""Non-file (shared)"", ""ndcg5"": 0.0, ""mrr5"": 0.0, ""hit3"": 0, ""hit1"": 0, ""first_relevant_rank"": null}]","{""ADR (Table)"": ""CategoryMetrics(category='ADR (Table)', count=4, mean_ndcg5=0.803065766628649, mean_mrr5=0.7083333333333334, hit3_rate=1.0, hit1_rate=0.5)"", ""ADR (Exact)"": ""CategoryMetrics(category='ADR (Exact)', count=3, mean_ndcg5=0.7539531690476383, mean_mrr5=0.6666666666666666, hit3_rate=1.0, hit1_rate=0.3333333333333333)"", ""Non-file (hermes)"": ""CategoryMetrics(category='Non-file (hermes)', count=2, mean_ndcg5=0.5, mean_mrr5=0.5, hit3_rate=0.5, hit1_rate=0.5)"", ""Non-file (shared)"": ""CategoryMetrics(category='Non-file (shared)', count=1, mean_ndcg5=0.0, mean_mrr5=0.0, hit3_rate=0.0, hit1_rate=0.0)""}"
rrfK=15,rrfK,15,memory,10,0.6794434932122642,0.625,0.7,0.5,"[{""entry_id"": ""TS-01"", ""category"": ""ADR (Table)"", ""ndcg5"": 0.43067655807339306, ""mrr5"": 0.25, ""hit3"": 0, ""hit1"": 0, ""first_relevant_rank"": 4}, {""entry_id"": ""TS-02"", ""category"": ""ADR (Table)"", ""ndcg5"": 1.0, ""mrr5"": 1.0, ""hit3"": 1, ""hit1"": 1, ""first_relevant_rank"": 1}, {""entry_id"": ""TS-03"", ""category"": ""ADR (Table)"", ""ndcg5"": 0.7328286204777911, ""mrr5"": 0.5, ""hit3"": 1, ""hit1"": 0, ""first_relevant_rank"": 2}, {""entry_id"": ""TS-04"", ""category"": ""ADR (Table)"", ""ndcg5"": 1.0, ""mrr5"": 1.0, ""hit3"": 1, ""hit1"": 1, ""first_relevant_rank"": 1}, {""entry_id"": ""TS-05"", ""category"": ""ADR (Exact)"", ""ndcg5"": 1.0, ""mrr5"": 1.0, ""hit3"": 1, ""hit1"": 1, ""first_relevant_rank"": 1}, {""entry_id"": ""TS-06"", ""category"": ""ADR (Exact)"", ""ndcg5"": 0.6309297535714575, ""mrr5"": 0.5, ""hit3"": 1, ""hit1"": 0, ""first_relevant_rank"": 2}, {""entry_id"": ""TS-07"", ""category"": ""ADR (Exact)"", ""ndcg5"": 1.0, ""mrr5"": 1.0, ""hit3"": 1, ""hit1"": 1, ""first_relevant_rank"": 1}, {""entry_id"": ""TS-08"", ""category"": ""Non-file (hermes)"", ""ndcg5"": 0.0, ""mrr5"": 0.0, ""hit3"": 0, ""hit1"": 0, ""first_relevant_rank"": null}, {""entry_id"": ""TS-09"", ""category"": ""Non-file (hermes)"", ""ndcg5"": 1.0, ""mrr5"": 1.0, ""hit3"": 1, ""hit1"": 1, ""first_relevant_rank"": 1}, {""entry_id"": ""TS-10"", ""category"": ""Non-file (shared)"", ""ndcg5"": 0.0, ""mrr5"": 0.0, ""hit3"": 0, ""hit1"": 0, ""first_relevant_rank"": null}]","{""ADR (Table)"": ""CategoryMetrics(category='ADR (Table)', count=4, mean_ndcg5=0.7908762946377961, mean_mrr5=0.6875, hit3_rate=0.75, hit1_rate=0.5)"", ""ADR (Exact)"": ""CategoryMetrics(category='ADR (Exact)', count=3, mean_ndcg5=0.8769765845238192, mean_mrr5=0.8333333333333334, hit3_rate=1.0, hit1_rate=0.6666666666666666)"", ""Non-file (hermes)"": ""CategoryMetrics(category='Non-file (hermes)', count=2, mean_ndcg5=0.5, mean_mrr5=0.5, hit3_rate=0.5, hit1_rate=0.5)"", ""Non-file (shared)"": ""CategoryMetrics(category='Non-file (shared)', count=1, mean_ndcg5=0.0, mean_mrr5=0.0, hit3_rate=0.0, hit1_rate=0.0)""}"
rrfK=60,rrfK,60,memory,10,0.6999057219912211,0.6166666666666667,0.9,0.4,"[{""entry_id"": ""TS-01"", ""category"": ""ADR (Table)"", ""ndcg5"": 0.5437713091520254, ""mrr5"": 0.3333333333333333, ""hit3"": 1, ""hit1"": 0, ""first_relevant_rank"": 3}, {""entry_id"": ""TS-02"", ""category"": ""ADR (Table)"", ""ndcg5"": 1.0, ""mrr5"": 1.0, ""hit3"": 1, ""hit1"": 1, ""first_relevant_rank"": 1}, {""entry_id"": ""TS-03"", ""category"": ""ADR (Table)"", ""ndcg5"": 0.6934264036172708, ""mrr5"": 0.5, ""hit3"": 1, ""hit1"": 0, ""first_relevant_rank"": 2}, {""entry_id"": ""TS-04"", ""category"": ""ADR (Table)"", ""ndcg5"": 1.0, ""mrr5"": 1.0, ""hit3"": 1, ""hit1"": 1, ""first_relevant_rank"": 1}, {""entry_id"": ""TS-05"", ""category"": ""ADR (Exact)"", ""ndcg5"": 1.0, ""mrr5"": 1.0, ""hit3"": 1, ""hit1"": 1, ""first_relevant_rank"": 1}, {""entry_id"": ""TS-06"", ""category"": ""ADR (Exact)"", ""ndcg5"": 0.6309297535714575, ""mrr5"": 0.5, ""hit3"": 1, ""hit1"": 0, ""first_relevant_rank"": 2}, {""entry_id"": ""TS-07"", ""category"": ""ADR (Exact)"", ""ndcg5"": 0.6309297535714575, ""mrr5"": 0.5, ""hit3"": 1, ""hit1"": 0, ""first_relevant_rank"": 2}, {""entry_id"": ""TS-08"", ""category"": ""Non-file (hermes)"", ""ndcg5"": 0.5, ""mrr5"": 0.3333333333333333, ""hit3"": 1, ""hit1"": 0, ""first_relevant_rank"": 3}, {""entry_id"": ""TS-09"", ""category"": ""Non-file (hermes)"", ""ndcg5"": 1.0, ""mrr5"": 1.0, ""hit3"": 1, ""hit1"": 1, ""first_relevant_rank"": 1}, {""entry_id"": ""TS-10"", ""category"": ""Non-file (shared)"", ""ndcg5"": 0.0, ""mrr5"": 0.0, ""hit3"": 0, ""hit1"": 0, ""first_relevant_rank"": null}]","{""ADR (Table)"": ""CategoryMetrics(category='ADR (Table)', count=4, mean_ndcg5=0.809299428192324, mean_mrr5=0.7083333333333334, hit3_rate=1.0, hit1_rate=0.5)"", ""ADR (Exact)"": ""CategoryMetrics(category='ADR (Exact)', count=3, mean_ndcg5=0.7539531690476383, mean_mrr5=0.6666666666666666, hit3_rate=1.0, hit1_rate=0.3333333333333333)"", ""Non-file (hermes)"": ""CategoryMetrics(category='Non-file (hermes)', count=2, mean_ndcg5=0.75, mean_mrr5=0.6666666666666666, hit3_rate=1.0, hit1_rate=0.5)"", ""Non-file (shared)"": ""CategoryMetrics(category='Non-file (shared)', count=1, mean_ndcg5=0.0, mean_mrr5=0.0, hit3_rate=0.0, hit1_rate=0.0)""}"
rrfK=120,rrfK,120,memory,10,0.689405509605626,0.6083333333333333,0.8,0.4,"[{""entry_id"": ""TS-01"", ""category"": ""ADR (Table)"", ""ndcg5"": 1.0, ""mrr5"": 1.0, ""hit3"": 1, ""hit1"": 1, ""first_relevant_rank"": 1}, {""entry_id"": ""TS-02"", ""category"": ""ADR (Table)"", ""ndcg5"": 0.6309297535714575, ""mrr5"": 0.5, ""hit3"": 1, ""hit1"": 0, ""first_relevant_rank"": 2}, {""entry_id"": ""TS-03"", ""category"": ""ADR (Table)"", ""ndcg5"": 0.5012658353418871, ""mrr5"": 0.25, ""hit3"": 0, ""hit1"": 0, ""first_relevant_rank"": 4}, {""entry_id"": ""TS-04"", ""category"": ""ADR (Table)"", ""ndcg5"": 1.0, ""mrr5"": 1.0, ""hit3"": 1, ""hit1"": 1, ""first_relevant_rank"": 1}, {""entry_id"": ""TS-05"", ""category"": ""ADR (Exact)"", ""ndcg5"": 1.0, ""mrr5"": 1.0, ""hit3"": 1, ""hit1"": 1, ""first_relevant_rank"": 1}, {""entry_id"": ""TS-06"", ""category"": ""ADR (Exact)"", ""ndcg5"": 0.6309297535714575, ""mrr5"": 0.5, ""hit3"": 1, ""hit1"": 0, ""first_relevant_rank"": 2}, {""entry_id"": ""TS-07"", ""category"": ""ADR (Exact)"", ""ndcg5"": 0.6309297535714575, ""mrr5"": 0.5, ""hit3"": 1, ""hit1"": 0, ""first_relevant_rank"": 2}, {""entry_id"": ""TS-08"", ""category"": ""Non-file (hermes)"", ""ndcg5"": 0.5, ""mrr5"": 0.3333333333333333, ""hit3"": 1, ""hit1"": 0, ""first_relevant_rank"": 3}, {""entry_id"": ""TS-09"", ""category"": ""Non-file (hermes)"", ""ndcg5"": 1.0, ""mrr5"": 1.0, ""hit3"": 1, ""hit1"": 1, ""first_relevant_rank"": 1}, {""entry_id"": ""TS-10"", ""category"": ""Non-file (shared)"", ""ndcg5"": 0.0, ""mrr5"": 0.0, ""hit3"": 0, ""hit1"": 0, ""first_relevant_rank"": null}]","{""ADR (Table)"": ""CategoryMetrics(category='ADR (Table)', count=4, mean_ndcg5=0.7830488972283361, mean_mrr5=0.6875, hit3_rate=0.75, hit1_rate=0.5)"", ""ADR (Exact)"": ""CategoryMetrics(category='ADR (Exact)', count=3, mean_ndcg5=0.7539531690476383, mean_mrr5=0.6666666666666666, hit3_rate=1.0, hit1_rate=0.3333333333333333)"", ""Non-file (hermes)"": ""CategoryMetrics(category='Non-file (hermes)', count=2, mean_ndcg5=0.75, mean_mrr5=0.6666666666666666, hit3_rate=1.0, hit1_rate=0.5)"", ""Non-file (shared)"": ""CategoryMetrics(category='Non-file (shared)', count=1, mean_ndcg5=0.0, mean_mrr5=0.0, hit3_rate=0.0, hit1_rate=0.0)""}"
rrfK=200,rrfK,200,memory,10,0.731251004986256,0.6833333333333333,0.9,0.5,"[{""entry_id"": ""TS-01"", ""category"": ""ADR (Table)"", ""ndcg5"": 0.9197207891481876, ""mrr5"": 1.0, ""hit3"": 1, ""hit1"": 1, ""first_relevant_rank"": 1}, {""entry_id"": ""TS-02"", ""category"": ""ADR (Table)"", ""ndcg5"": 1.0, ""mrr5"": 1.0, ""hit3"": 1, ""hit1"": 1, ""first_relevant_rank"": 1}, {""entry_id"": ""TS-03"", ""category"": ""ADR (Table)"", ""ndcg5"": 0.6309297535714575, ""mrr5"": 0.5, ""hit3"": 1, ""hit1"": 0, ""first_relevant_rank"": 2}, {""entry_id"": ""TS-04"", ""category"": ""ADR (Table)"", ""ndcg5"": 1.0, ""mrr5"": 1.0, ""hit3"": 1, ""hit1"": 1, ""first_relevant_rank"": 1}, {""entry_id"": ""TS-05"", ""category"": ""ADR (Exact)"", ""ndcg5"": 1.0, ""mrr5"": 1.0, ""hit3"": 1, ""hit1"": 1, ""first_relevant_rank"": 1}, {""entry_id"": ""TS-06"", ""category"": ""ADR (Exact)"", ""ndcg5"": 0.6309297535714575, ""mrr5"": 0.5, ""hit3"": 1, ""hit1"": 0, ""first_relevant_rank"": 2}, {""entry_id"": ""TS-07"", ""category"": ""ADR (Exact)"", ""ndcg5"": 0.6309297535714575, ""mrr5"": 0.5, ""hit3"": 1, ""hit1"": 0, ""first_relevant_rank"": 2}, {""entry_id"": ""TS-08"", ""category"": ""Non-file (hermes)"", ""ndcg5"": 0.5, ""mrr5"": 0.3333333333333333, ""hit3"": 1, ""hit1"": 0, ""first_relevant_rank"": 3}, {""entry_id"": ""TS-09"", ""category"": ""Non-file (hermes)"", ""ndcg5"": 1.0, ""mrr5"": 1.0, ""hit3"": 1, ""hit1"": 1, ""first_relevant_rank"": 1}, {""entry_id"": ""TS-10"", ""category"": ""Non-file (shared)"", ""ndcg5"": 0.0, ""mrr5"": 0.0, ""hit3"": 0, ""hit1"": 0, ""first_relevant_rank"": null}]","{""ADR (Table)"": ""CategoryMetrics(category='ADR (Table)', count=4, mean_ndcg5=0.8876626356799113, mean_mrr5=0.875, hit3_rate=1.0, hit1_rate=0.75)"", ""ADR (Exact)"": ""CategoryMetrics(category='ADR (Exact)', count=3, mean_ndcg5=0.7539531690476383, mean_mrr5=0.6666666666666666, hit3_rate=1.0, hit1_rate=0.3333333333333333)"", ""Non-file (hermes)"": ""CategoryMetrics(category='Non-file (hermes)', count=2, mean_ndcg5=0.75, mean_mrr5=0.6666666666666666, hit3_rate=1.0, hit1_rate=0.5)"", ""Non-file (shared)"": ""CategoryMetrics(category='Non-file (shared)', count=1, mean_ndcg5=0.0, mean_mrr5=0.0, hit3_rate=0.0, hit1_rate=0.0)""}"
ftsWeight=0,ftsWeight,0,memory,10,0.4061606311644851,0.375,0.4,0.3,"[{""entry_id"": ""TS-01"", ""category"": ""ADR (Table)"", ""ndcg5"": 0.0, ""mrr5"": 0.0, ""hit3"": 0, ""hit1"": 0, ""first_relevant_rank"": null}, {""entry_id"": ""TS-02"", ""category"": ""ADR (Table)"", ""ndcg5"": 0.43067655807339306, ""mrr5"": 0.25, ""hit3"": 0, ""hit1"": 0, ""first_relevant_rank"": 4}, {""entry_id"": ""TS-03"", ""category"": ""ADR (Table)"", ""ndcg5"": 1.0, ""mrr5"": 1.0, ""hit3"": 1, ""hit1"": 1, ""first_relevant_rank"": 1}, {""entry_id"": ""TS-04"", ""category"": ""ADR (Table)"", ""ndcg5"": 1.0, ""mrr5"": 1.0, ""hit3"": 1, ""hit1"": 1, ""first_relevant_rank"": 1}, {""entry_id"": ""TS-05"", ""category"": ""ADR (Exact)"", ""ndcg5"": 0.0, ""mrr5"": 0.0, ""hit3"": 0, ""hit1"": 0, ""first_relevant_rank"": null}, {""entry_id"": ""TS-06"", ""category"": ""ADR (Exact)"", ""ndcg5"": 1.0, ""mrr5"": 1.0, ""hit3"": 1, ""hit1"": 1, ""first_relevant_rank"": 1}, {""entry_id"": ""TS-07"", ""category"": ""ADR (Exact)"", ""ndcg5"": 0.0, ""mrr5"": 0.0, ""hit3"": 0, ""hit1"": 0, ""first_relevant_rank"": null}, {""entry_id"": ""TS-08"", ""category"": ""Non-file (hermes)"", ""ndcg5"": 0.0, ""mrr5"": 0.0, ""hit3"": 0, ""hit1"": 0, ""first_relevant_rank"": null}, {""entry_id"": ""TS-09"", ""category"": ""Non-file (hermes)"", ""ndcg5"": 0.6309297535714575, ""mrr5"": 0.5, ""hit3"": 1, ""hit1"": 0, ""first_relevant_rank"": 2}, {""entry_id"": ""TS-10"", ""category"": ""Non-file (shared)"", ""ndcg5"": 0.0, ""mrr5"": 0.0, ""hit3"": 0, ""hit1"": 0, ""first_relevant_rank"": null}]","{""ADR (Table)"": ""CategoryMetrics(category='ADR (Table)', count=4, mean_ndcg5=0.6076691395183482, mean_mrr5=0.5625, hit3_rate=0.5, hit1_rate=0.5)"", ""ADR (Exact)"": ""CategoryMetrics(category='ADR (Exact)', count=3, mean_ndcg5=0.3333333333333333, mean_mrr5=0.3333333333333333, hit3_rate=0.3333333333333333, hit1_rate=0.3333333333333333)"", ""Non-file (hermes)"": ""CategoryMetrics(category='Non-file (hermes)', count=2, mean_ndcg5=0.31546487678572877, mean_mrr5=0.25, hit3_rate=0.5, hit1_rate=0.0)"", ""Non-file (shared)"": ""CategoryMetrics(category='Non-file (shared)', count=1, mean_ndcg5=0.0, mean_mrr5=0.0, hit3_rate=0.0, hit1_rate=0.0)""}"
ftsWeight=1,ftsWeight,1,memory,10,0.6999057219912211,0.6166666666666667,0.9,0.4,"[{""entry_id"": ""TS-01"", ""category"": ""ADR (Table)"", ""ndcg5"": 0.5437713091520254, ""mrr5"": 0.3333333333333333, ""hit3"": 1, ""hit1"": 0, ""first_relevant_rank"": 3}, {""entry_id"": ""TS-02"", ""category"": ""ADR (Table)"", ""ndcg5"": 1.0, ""mrr5"": 1.0, ""hit3"": 1, ""hit1"": 1, ""first_relevant_rank"": 1}, {""entry_id"": ""TS-03"", ""category"": ""ADR (Table)"", ""ndcg5"": 0.6934264036172708, ""mrr5"": 0.5, ""hit3"": 1, ""hit1"": 0, ""first_relevant_rank"": 2}, {""entry_id"": ""TS-04"", ""category"": ""ADR (Table)"", ""ndcg5"": 1.0, ""mrr5"": 1.0, ""hit3"": 1, ""hit1"": 1, ""first_relevant_rank"": 1}, {""entry_id"": ""TS-05"", ""category"": ""ADR (Exact)"", ""ndcg5"": 1.0, ""mrr5"": 1.0, ""hit3"": 1, ""hit1"": 1, ""first_relevant_rank"": 1}, {""entry_id"": ""TS-06"", ""category"": ""ADR (Exact)"", ""ndcg5"": 0.6309297535714575, ""mrr5"": 0.5, ""hit3"": 1, ""hit1"": 0, ""first_relevant_rank"": 2}, {""entry_id"": ""TS-07"", ""category"": ""ADR (Exact)"", ""ndcg5"": 0.6309297535714575, ""mrr5"": 0.5, ""hit3"": 1, ""hit1"": 0, ""first_relevant_rank"": 2}, {""entry_id"": ""TS-08"", ""category"": ""Non-file (hermes)"", ""ndcg5"": 0.5, ""mrr5"": 0.3333333333333333, ""hit3"": 1, ""hit1"": 0, ""first_relevant_rank"": 3}, {""entry_id"": ""TS-09"", ""category"": ""Non-file (hermes)"", ""ndcg5"": 1.0, ""mrr5"": 1.0, ""hit3"": 1, ""hit1"": 1, ""first_relevant_rank"": 1}, {""entry_id"": ""TS-10"", ""category"": ""Non-file (shared)"", ""ndcg5"": 0.0, ""mrr5"": 0.0, ""hit3"": 0, ""hit1"": 0, ""first_relevant_rank"": null}]","{""ADR (Table)"": ""CategoryMetrics(category='ADR (Table)', count=4, mean_ndcg5=0.809299428192324, mean_mrr5=0.7083333333333334, hit3_rate=1.0, hit1_rate=0.5)"", ""ADR (Exact)"": ""CategoryMetrics(category='ADR (Exact)', count=3, mean_ndcg5=0.7539531690476383, mean_mrr5=0.6666666666666666, hit3_rate=1.0, hit1_rate=0.3333333333333333)"", ""Non-file (hermes)"": ""CategoryMetrics(category='Non-file (hermes)', count=2, mean_ndcg5=0.75, mean_mrr5=0.6666666666666666, hit3_rate=1.0, hit1_rate=0.5)"", ""Non-file (shared)"": ""CategoryMetrics(category='Non-file (shared)', count=1, mean_ndcg5=0.0, mean_mrr5=0.0, hit3_rate=0.0, hit1_rate=0.0)""}"
ftsWeight=2,ftsWeight,2,memory,10,0.6579336430764025,0.6,0.8,0.4,"[{""entry_id"": ""TS-01"", ""category"": ""ADR (Table)"", ""ndcg5"": 0.6240505200038379, ""mrr5"": 0.5, ""hit3"": 1, ""hit1"": 0, ""first_relevant_rank"": 2}, {""entry_id"": ""TS-02"", ""category"": ""ADR (Table)"", ""ndcg5"": 1.0, ""mrr5"": 1.0, ""hit3"": 1, ""hit1"": 1, ""first_relevant_rank"": 1}, {""entry_id"": ""TS-03"", ""category"": ""ADR (Table)"", ""ndcg5"": 0.6934264036172708, ""mrr5"": 0.5, ""hit3"": 1, ""hit1"": 0, ""first_relevant_rank"": 2}, {""entry_id"": ""TS-04"", ""category"": ""ADR (Table)"", ""ndcg5"": 1.0, ""mrr5"": 1.0, ""hit3"": 1, ""hit1"": 1, ""first_relevant_rank"": 1}, {""entry_id"": ""TS-05"", ""category"": ""ADR (Exact)"", ""ndcg5"": 1.0, ""mrr5"": 1.0, ""hit3"": 1, ""hit1"": 1, ""first_relevant_rank"": 1}, {""entry_id"": ""TS-06"", ""category"": ""ADR (Exact)"", ""ndcg5"": 0.6309297535714575, ""mrr5"": 0.5, ""hit3"": 1, ""hit1"": 0, ""first_relevant_rank"": 2}, {""entry_id"": ""TS-07"", ""category"": ""ADR (Exact)"", ""ndcg5"": 0.6309297535714575, ""mrr5"": 0.5, ""hit3"": 1, ""hit1"": 0, ""first_relevant_rank"": 2}, {""entry_id"": ""TS-08"", ""category"": ""Non-file (hermes)"", ""ndcg5"": 0.0, ""mrr5"": 0.0, ""hit3"": 0, ""hit1"": 0, ""first_relevant_rank"": null}, {""entry_id"": ""TS-09"", ""category"": ""Non-file (hermes)"", ""ndcg5"": 1.0, ""mrr5"": 1.0, ""hit3"": 1, ""hit1"": 1, ""first_relevant_rank"": 1}, {""entry_id"": ""TS-10"", ""category"": ""Non-file (shared)"", ""ndcg5"": 0.0, ""mrr5"": 0.0, ""hit3"": 0, ""hit1"": 0, ""first_relevant_rank"": null}]","{""ADR (Table)"": ""CategoryMetrics(category='ADR (Table)', count=4, mean_ndcg5=0.8293692309052771, mean_mrr5=0.75, hit3_rate=1.0, hit1_rate=0.5)"", ""ADR (Exact)"": ""CategoryMetrics(category='ADR (Exact)', count=3, mean_ndcg5=0.7539531690476383, mean_mrr5=0.6666666666666666, hit3_rate=1.0, hit1_rate=0.3333333333333333)"", ""Non-file (hermes)"": ""CategoryMetrics(category='Non-file (hermes)', count=2, mean_ndcg5=0.5, mean_mrr5=0.5, hit3_rate=0.5, hit1_rate=0.5)"", ""Non-file (shared)"": ""CategoryMetrics(category='Non-file (shared)', count=1, mean_ndcg5=0.0, mean_mrr5=0.0, hit3_rate=0.0, hit1_rate=0.0)""}"
ftsWeight=3,ftsWeight,3,memory,10,0.729275401061697,0.67,0.8,0.5,"[{""entry_id"": ""TS-01"", ""category"": ""ADR (Table)"", ""ndcg5"": 0.6240505200038379, ""mrr5"": 0.5, ""hit3"": 1, ""hit1"": 0, ""first_relevant_rank"": 2}, {""entry_id"": ""TS-02"", ""category"": ""ADR (Table)"", ""ndcg5"": 1.0, ""mrr5"": 1.0, ""hit3"": 1, ""hit1"": 1, ""first_relevant_rank"": 1}, {""entry_id"": ""TS-03"", ""category"": ""ADR (Table)"", ""ndcg5"": 0.6509209298071326, ""mrr5"": 0.5, ""hit3"": 1, ""hit1"": 0, ""first_relevant_rank"": 2}, {""entry_id"": ""TS-04"", ""category"": ""ADR (Table)"", ""ndcg5"": 1.0, ""mrr5"": 1.0, ""hit3"": 1, ""hit1"": 1, ""first_relevant_rank"": 1}, {""entry_id"": ""TS-05"", ""category"": ""ADR (Exact)"", ""ndcg5"": 1.0, ""mrr5"": 1.0, ""hit3"": 1, ""hit1"": 1, ""first_relevant_rank"": 1}, {""entry_id"": ""TS-06"", ""category"": ""ADR (Exact)"", ""ndcg5"": 0.6309297535714575, ""mrr5"": 0.5, ""hit3"": 1, ""hit1"": 0, ""first_relevant_rank"": 2}, {""entry_id"": ""TS-07"", ""category"": ""ADR (Exact)"", ""ndcg5"": 1.0, ""mrr5"": 1.0, ""hit3"": 1, ""hit1"": 1, ""first_relevant_rank"": 1}, {""entry_id"": ""TS-08"", ""category"": ""Non-file (hermes)"", ""ndcg5"": 0.38685280723454163, ""mrr5"": 0.2, ""hit3"": 0, ""hit1"": 0, ""first_relevant_rank"": 5}, {""entry_id"": ""TS-09"", ""category"": ""Non-file (hermes)"", ""ndcg5"": 1.0, ""mrr5"": 1.0, ""hit3"": 1, ""hit1"": 1, ""first_relevant_rank"": 1}, {""entry_id"": ""TS-10"", ""category"": ""Non-file (shared)"", ""ndcg5"": 0.0, ""mrr5"": 0.0, ""hit3"": 0, ""hit1"": 0, ""first_relevant_rank"": null}]","{""ADR (Table)"": ""CategoryMetrics(category='ADR (Table)', count=4, mean_ndcg5=0.8187428624527426, mean_mrr5=0.75, hit3_rate=1.0, hit1_rate=0.5)"", ""ADR (Exact)"": ""CategoryMetrics(category='ADR (Exact)', count=3, mean_ndcg5=0.8769765845238192, mean_mrr5=0.8333333333333334, hit3_rate=1.0, hit1_rate=0.6666666666666666)"", ""Non-file (hermes)"": ""CategoryMetrics(category='Non-file (hermes)', count=2, mean_ndcg5=0.6934264036172708, mean_mrr5=0.6, hit3_rate=0.5, hit1_rate=0.5)"", ""Non-file (shared)"": ""CategoryMetrics(category='Non-file (shared)', count=1, mean_ndcg5=0.0, mean_mrr5=0.0, hit3_rate=0.0, hit1_rate=0.0)""}"
ftsWeight=5,ftsWeight,5,memory,10,0.6668703490613132,0.62,0.7,0.5,"[{""entry_id"": ""TS-01"", ""category"": ""ADR (Table)"", ""ndcg5"": 0.6509209298071326, ""mrr5"": 0.5, ""hit3"": 1, ""hit1"": 0, ""first_relevant_rank"": 2}, {""entry_id"": ""TS-02"", ""category"": ""ADR (Table)"", ""ndcg5"": 1.0, ""mrr5"": 1.0, ""hit3"": 1, ""hit1"": 1, ""first_relevant_rank"": 1}, {""entry_id"": ""TS-03"", ""category"": ""ADR (Table)"", ""ndcg5"": 0.0, ""mrr5"": 0.0, ""hit3"": 0, ""hit1"": 0, ""first_relevant_rank"": null}, {""entry_id"": ""TS-04"", ""category"": ""ADR (Table)"", ""ndcg5"": 1.0, ""mrr5"": 1.0, ""hit3"": 1, ""hit1"": 1, ""first_relevant_rank"": 1}, {""entry_id"": ""TS-05"", ""category"": ""ADR (Exact)"", ""ndcg5"": 1.0, ""mrr5"": 1.0, ""hit3"": 1, ""hit1"": 1, ""first_relevant_rank"": 1}, {""entry_id"": ""TS-06"", ""category"": ""ADR (Exact)"", ""ndcg5"": 0.6309297535714575, ""mrr5"": 0.5, ""hit3"": 1, ""hit1"": 0, ""first_relevant_rank"": 2}, {""entry_id"": ""TS-07"", ""category"": ""ADR (Exact)"", ""ndcg5"": 1.0, ""mrr5"": 1.0, ""hit3"": 1, ""hit1"": 1, ""first_relevant_rank"": 1}, {""entry_id"": ""TS-08"", ""category"": ""Non-file (hermes)"", ""ndcg5"": 0.38685280723454163, ""mrr5"": 0.2, ""hit3"": 0, ""hit1"": 0, ""first_relevant_rank"": 5}, {""entry_id"": ""TS-09"", ""category"": ""Non-file (hermes)"", ""ndcg5"": 1.0, ""mrr5"": 1.0, ""hit3"": 1, ""hit1"": 1, ""first_relevant_rank"": 1}, {""entry_id"": ""TS-10"", ""category"": ""Non-file (shared)"", ""ndcg5"": 0.0, ""mrr5"": 0.0, ""hit3"": 0, ""hit1"": 0, ""first_relevant_rank"": null}]","{""ADR (Table)"": ""CategoryMetrics(category='ADR (Table)', count=4, mean_ndcg5=0.6627302324517832, mean_mrr5=0.625, hit3_rate=0.75, hit1_rate=0.5)"", ""ADR (Exact)"": ""CategoryMetrics(category='ADR (Exact)', count=3, mean_ndcg5=0.8769765845238192, mean_mrr5=0.8333333333333334, hit3_rate=1.0, hit1_rate=0.6666666666666666)"", ""Non-file (hermes)"": ""CategoryMetrics(category='Non-file (hermes)', count=2, mean_ndcg5=0.6934264036172708, mean_mrr5=0.6, hit3_rate=0.5, hit1_rate=0.5)"", ""Non-file (shared)"": ""CategoryMetrics(category='Non-file (shared)', count=1, mean_ndcg5=0.0, mean_mrr5=0.0, hit3_rate=0.0, hit1_rate=0.0)""}"
ftsWeight=10,ftsWeight,10,memory,10,0.6281850683378589,0.6,0.7,0.5,"[{""entry_id"": ""TS-01"", ""category"": ""ADR (Table)"", ""ndcg5"": 0.6509209298071326, ""mrr5"": 0.5, ""hit3"": 1, ""hit1"": 0, ""first_relevant_rank"": 2}, {""entry_id"": ""TS-02"", ""category"": ""ADR (Table)"", ""ndcg5"": 0.6309297535714575, ""mrr5"": 0.5, ""hit3"": 1, ""hit1"": 0, ""first_relevant_rank"": 2}, {""entry_id"": ""TS-03"", ""category"": ""ADR (Table)"", ""ndcg5"": 0.0, ""mrr5"": 0.0, ""hit3"": 0, ""hit1"": 0, ""first_relevant_rank"": null}, {""entry_id"": ""TS-04"", ""category"": ""ADR (Table)"", ""ndcg5"": 1.0, ""mrr5"": 1.0, ""hit3"": 1, ""hit1"": 1, ""first_relevant_rank"": 1}, {""entry_id"": ""TS-05"", ""category"": ""ADR (Exact)"", ""ndcg5"": 1.0, ""mrr5"": 1.0, ""hit3"": 1, ""hit1"": 1, ""first_relevant_rank"": 1}, {""entry_id"": ""TS-06"", ""category"": ""ADR (Exact)"", ""ndcg5"": 1.0, ""mrr5"": 1.0, ""hit3"": 1, ""hit1"": 1, ""first_relevant_rank"": 1}, {""entry_id"": ""TS-07"", ""category"": ""ADR (Exact)"", ""ndcg5"": 1.0, ""mrr5"": 1.0, ""hit3"": 1, ""hit1"": 1, ""first_relevant_rank"": 1}, {""entry_id"": ""TS-08"", ""category"": ""Non-file (hermes)"", ""ndcg5"": 0.0, ""mrr5"": 0.0, ""hit3"": 0, ""hit1"": 0, ""first_relevant_rank"": null}, {""entry_id"": ""TS-09"", ""category"": ""Non-file (hermes)"", ""ndcg5"": 1.0, ""mrr5"": 1.0, ""hit3"": 1, ""hit1"": 1, ""first_relevant_rank"": 1}, {""entry_id"": ""TS-10"", ""category"": ""Non-file (shared)"", ""ndcg5"": 0.0, ""mrr5"": 0.0, ""hit3"": 0, ""hit1"": 0, ""first_relevant_rank"": null}]","{""ADR (Table)"": ""CategoryMetrics(category='ADR (Table)', count=4, mean_ndcg5=0.5704626708446475, mean_mrr5=0.5, hit3_rate=0.75, hit1_rate=0.25)"", ""ADR (Exact)"": ""CategoryMetrics(category='ADR (Exact)', count=3, mean_ndcg5=1.0, mean_mrr5=1.0, hit3_rate=1.0, hit1_rate=1.0)"", ""Non-file (hermes)"": ""CategoryMetrics(category='Non-file (hermes)', count=2, mean_ndcg5=0.5, mean_mrr5=0.5, hit3_rate=0.5, hit1_rate=0.5)"", ""Non-file (shared)"": ""CategoryMetrics(category='Non-file (shared)', count=1, mean_ndcg5=0.0, mean_mrr5=0.0, hit3_rate=0.0, hit1_rate=0.0)""}"
vectorWeight=0,vectorWeight,0,memory,10,0.5955285910760185,0.55,0.7,0.4,"[{""entry_id"": ""TS-01"", ""category"": ""ADR (Table)"", ""ndcg5"": 0.6934264036172708, ""mrr5"": 0.5, ""hit3"": 1, ""hit1"": 0, ""first_relevant_rank"": 2}, {""entry_id"": ""TS-02"", ""category"": ""ADR (Table)"", ""ndcg5"": 0.6309297535714575, ""mrr5"": 0.5, ""hit3"": 1, ""hit1"": 0, ""first_relevant_rank"": 2}, {""entry_id"": ""TS-03"", ""category"": ""ADR (Table)"", ""ndcg5"": 0.0, ""mrr5"": 0.0, ""hit3"": 0, ""hit1"": 0, ""first_relevant_rank"": null}, {""entry_id"": ""TS-04"", ""category"": ""ADR (Table)"", ""ndcg5"": 1.0, ""mrr5"": 1.0, ""hit3"": 1, ""hit1"": 1, ""first_relevant_rank"": 1}, {""entry_id"": ""TS-05"", ""category"": ""ADR (Exact)"", ""ndcg5"": 1.0, ""mrr5"": 1.0, ""hit3"": 1, ""hit1"": 1, ""first_relevant_rank"": 1}, {""entry_id"": ""TS-06"", ""category"": ""ADR (Exact)"", ""ndcg5"": 0.6309297535714575, ""mrr5"": 0.5, ""hit3"": 1, ""hit1"": 0, ""first_relevant_rank"": 2}, {""entry_id"": ""TS-07"", ""category"": ""ADR (Exact)"", ""ndcg5"": 1.0, ""mrr5"": 1.0, ""hit3"": 1, ""hit1"": 1, ""first_relevant_rank"": 1}, {""entry_id"": ""TS-08"", ""category"": ""Non-file (hermes)"", ""ndcg5"": 0.0, ""mrr5"": 0.0, ""hit3"": 0, ""hit1"": 0, ""first_relevant_rank"": null}, {""entry_id"": ""TS-09"", ""category"": ""Non-file (hermes)"", ""ndcg5"": 1.0, ""mrr5"": 1.0, ""hit3"": 1, ""hit1"": 1, ""first_relevant_rank"": 1}, {""entry_id"": ""TS-10"", ""category"": ""Non-file (shared)"", ""ndcg5"": 0.0, ""mrr5"": 0.0, ""hit3"": 0, ""hit1"": 0, ""first_relevant_rank"": null}]","{""ADR (Table)"": ""CategoryMetrics(category='ADR (Table)', count=4, mean_ndcg5=0.5810890392971821, mean_mrr5=0.5, hit3_rate=0.75, hit1_rate=0.25)"", ""ADR (Exact)"": ""CategoryMetrics(category='ADR (Exact)', count=3, mean_ndcg5=0.8769765845238192, mean_mrr5=0.8333333333333334, hit3_rate=1.0, hit1_rate=0.6666666666666666)"", ""Non-file (hermes)"": ""CategoryMetrics(category='Non-file (hermes)', count=2, mean_ndcg5=0.5, mean_mrr5=0.5, hit3_rate=0.5, hit1_rate=0.5)"", ""Non-file (shared)"": ""CategoryMetrics(category='Non-file (shared)', count=1, mean_ndcg5=0.0, mean_mrr5=0.0, hit3_rate=0.0, hit1_rate=0.0)""}"
vectorWeight=1,vectorWeight,1,memory,10,0.6999057219912211,0.6166666666666667,0.9,0.4,"[{""entry_id"": ""TS-01"", ""category"": ""ADR (Table)"", ""ndcg5"": 0.5437713091520254, ""mrr5"": 0.3333333333333333, ""hit3"": 1, ""hit1"": 0, ""first_relevant_rank"": 3}, {""entry_id"": ""TS-02"", ""category"": ""ADR (Table)"", ""ndcg5"": 1.0, ""mrr5"": 1.0, ""hit3"": 1, ""hit1"": 1, ""first_relevant_rank"": 1}, {""entry_id"": ""TS-03"", ""category"": ""ADR (Table)"", ""ndcg5"": 0.6934264036172708, ""mrr5"": 0.5, ""hit3"": 1, ""hit1"": 0, ""first_relevant_rank"": 2}, {""entry_id"": ""TS-04"", ""category"": ""ADR (Table)"", ""ndcg5"": 1.0, ""mrr5"": 1.0, ""hit3"": 1, ""hit1"": 1, ""first_relevant_rank"": 1}, {""entry_id"": ""TS-05"", ""category"": ""ADR (Exact)"", ""ndcg5"": 1.0, ""mrr5"": 1.0, ""hit3"": 1, ""hit1"": 1, ""first_relevant_rank"": 1}, {""entry_id"": ""TS-06"", ""category"": ""ADR (Exact)"", ""ndcg5"": 0.6309297535714575, ""mrr5"": 0.5, ""hit3"": 1, ""hit1"": 0, ""first_relevant_rank"": 2}, {""entry_id"": ""TS-07"", ""category"": ""ADR (Exact)"", ""ndcg5"": 0.6309297535714575, ""mrr5"": 0.5, ""hit3"": 1, ""hit1"": 0, ""first_relevant_rank"": 2}, {""entry_id"": ""TS-08"", ""category"": ""Non-file (hermes)"", ""ndcg5"": 0.5, ""mrr5"": 0.3333333333333333, ""hit3"": 1, ""hit1"": 0, ""first_relevant_rank"": 3}, {""entry_id"": ""TS-09"", ""category"": ""Non-file (hermes)"", ""ndcg5"": 1.0, ""mrr5"": 1.0, ""hit3"": 1, ""hit1"": 1, ""first_relevant_rank"": 1}, {""entry_id"": ""TS-10"", ""category"": ""Non-file (shared)"", ""ndcg5"": 0.0, ""mrr5"": 0.0, ""hit3"": 0, ""hit1"": 0, ""first_relevant_rank"": null}]","{""ADR (Table)"": ""CategoryMetrics(category='ADR (Table)', count=4, mean_ndcg5=0.809299428192324, mean_mrr5=0.7083333333333334, hit3_rate=1.0, hit1_rate=0.5)"", ""ADR (Exact)"": ""CategoryMetrics(category='ADR (Exact)', count=3, mean_ndcg5=0.7539531690476383, mean_mrr5=0.6666666666666666, hit3_rate=1.0, hit1_rate=0.3333333333333333)"", ""Non-file (hermes)"": ""CategoryMetrics(category='Non-file (hermes)', count=2, mean_ndcg5=0.75, mean_mrr5=0.6666666666666666, hit3_rate=1.0, hit1_rate=0.5)"", ""Non-file (shared)"": ""CategoryMetrics(category='Non-file (shared)', count=1, mean_ndcg5=0.0, mean_mrr5=0.0, hit3_rate=0.0, hit1_rate=0.0)""}"
vectorWeight=2,vectorWeight,2,memory,10,0.7036883398640711,0.625,0.8,0.4,"[{""entry_id"": ""TS-01"", ""category"": ""ADR (Table)"", ""ndcg5"": 0.6509209298071326, ""mrr5"": 0.5, ""hit3"": 1, ""hit1"": 0, ""first_relevant_rank"": 2}, {""entry_id"": ""TS-02"", ""category"": ""ADR (Table)"", ""ndcg5"": 1.0, ""mrr5"": 1.0, ""hit3"": 1, ""hit1"": 1, ""first_relevant_rank"": 1}, {""entry_id"": ""TS-03"", ""category"": ""ADR (Table)"", ""ndcg5"": 0.6934264036172708, ""mrr5"": 0.5, ""hit3"": 1, ""hit1"": 0, ""first_relevant_rank"": 2}, {""entry_id"": ""TS-04"", ""category"": ""ADR (Table)"", ""ndcg5"": 1.0, ""mrr5"": 1.0, ""hit3"": 1, ""hit1"": 1, ""first_relevant_rank"": 1}, {""entry_id"": ""TS-05"", ""category"": ""ADR (Exact)"", ""ndcg5"": 1.0, ""mrr5"": 1.0, ""hit3"": 1, ""hit1"": 1, ""first_relevant_rank"": 1}, {""entry_id"": ""TS-06"", ""category"": ""ADR (Exact)"", ""ndcg5"": 0.6309297535714575, ""mrr5"": 0.5, ""hit3"": 1, ""hit1"": 0, ""first_relevant_rank"": 2}, {""entry_id"": ""TS-07"", ""category"": ""ADR (Exact)"", ""ndcg5"": 0.6309297535714575, ""mrr5"": 0.5, ""hit3"": 1, ""hit1"": 0, ""first_relevant_rank"": 2}, {""entry_id"": ""TS-08"", ""category"": ""Non-file (hermes)"", ""ndcg5"": 0.43067655807339306, ""mrr5"": 0.25, ""hit3"": 0, ""hit1"": 0, ""first_relevant_rank"": 4}, {""entry_id"": ""TS-09"", ""category"": ""Non-file (hermes)"", ""ndcg5"": 1.0, ""mrr5"": 1.0, ""hit3"": 1, ""hit1"": 1, ""first_relevant_rank"": 1}, {""entry_id"": ""TS-10"", ""category"": ""Non-file (shared)"", ""ndcg5"": 0.0, ""mrr5"": 0.0, ""hit3"": 0, ""hit1"": 0, ""first_relevant_rank"": null}]","{""ADR (Table)"": ""CategoryMetrics(category='ADR (Table)', count=4, mean_ndcg5=0.8360868333561009, mean_mrr5=0.75, hit3_rate=1.0, hit1_rate=0.5)"", ""ADR (Exact)"": ""CategoryMetrics(category='ADR (Exact)', count=3, mean_ndcg5=0.7539531690476383, mean_mrr5=0.6666666666666666, hit3_rate=1.0, hit1_rate=0.3333333333333333)"", ""Non-file (hermes)"": ""CategoryMetrics(category='Non-file (hermes)', count=2, mean_ndcg5=0.7153382790366966, mean_mrr5=0.625, hit3_rate=0.5, hit1_rate=0.5)"", ""Non-file (shared)"": ""CategoryMetrics(category='Non-file (shared)', count=1, mean_ndcg5=0.0, mean_mrr5=0.0, hit3_rate=0.0, hit1_rate=0.0)""}"
vectorWeight=3,vectorWeight,3,memory,10,0.6868127466340754,0.6333333333333333,0.8,0.5,"[{""entry_id"": ""TS-01"", ""category"": ""ADR (Table)"", ""ndcg5"": 0.5437713091520254, ""mrr5"": 0.3333333333333333, ""hit3"": 1, ""hit1"": 0, ""first_relevant_rank"": 3}, {""entry_id"": ""TS-02"", ""category"": ""ADR (Table)"", ""ndcg5"": 1.0, ""mrr5"": 1.0, ""hit3"": 1, ""hit1"": 1, ""first_relevant_rank"": 1}, {""entry_id"": ""TS-03"", ""category"": ""ADR (Table)"", ""ndcg5"": 0.6934264036172708, ""mrr5"": 0.5, ""hit3"": 1, ""hit1"": 0, ""first_relevant_rank"": 2}, {""entry_id"": ""TS-04"", ""category"": ""ADR (Table)"", ""ndcg5"": 1.0, ""mrr5"": 1.0, ""hit3"": 1, ""hit1"": 1, ""first_relevant_rank"": 1}, {""entry_id"": ""TS-05"", ""category"": ""ADR (Exact)"", ""ndcg5"": 1.0, ""mrr5"": 1.0, ""hit3"": 1, ""hit1"": 1, ""first_relevant_rank"": 1}, {""entry_id"": ""TS-06"", ""category"": ""ADR (Exact)"", ""ndcg5"": 0.6309297535714575, ""mrr5"": 0.5, ""hit3"": 1, ""hit1"": 0, ""first_relevant_rank"": 2}, {""entry_id"": ""TS-07"", ""category"": ""ADR (Exact)"", ""ndcg5"": 1.0, ""mrr5"": 1.0, ""hit3"": 1, ""hit1"": 1, ""first_relevant_rank"": 1}, {""entry_id"": ""TS-08"", ""category"": ""Non-file (hermes)"", ""ndcg5"": 0.0, ""mrr5"": 0.0, ""hit3"": 0, ""hit1"": 0, ""first_relevant_rank"": null}, {""entry_id"": ""TS-09"", ""category"": ""Non-file (hermes)"", ""ndcg5"": 1.0, ""mrr5"": 1.0, ""hit3"": 1, ""hit1"": 1, ""first_relevant_rank"": 1}, {""entry_id"": ""TS-10"", ""category"": ""Non-file (shared)"", ""ndcg5"": 0.0, ""mrr5"": 0.0, ""hit3"": 0, ""hit1"": 0, ""first_relevant_rank"": null}]","{""ADR (Table)"": ""CategoryMetrics(category='ADR (Table)', count=4, mean_ndcg5=0.809299428192324, mean_mrr5=0.7083333333333334, hit3_rate=1.0, hit1_rate=0.5)"", ""ADR (Exact)"": ""CategoryMetrics(category='ADR (Exact)', count=3, mean_ndcg5=0.8769765845238192, mean_mrr5=0.8333333333333334, hit3_rate=1.0, hit1_rate=0.6666666666666666)"", ""Non-file (hermes)"": ""CategoryMetrics(category='Non-file (hermes)', count=2, mean_ndcg5=0.5, mean_mrr5=0.5, hit3_rate=0.5, hit1_rate=0.5)"", ""Non-file (shared)"": ""CategoryMetrics(category='Non-file (shared)', count=1, mean_ndcg5=0.0, mean_mrr5=0.0, hit3_rate=0.0, hit1_rate=0.0)""}"
vectorWeight=5,vectorWeight,5,memory,10,0.471120896442327,0.42000000000000004,0.5,0.3,"[{""entry_id"": ""TS-01"", ""category"": ""ADR (Table)"", ""ndcg5"": 0.38685280723454163, ""mrr5"": 0.2, ""hit3"": 0, ""hit1"": 0, ""first_relevant_rank"": 5}, {""entry_id"": ""TS-02"", ""category"": ""ADR (Table)"", ""ndcg5"": 1.0, ""mrr5"": 1.0, ""hit3"": 1, ""hit1"": 1, ""first_relevant_rank"": 1}, {""entry_id"": ""TS-03"", ""category"": ""ADR (Table)"", ""ndcg5"": 0.6934264036172708, ""mrr5"": 0.5, ""hit3"": 1, ""hit1"": 0, ""first_relevant_rank"": 2}, {""entry_id"": ""TS-04"", ""category"": ""ADR (Table)"", ""ndcg5"": 1.0, ""mrr5"": 1.0, ""hit3"": 1, ""hit1"": 1, ""first_relevant_rank"": 1}, {""entry_id"": ""TS-05"", ""category"": ""ADR (Exact)"", ""ndcg5"": 0.0, ""mrr5"": 0.0, ""hit3"": 0, ""hit1"": 0, ""first_relevant_rank"": null}, {""entry_id"": ""TS-06"", ""category"": ""ADR (Exact)"", ""ndcg5"": 0.6309297535714575, ""mrr5"": 0.5, ""hit3"": 1, ""hit1"": 0, ""first_relevant_rank"": 2}, {""entry_id"": ""TS-07"", ""category"": ""ADR (Exact)"", ""ndcg5"": 0.0, ""mrr5"": 0.0, ""hit3"": 0, ""hit1"": 0, ""first_relevant_rank"": null}, {""entry_id"": ""TS-08"", ""category"": ""Non-file (hermes)"", ""ndcg5"": 0.0, ""mrr5"": 0.0, ""hit3"": 0, ""hit1"": 0, ""first_relevant_rank"": null}, {""entry_id"": ""TS-09"", ""category"": ""Non-file (hermes)"", ""ndcg5"": 1.0, ""mrr5"": 1.0, ""hit3"": 1, ""hit1"": 1, ""first_relevant_rank"": 1}, {""entry_id"": ""TS-10"", ""category"": ""Non-file (shared)"", ""ndcg5"": 0.0, ""mrr5"": 0.0, ""hit3"": 0, ""hit1"": 0, ""first_relevant_rank"": null}]","{""ADR (Table)"": ""CategoryMetrics(category='ADR (Table)', count=4, mean_ndcg5=0.7700698027129531, mean_mrr5=0.675, hit3_rate=0.75, hit1_rate=0.5)"", ""ADR (Exact)"": ""CategoryMetrics(category='ADR (Exact)', count=3, mean_ndcg5=0.2103099178571525, mean_mrr5=0.16666666666666666, hit3_rate=0.3333333333333333, hit1_rate=0.0)"", ""Non-file (hermes)"": ""CategoryMetrics(category='Non-file (hermes)', count=2, mean_ndcg5=0.5, mean_mrr5=0.5, hit3_rate=0.5, hit1_rate=0.5)"", ""Non-file (shared)"": ""CategoryMetrics(category='Non-file (shared)', count=1, mean_ndcg5=0.0, mean_mrr5=0.0, hit3_rate=0.0, hit1_rate=0.0)""}"
vectorWeight=10,vectorWeight,10,memory,10,0.4648712314377457,0.42000000000000004,0.5,0.3,"[{""entry_id"": ""TS-01"", ""category"": ""ADR (Table)"", ""ndcg5"": 0.38685280723454163, ""mrr5"": 0.2, ""hit3"": 0, ""hit1"": 0, ""first_relevant_rank"": 5}, {""entry_id"": ""TS-02"", ""category"": ""ADR (Table)"", ""ndcg5"": 0.6309297535714575, ""mrr5"": 0.5, ""hit3"": 1, ""hit1"": 0, ""first_relevant_rank"": 2}, {""entry_id"": ""TS-03"", ""category"": ""ADR (Table)"", ""ndcg5"": 1.0, ""mrr5"": 1.0, ""hit3"": 1, ""hit1"": 1, ""first_relevant_rank"": 1}, {""entry_id"": ""TS-04"", ""category"": ""ADR (Table)"", ""ndcg5"": 1.0, ""mrr5"": 1.0, ""hit3"": 1, ""hit1"": 1, ""first_relevant_rank"": 1}, {""entry_id"": ""TS-05"", ""category"": ""ADR (Exact)"", ""ndcg5"": 0.0, ""mrr5"": 0.0, ""hit3"": 0, ""hit1"": 0, ""first_relevant_rank"": null}, {""entry_id"": ""TS-06"", ""category"": ""ADR (Exact)"", ""ndcg5"": 0.6309297535714575, ""mrr5"": 0.5, ""hit3"": 1, ""hit1"": 0, ""first_relevant_rank"": 2}, {""entry_id"": ""TS-07"", ""category"": ""ADR (Exact)"", ""ndcg5"": 0.0, ""mrr5"": 0.0, ""hit3"": 0, ""hit1"": 0, ""first_relevant_rank"": null}, {""entry_id"": ""TS-08"", ""category"": ""Non-file (hermes)"", ""ndcg5"": 0.0, ""mrr5"": 0.0, ""hit3"": 0, ""hit1"": 0, ""first_relevant_rank"": null}, {""entry_id"": ""TS-09"", ""category"": ""Non-file (hermes)"", ""ndcg5"": 1.0, ""mrr5"": 1.0, ""hit3"": 1, ""hit1"": 1, ""first_relevant_rank"": 1}, {""entry_id"": ""TS-10"", ""category"": ""Non-file (shared)"", ""ndcg5"": 0.0, ""mrr5"": 0.0, ""hit3"": 0, ""hit1"": 0, ""first_relevant_rank"": null}]","{""ADR (Table)"": ""CategoryMetrics(category='ADR (Table)', count=4, mean_ndcg5=0.7544456402014998, mean_mrr5=0.675, hit3_rate=0.75, hit1_rate=0.5)"", ""ADR (Exact)"": ""CategoryMetrics(category='ADR (Exact)', count=3, mean_ndcg5=0.2103099178571525, mean_mrr5=0.16666666666666666, hit3_rate=0.3333333333333333, hit1_rate=0.0)"", ""Non-file (hermes)"": ""CategoryMetrics(category='Non-file (hermes)', count=2, mean_ndcg5=0.5, mean_mrr5=0.5, hit3_rate=0.5, hit1_rate=0.5)"", ""Non-file (shared)"": ""CategoryMetrics(category='Non-file (shared)', count=1, mean_ndcg5=0.0, mean_mrr5=0.0, hit3_rate=0.0, hit1_rate=0.0)""}"
sourceLambda=0,sourceLambda,0,memory,10,0.6794434932122642,0.5916666666666667,0.8,0.4,"[{""entry_id"": ""TS-01"", ""category"": ""ADR (Table)"", ""ndcg5"": 0.5, ""mrr5"": 0.3333333333333333, ""hit3"": 1, ""hit1"": 0, ""first_relevant_rank"": 3}, {""entry_id"": ""TS-02"", ""category"": ""ADR (Table)"", ""ndcg5"": 1.0, ""mrr5"": 1.0, ""hit3"": 1, ""hit1"": 1, ""first_relevant_rank"": 1}, {""entry_id"": ""TS-03"", ""category"": ""ADR (Table)"", ""ndcg5"": 0.7328286204777911, ""mrr5"": 0.5, ""hit3"": 1, ""hit1"": 0, ""first_relevant_rank"": 2}, {""entry_id"": ""TS-04"", ""category"": ""ADR (Table)"", ""ndcg5"": 1.0, ""mrr5"": 1.0, ""hit3"": 1, ""hit1"": 1, ""first_relevant_rank"": 1}, {""entry_id"": ""TS-05"", ""category"": ""ADR (Exact)"", ""ndcg5"": 1.0, ""mrr5"": 1.0, ""hit3"": 1, ""hit1"": 1, ""first_relevant_rank"": 1}, {""entry_id"": ""TS-06"", ""category"": ""ADR (Exact)"", ""ndcg5"": 0.6309297535714575, ""mrr5"": 0.5, ""hit3"": 1, ""hit1"": 0, ""first_relevant_rank"": 2}, {""entry_id"": ""TS-07"", ""category"": ""ADR (Exact)"", ""ndcg5"": 0.43067655807339306, ""mrr5"": 0.25, ""hit3"": 0, ""hit1"": 0, ""first_relevant_rank"": 4}, {""entry_id"": ""TS-08"", ""category"": ""Non-file (hermes)"", ""ndcg5"": 0.5, ""mrr5"": 0.3333333333333333, ""hit3"": 1, ""hit1"": 0, ""first_relevant_rank"": 3}, {""entry_id"": ""TS-09"", ""category"": ""Non-file (hermes)"", ""ndcg5"": 1.0, ""mrr5"": 1.0, ""hit3"": 1, ""hit1"": 1, ""first_relevant_rank"": 1}, {""entry_id"": ""TS-10"", ""category"": ""Non-file (shared)"", ""ndcg5"": 0.0, ""mrr5"": 0.0, ""hit3"": 0, ""hit1"": 0, ""first_relevant_rank"": null}]","{""ADR (Table)"": ""CategoryMetrics(category='ADR (Table)', count=4, mean_ndcg5=0.8082071551194477, mean_mrr5=0.7083333333333334, hit3_rate=1.0, hit1_rate=0.5)"", ""ADR (Exact)"": ""CategoryMetrics(category='ADR (Exact)', count=3, mean_ndcg5=0.6872021038816168, mean_mrr5=0.5833333333333334, hit3_rate=0.6666666666666666, hit1_rate=0.3333333333333333)"", ""Non-file (hermes)"": ""CategoryMetrics(category='Non-file (hermes)', count=2, mean_ndcg5=0.75, mean_mrr5=0.6666666666666666, hit3_rate=1.0, hit1_rate=0.5)"", ""Non-file (shared)"": ""CategoryMetrics(category='Non-file (shared)', count=1, mean_ndcg5=0.0, mean_mrr5=0.0, hit3_rate=0.0, hit1_rate=0.0)""}"
sourceLambda=0.05,sourceLambda,0.05,memory,10,0.7038459436772732,0.6166666666666667,0.9,0.4,"[{""entry_id"": ""TS-01"", ""category"": ""ADR (Table)"", ""ndcg5"": 0.5437713091520254, ""mrr5"": 0.3333333333333333, ""hit3"": 1, ""hit1"": 0, ""first_relevant_rank"": 3}, {""entry_id"": ""TS-02"", ""category"": ""ADR (Table)"", ""ndcg5"": 1.0, ""mrr5"": 1.0, ""hit3"": 1, ""hit1"": 1, ""first_relevant_rank"": 1}, {""entry_id"": ""TS-03"", ""category"": ""ADR (Table)"", ""ndcg5"": 0.7328286204777911, ""mrr5"": 0.5, ""hit3"": 1, ""hit1"": 0, ""first_relevant_rank"": 2}, {""entry_id"": ""TS-04"", ""category"": ""ADR (Table)"", ""ndcg5"": 1.0, ""mrr5"": 1.0, ""hit3"": 1, ""hit1"": 1, ""first_relevant_rank"": 1}, {""entry_id"": ""TS-05"", ""category"": ""ADR (Exact)"", ""ndcg5"": 1.0, ""mrr5"": 1.0, ""hit3"": 1, ""hit1"": 1, ""first_relevant_rank"": 1}, {""entry_id"": ""TS-06"", ""category"": ""ADR (Exact)"", ""ndcg5"": 0.6309297535714575, ""mrr5"": 0.5, ""hit3"": 1, ""hit1"": 0, ""first_relevant_rank"": 2}, {""entry_id"": ""TS-07"", ""category"": ""ADR (Exact)"", ""ndcg5"": 0.6309297535714575, ""mrr5"": 0.5, ""hit3"": 1, ""hit1"": 0, ""first_relevant_rank"": 2}, {""entry_id"": ""TS-08"", ""category"": ""Non-file (hermes)"", ""ndcg5"": 0.5, ""mrr5"": 0.3333333333333333, ""hit3"": 1, ""hit1"": 0, ""first_relevant_rank"": 3}, {""entry_id"": ""TS-09"", ""category"": ""Non-file (hermes)"", ""ndcg5"": 1.0, ""mrr5"": 1.0, ""hit3"": 1, ""hit1"": 1, ""first_relevant_rank"": 1}, {""entry_id"": ""TS-10"", ""category"": ""Non-file (shared)"", ""ndcg5"": 0.0, ""mrr5"": 0.0, ""hit3"": 0, ""hit1"": 0, ""first_relevant_rank"": null}]","{""ADR (Table)"": ""CategoryMetrics(category='ADR (Table)', count=4, mean_ndcg5=0.8191499824074542, mean_mrr5=0.7083333333333334, hit3_rate=1.0, hit1_rate=0.5)"", ""ADR (Exact)"": ""CategoryMetrics(category='ADR (Exact)', count=3, mean_ndcg5=0.7539531690476383, mean_mrr5=0.6666666666666666, hit3_rate=1.0, hit1_rate=0.3333333333333333)"", ""Non-file (hermes)"": ""CategoryMetrics(category='Non-file (hermes)', count=2, mean_ndcg5=0.75, mean_mrr5=0.6666666666666666, hit3_rate=1.0, hit1_rate=0.5)"", ""Non-file (shared)"": ""CategoryMetrics(category='Non-file (shared)', count=1, mean_ndcg5=0.0, mean_mrr5=0.0, hit3_rate=0.0, hit1_rate=0.0)""}"
sourceLambda=0.1,sourceLambda,0.1,memory,10,0.6999057219912211,0.6166666666666667,0.9,0.4,"[{""entry_id"": ""TS-01"", ""category"": ""ADR (Table)"", ""ndcg5"": 0.5437713091520254, ""mrr5"": 0.3333333333333333, ""hit3"": 1, ""hit1"": 0, ""first_relevant_rank"": 3}, {""entry_id"": ""TS-02"", ""category"": ""ADR (Table)"", ""ndcg5"": 1.0, ""mrr5"": 1.0, ""hit3"": 1, ""hit1"": 1, ""first_relevant_rank"": 1}, {""entry_id"": ""TS-03"", ""category"": ""ADR (Table)"", ""ndcg5"": 0.6934264036172708, ""mrr5"": 0.5, ""hit3"": 1, ""hit1"": 0, ""first_relevant_rank"": 2}, {""entry_id"": ""TS-04"", ""category"": ""ADR (Table)"", ""ndcg5"": 1.0, ""mrr5"": 1.0, ""hit3"": 1, ""hit1"": 1, ""first_relevant_rank"": 1}, {""entry_id"": ""TS-05"", ""category"": ""ADR (Exact)"", ""ndcg5"": 1.0, ""mrr5"": 1.0, ""hit3"": 1, ""hit1"": 1, ""first_relevant_rank"": 1}, {""entry_id"": ""TS-06"", ""category"": ""ADR (Exact)"", ""ndcg5"": 0.6309297535714575, ""mrr5"": 0.5, ""hit3"": 1, ""hit1"": 0, ""first_relevant_rank"": 2}, {""entry_id"": ""TS-07"", ""category"": ""ADR (Exact)"", ""ndcg5"": 0.6309297535714575, ""mrr5"": 0.5, ""hit3"": 1, ""hit1"": 0, ""first_relevant_rank"": 2}, {""entry_id"": ""TS-08"", ""category"": ""Non-file (hermes)"", ""ndcg5"": 0.5, ""mrr5"": 0.3333333333333333, ""hit3"": 1, ""hit1"": 0, ""first_relevant_rank"": 3}, {""entry_id"": ""TS-09"", ""category"": ""Non-file (hermes)"", ""ndcg5"": 1.0, ""mrr5"": 1.0, ""hit3"": 1, ""hit1"": 1, ""first_relevant_rank"": 1}, {""entry_id"": ""TS-10"", ""category"": ""Non-file (shared)"", ""ndcg5"": 0.0, ""mrr5"": 0.0, ""hit3"": 0, ""hit1"": 0, ""first_relevant_rank"": null}]","{""ADR (Table)"": ""CategoryMetrics(category='ADR (Table)', count=4, mean_ndcg5=0.809299428192324, mean_mrr5=0.7083333333333334, hit3_rate=1.0, hit1_rate=0.5)"", ""ADR (Exact)"": ""CategoryMetrics(category='ADR (Exact)', count=3, mean_ndcg5=0.7539531690476383, mean_mrr5=0.6666666666666666, hit3_rate=1.0, hit1_rate=0.3333333333333333)"", ""Non-file (hermes)"": ""CategoryMetrics(category='Non-file (hermes)', count=2, mean_ndcg5=0.75, mean_mrr5=0.6666666666666666, hit3_rate=1.0, hit1_rate=0.5)"", ""Non-file (shared)"": ""CategoryMetrics(category='Non-file (shared)', count=1, mean_ndcg5=0.0, mean_mrr5=0.0, hit3_rate=0.0, hit1_rate=0.0)""}"
sourceLambda=0.2,sourceLambda,0.2,memory,10,0.6429733777985605,0.5416666666666667,0.8,0.3,"[{""entry_id"": ""TS-01"", ""category"": ""ADR (Table)"", ""ndcg5"": 0.5437713091520254, ""mrr5"": 0.3333333333333333, ""hit3"": 1, ""hit1"": 0, ""first_relevant_rank"": 3}, {""entry_id"": ""TS-02"", ""category"": ""ADR (Table)"", ""ndcg5"": 0.43067655807339306, ""mrr5"": 0.25, ""hit3"": 0, ""hit1"": 0, ""first_relevant_rank"": 4}, {""entry_id"": ""TS-03"", ""category"": ""ADR (Table)"", ""ndcg5"": 0.6934264036172708, ""mrr5"": 0.5, ""hit3"": 1, ""hit1"": 0, ""first_relevant_rank"": 2}, {""entry_id"": ""TS-04"", ""category"": ""ADR (Table)"", ""ndcg5"": 1.0, ""mrr5"": 1.0, ""hit3"": 1, ""hit1"": 1, ""first_relevant_rank"": 1}, {""entry_id"": ""TS-05"", ""category"": ""ADR (Exact)"", ""ndcg5"": 1.0, ""mrr5"": 1.0, ""hit3"": 1, ""hit1"": 1, ""first_relevant_rank"": 1}, {""entry_id"": ""TS-06"", ""category"": ""ADR (Exact)"", ""ndcg5"": 0.6309297535714575, ""mrr5"": 0.5, ""hit3"": 1, ""hit1"": 0, ""first_relevant_rank"": 2}, {""entry_id"": ""TS-07"", ""category"": ""ADR (Exact)"", ""ndcg5"": 0.6309297535714575, ""mrr5"": 0.5, ""hit3"": 1, ""hit1"": 0, ""first_relevant_rank"": 2}, {""entry_id"": ""TS-08"", ""category"": ""Non-file (hermes)"", ""ndcg5"": 0.5, ""mrr5"": 0.3333333333333333, ""hit3"": 1, ""hit1"": 0, ""first_relevant_rank"": 3}, {""entry_id"": ""TS-09"", ""category"": ""Non-file (hermes)"", ""ndcg5"": 1.0, ""mrr5"": 1.0, ""hit3"": 1, ""hit1"": 1, ""first_relevant_rank"": 1}, {""entry_id"": ""TS-10"", ""category"": ""Non-file (shared)"", ""ndcg5"": 0.0, ""mrr5"": 0.0, ""hit3"": 0, ""hit1"": 0, ""first_relevant_rank"": null}]","{""ADR (Table)"": ""CategoryMetrics(category='ADR (Table)', count=4, mean_ndcg5=0.6669685677106724, mean_mrr5=0.5208333333333334, hit3_rate=0.75, hit1_rate=0.25)"", ""ADR (Exact)"": ""CategoryMetrics(category='ADR (Exact)', count=3, mean_ndcg5=0.7539531690476383, mean_mrr5=0.6666666666666666, hit3_rate=1.0, hit1_rate=0.3333333333333333)"", ""Non-file (hermes)"": ""CategoryMetrics(category='Non-file (hermes)', count=2, mean_ndcg5=0.75, mean_mrr5=0.6666666666666666, hit3_rate=1.0, hit1_rate=0.5)"", ""Non-file (shared)"": ""CategoryMetrics(category='Non-file (shared)', count=1, mean_ndcg5=0.0, mean_mrr5=0.0, hit3_rate=0.0, hit1_rate=0.0)""}"
sourceLambda=0.3,sourceLambda,0.3,memory,10,0.5629986973483668,0.4666666666666667,0.8,0.2,"[{""entry_id"": ""TS-01"", ""category"": ""ADR (Table)"", ""ndcg5"": 0.5437713091520254, ""mrr5"": 0.3333333333333333, ""hit3"": 1, ""hit1"": 0, ""first_relevant_rank"": 3}, {""entry_id"": ""TS-02"", ""category"": ""ADR (Table)"", ""ndcg5"": 0.0, ""mrr5"": 0.0, ""hit3"": 0, ""hit1"": 0, ""first_relevant_rank"": null}, {""entry_id"": ""TS-03"", ""category"": ""ADR (Table)"", ""ndcg5"": 0.6934264036172708, ""mrr5"": 0.5, ""hit3"": 1, ""hit1"": 0, ""first_relevant_rank"": 2}, {""entry_id"": ""TS-04"", ""category"": ""ADR (Table)"", ""ndcg5"": 1.0, ""mrr5"": 1.0, ""hit3"": 1, ""hit1"": 1, ""first_relevant_rank"": 1}, {""entry_id"": ""TS-05"", ""category"": ""ADR (Exact)"", ""ndcg5"": 0.6309297535714575, ""mrr5"": 0.5, ""hit3"": 1, ""hit1"": 0, ""first_relevant_rank"": 2}, {""entry_id"": ""TS-06"", ""category"": ""ADR (Exact)"", ""ndcg5"": 0.6309297535714575, ""mrr5"": 0.5, ""hit3"": 1, ""hit1"": 0, ""first_relevant_rank"": 2}, {""entry_id"": ""TS-07"", ""category"": ""ADR (Exact)"", ""ndcg5"": 0.6309297535714575, ""mrr5"": 0.5, ""hit3"": 1, ""hit1"": 0, ""first_relevant_rank"": 2}, {""entry_id"": ""TS-08"", ""category"": ""Non-file (hermes)"", ""ndcg5"": 0.5, ""mrr5"": 0.3333333333333333, ""hit3"": 1, ""hit1"": 0, ""first_relevant_rank"": 3}, {""entry_id"": ""TS-09"", ""category"": ""Non-file (hermes)"", ""ndcg5"": 1.0, ""mrr5"": 1.0, ""hit3"": 1, ""hit1"": 1, ""first_relevant_rank"": 1}, {""entry_id"": ""TS-10"", ""category"": ""Non-file (shared)"", ""ndcg5"": 0.0, ""mrr5"": 0.0, ""hit3"": 0, ""hit1"": 0, ""first_relevant_rank"": null}]","{""ADR (Table)"": ""CategoryMetrics(category='ADR (Table)', count=4, mean_ndcg5=0.559299428192324, mean_mrr5=0.4583333333333333, hit3_rate=0.75, hit1_rate=0.25)"", ""ADR (Exact)"": ""CategoryMetrics(category='ADR (Exact)', count=3, mean_ndcg5=0.6309297535714575, mean_mrr5=0.5, hit3_rate=1.0, hit1_rate=0.0)"", ""Non-file (hermes)"": ""CategoryMetrics(category='Non-file (hermes)', count=2, mean_ndcg5=0.75, mean_mrr5=0.6666666666666666, hit3_rate=1.0, hit1_rate=0.5)"", ""Non-file (shared)"": ""CategoryMetrics(category='Non-file (shared)', count=1, mean_ndcg5=0.0, mean_mrr5=0.0, hit3_rate=0.0, hit1_rate=0.0)""}"
sourceLambda=0.5,sourceLambda,0.5,memory,10,0.5725351605443129,0.5,0.8,0.3,"[{""entry_id"": ""TS-01"", ""category"": ""ADR (Table)"", ""ndcg5"": 0.5437713091520254, ""mrr5"": 0.3333333333333333, ""hit3"": 1, ""hit1"": 0, ""first_relevant_rank"": 3}, {""entry_id"": ""TS-02"", ""category"": ""ADR (Table)"", ""ndcg5"": 0.0, ""mrr5"": 0.0, ""hit3"": 0, ""hit1"": 0, ""first_relevant_rank"": null}, {""entry_id"": ""TS-03"", ""category"": ""ADR (Table)"", ""ndcg5"": 0.9197207891481876, ""mrr5"": 1.0, ""hit3"": 1, ""hit1"": 1, ""first_relevant_rank"": 1}, {""entry_id"": ""TS-04"", ""category"": ""ADR (Table)"", ""ndcg5"": 1.0, ""mrr5"": 1.0, ""hit3"": 1, ""hit1"": 1, ""first_relevant_rank"": 1}, {""entry_id"": ""TS-05"", ""category"": ""ADR (Exact)"", ""ndcg5"": 0.5, ""mrr5"": 0.3333333333333333, ""hit3"": 1, ""hit1"": 0, ""first_relevant_rank"": 3}, {""entry_id"": ""TS-06"", ""category"": ""ADR (Exact)"", ""ndcg5"": 0.6309297535714575, ""mrr5"": 0.5, ""hit3"": 1, ""hit1"": 0, ""first_relevant_rank"": 2}, {""entry_id"": ""TS-07"", ""category"": ""ADR (Exact)"", ""ndcg5"": 0.6309297535714575, ""mrr5"": 0.5, ""hit3"": 1, ""hit1"": 0, ""first_relevant_rank"": 2}, {""entry_id"": ""TS-08"", ""category"": ""Non-file (hermes)"", ""ndcg5"": 0.5, ""mrr5"": 0.3333333333333333, ""hit3"": 1, ""hit1"": 0, ""first_relevant_rank"": 3}, {""entry_id"": ""TS-09"", ""category"": ""Non-file (hermes)"", ""ndcg5"": 1.0, ""mrr5"": 1.0, ""hit3"": 1, ""hit1"": 1, ""first_relevant_rank"": 1}, {""entry_id"": ""TS-10"", ""category"": ""Non-file (shared)"", ""ndcg5"": 0.0, ""mrr5"": 0.0, ""hit3"": 0, ""hit1"": 0, ""first_relevant_rank"": null}]","{""ADR (Table)"": ""CategoryMetrics(category='ADR (Table)', count=4, mean_ndcg5=0.6158730245750532, mean_mrr5=0.5833333333333334, hit3_rate=0.75, hit1_rate=0.5)"", ""ADR (Exact)"": ""CategoryMetrics(category='ADR (Exact)', count=3, mean_ndcg5=0.5872865023809717, mean_mrr5=0.4444444444444444, hit3_rate=1.0, hit1_rate=0.0)"", ""Non-file (hermes)"": ""CategoryMetrics(category='Non-file (hermes)', count=2, mean_ndcg5=0.75, mean_mrr5=0.6666666666666666, hit3_rate=1.0, hit1_rate=0.5)"", ""Non-file (shared)"": ""CategoryMetrics(category='Non-file (shared)', count=1, mean_ndcg5=0.0, mean_mrr5=0.0, hit3_rate=0.0, hit1_rate=0.0)""}"
consolidationThreshold=0,consolidationThreshold,0,memory,10,0.757064171895532,0.7,0.9,0.6,"[{""entry_id"": ""TS-01"", ""category"": ""ADR (Table)"", ""ndcg5"": 0.5, ""mrr5"": 0.3333333333333333, ""hit3"": 1, ""hit1"": 0, ""first_relevant_rank"": 3}, {""entry_id"": ""TS-02"", ""category"": ""ADR (Table)"", ""ndcg5"": 1.0, ""mrr5"": 1.0, ""hit3"": 1, ""hit1"": 1, ""first_relevant_rank"": 1}, {""entry_id"": ""TS-03"", ""category"": ""ADR (Table)"", ""ndcg5"": 0.5706417189553201, ""mrr5"": 0.3333333333333333, ""hit3"": 1, ""hit1"": 0, ""first_relevant_rank"": 3}, {""entry_id"": ""TS-04"", ""category"": ""ADR (Table)"", ""ndcg5"": 1.0, ""mrr5"": 1.0, ""hit3"": 1, ""hit1"": 1, ""first_relevant_rank"": 1}, {""entry_id"": ""TS-05"", ""category"": ""ADR (Exact)"", ""ndcg5"": 1.0, ""mrr5"": 1.0, ""hit3"": 1, ""hit1"": 1, ""first_relevant_rank"": 1}, {""entry_id"": ""TS-06"", ""category"": ""ADR (Exact)"", ""ndcg5"": 1.0, ""mrr5"": 1.0, ""hit3"": 1, ""hit1"": 1, ""first_relevant_rank"": 1}, {""entry_id"": ""TS-07"", ""category"": ""ADR (Exact)"", ""ndcg5"": 1.0, ""mrr5"": 1.0, ""hit3"": 1, ""hit1"": 1, ""first_relevant_rank"": 1}, {""entry_id"": ""TS-08"", ""category"": ""Non-file (hermes)"", ""ndcg5"": 0.5, ""mrr5"": 0.3333333333333333, ""hit3"": 1, ""hit1"": 0, ""first_relevant_rank"": 3}, {""entry_id"": ""TS-09"", ""category"": ""Non-file (hermes)"", ""ndcg5"": 1.0, ""mrr5"": 1.0, ""hit3"": 1, ""hit1"": 1, ""first_relevant_rank"": 1}, {""entry_id"": ""TS-10"", ""category"": ""Non-file (shared)"", ""ndcg5"": 0.0, ""mrr5"": 0.0, ""hit3"": 0, ""hit1"": 0, ""first_relevant_rank"": null}]","{""ADR (Table)"": ""CategoryMetrics(category='ADR (Table)', count=4, mean_ndcg5=0.7676604297388301, mean_mrr5=0.6666666666666666, hit3_rate=1.0, hit1_rate=0.5)"", ""ADR (Exact)"": ""CategoryMetrics(category='ADR (Exact)', count=3, mean_ndcg5=1.0, mean_mrr5=1.0, hit3_rate=1.0, hit1_rate=1.0)"", ""Non-file (hermes)"": ""CategoryMetrics(category='Non-file (hermes)', count=2, mean_ndcg5=0.75, mean_mrr5=0.6666666666666666, hit3_rate=1.0, hit1_rate=0.5)"", ""Non-file (shared)"": ""CategoryMetrics(category='Non-file (shared)', count=1, mean_ndcg5=0.0, mean_mrr5=0.0, hit3_rate=0.0, hit1_rate=0.0)""}"
consolidationThreshold=0.05,consolidationThreshold,0.05,memory,10,0.7630929753571458,0.7166666666666667,0.9,0.6,"[{""entry_id"": ""TS-01"", ""category"": ""ADR (Table)"", ""ndcg5"": 0.5, ""mrr5"": 0.3333333333333333, ""hit3"": 1, ""hit1"": 0, ""first_relevant_rank"": 3}, {""entry_id"": ""TS-02"", ""category"": ""ADR (Table)"", ""ndcg5"": 1.0, ""mrr5"": 1.0, ""hit3"": 1, ""hit1"": 1, ""first_relevant_rank"": 1}, {""entry_id"": ""TS-03"", ""category"": ""ADR (Table)"", ""ndcg5"": 1.0, ""mrr5"": 1.0, ""hit3"": 1, ""hit1"": 1, ""first_relevant_rank"": 1}, {""entry_id"": ""TS-04"", ""category"": ""ADR (Table)"", ""ndcg5"": 1.0, ""mrr5"": 1.0, ""hit3"": 1, ""hit1"": 1, ""first_relevant_rank"": 1}, {""entry_id"": ""TS-05"", ""category"": ""ADR (Exact)"", ""ndcg5"": 1.0, ""mrr5"": 1.0, ""hit3"": 1, ""hit1"": 1, ""first_relevant_rank"": 1}, {""entry_id"": ""TS-06"", ""category"": ""ADR (Exact)"", ""ndcg5"": 1.0, ""mrr5"": 1.0, ""hit3"": 1, ""hit1"": 1, ""first_relevant_rank"": 1}, {""entry_id"": ""TS-07"", ""category"": ""ADR (Exact)"", ""ndcg5"": 0.6309297535714575, ""mrr5"": 0.5, ""hit3"": 1, ""hit1"": 0, ""first_relevant_rank"": 2}, {""entry_id"": ""TS-08"", ""category"": ""Non-file (hermes)"", ""ndcg5"": 0.5, ""mrr5"": 0.3333333333333333, ""hit3"": 1, ""hit1"": 0, ""first_relevant_rank"": 3}, {""entry_id"": ""TS-09"", ""category"": ""Non-file (hermes)"", ""ndcg5"": 1.0, ""mrr5"": 1.0, ""hit3"": 1, ""hit1"": 1, ""first_relevant_rank"": 1}, {""entry_id"": ""TS-10"", ""category"": ""Non-file (shared)"", ""ndcg5"": 0.0, ""mrr5"": 0.0, ""hit3"": 0, ""hit1"": 0, ""first_relevant_rank"": null}]","{""ADR (Table)"": ""CategoryMetrics(category='ADR (Table)', count=4, mean_ndcg5=0.875, mean_mrr5=0.8333333333333334, hit3_rate=1.0, hit1_rate=0.75)"", ""ADR (Exact)"": ""CategoryMetrics(category='ADR (Exact)', count=3, mean_ndcg5=0.8769765845238192, mean_mrr5=0.8333333333333334, hit3_rate=1.0, hit1_rate=0.6666666666666666)"", ""Non-file (hermes)"": ""CategoryMetrics(category='Non-file (hermes)', count=2, mean_ndcg5=0.75, mean_mrr5=0.6666666666666666, hit3_rate=1.0, hit1_rate=0.5)"", ""Non-file (shared)"": ""CategoryMetrics(category='Non-file (shared)', count=1, mean_ndcg5=0.0, mean_mrr5=0.0, hit3_rate=0.0, hit1_rate=0.0)""}"
consolidationThreshold=0.1,consolidationThreshold,0.1,memory,10,0.6999057219912211,0.6166666666666667,0.9,0.4,"[{""entry_id"": ""TS-01"", ""category"": ""ADR (Table)"", ""ndcg5"": 0.5437713091520254, ""mrr5"": 0.3333333333333333, ""hit3"": 1, ""hit1"": 0, ""first_relevant_rank"": 3}, {""entry_id"": ""TS-02"", ""category"": ""ADR (Table)"", ""ndcg5"": 1.0, ""mrr5"": 1.0, ""hit3"": 1, ""hit1"": 1, ""first_relevant_rank"": 1}, {""entry_id"": ""TS-03"", ""category"": ""ADR (Table)"", ""ndcg5"": 0.6934264036172708, ""mrr5"": 0.5, ""hit3"": 1, ""hit1"": 0, ""first_relevant_rank"": 2}, {""entry_id"": ""TS-04"", ""category"": ""ADR (Table)"", ""ndcg5"": 1.0, ""mrr5"": 1.0, ""hit3"": 1, ""hit1"": 1, ""first_relevant_rank"": 1}, {""entry_id"": ""TS-05"", ""category"": ""ADR (Exact)"", ""ndcg5"": 1.0, ""mrr5"": 1.0, ""hit3"": 1, ""hit1"": 1, ""first_relevant_rank"": 1}, {""entry_id"": ""TS-06"", ""category"": ""ADR (Exact)"", ""ndcg5"": 0.6309297535714575, ""mrr5"": 0.5, ""hit3"": 1, ""hit1"": 0, ""first_relevant_rank"": 2}, {""entry_id"": ""TS-07"", ""category"": ""ADR (Exact)"", ""ndcg5"": 0.6309297535714575, ""mrr5"": 0.5, ""hit3"": 1, ""hit1"": 0, ""first_relevant_rank"": 2}, {""entry_id"": ""TS-08"", ""category"": ""Non-file (hermes)"", ""ndcg5"": 0.5, ""mrr5"": 0.3333333333333333, ""hit3"": 1, ""hit1"": 0, ""first_relevant_rank"": 3}, {""entry_id"": ""TS-09"", ""category"": ""Non-file (hermes)"", ""ndcg5"": 1.0, ""mrr5"": 1.0, ""hit3"": 1, ""hit1"": 1, ""first_relevant_rank"": 1}, {""entry_id"": ""TS-10"", ""category"": ""Non-file (shared)"", ""ndcg5"": 0.0, ""mrr5"": 0.0, ""hit3"": 0, ""hit1"": 0, ""first_relevant_rank"": null}]","{""ADR (Table)"": ""CategoryMetrics(category='ADR (Table)', count=4, mean_ndcg5=0.809299428192324, mean_mrr5=0.7083333333333334, hit3_rate=1.0, hit1_rate=0.5)"", ""ADR (Exact)"": ""CategoryMetrics(category='ADR (Exact)', count=3, mean_ndcg5=0.7539531690476383, mean_mrr5=0.6666666666666666, hit3_rate=1.0, hit1_rate=0.3333333333333333)"", ""Non-file (hermes)"": ""CategoryMetrics(category='Non-file (hermes)', count=2, mean_ndcg5=0.75, mean_mrr5=0.6666666666666666, hit3_rate=1.0, hit1_rate=0.5)"", ""Non-file (shared)"": ""CategoryMetrics(category='Non-file (shared)', count=1, mean_ndcg5=0.0, mean_mrr5=0.0, hit3_rate=0.0, hit1_rate=0.0)""}"
consolidationThreshold=0.2,consolidationThreshold,0.2,memory,10,0.7305630816294941,0.6666666666666667,0.9,0.5,"[{""entry_id"": ""TS-01"", ""category"": ""ADR (Table)"", ""ndcg5"": 1.0, ""mrr5"": 1.0, ""hit3"": 1, ""hit1"": 1, ""first_relevant_rank"": 1}, {""entry_id"": ""TS-02"", ""category"": ""ADR (Table)"", ""ndcg5"": 1.0, ""mrr5"": 1.0, ""hit3"": 1, ""hit1"": 1, ""first_relevant_rank"": 1}, {""entry_id"": ""TS-03"", ""category"": ""ADR (Table)"", ""ndcg5"": 0.5437713091520254, ""mrr5"": 0.3333333333333333, ""hit3"": 1, ""hit1"": 0, ""first_relevant_rank"": 3}, {""entry_id"": ""TS-04"", ""category"": ""ADR (Table)"", ""ndcg5"": 1.0, ""mrr5"": 1.0, ""hit3"": 1, ""hit1"": 1, ""first_relevant_rank"": 1}, {""entry_id"": ""TS-05"", ""category"": ""ADR (Exact)"", ""ndcg5"": 1.0, ""mrr5"": 1.0, ""hit3"": 1, ""hit1"": 1, ""first_relevant_rank"": 1}, {""entry_id"": ""TS-06"", ""category"": ""ADR (Exact)"", ""ndcg5"": 0.6309297535714575, ""mrr5"": 0.5, ""hit3"": 1, ""hit1"": 0, ""first_relevant_rank"": 2}, {""entry_id"": ""TS-07"", ""category"": ""ADR (Exact)"", ""ndcg5"": 0.6309297535714575, ""mrr5"": 0.5, ""hit3"": 1, ""hit1"": 0, ""first_relevant_rank"": 2}, {""entry_id"": ""TS-08"", ""category"": ""Non-file (hermes)"", ""ndcg5"": 0.5, ""mrr5"": 0.3333333333333333, ""hit3"": 1, ""hit1"": 0, ""first_relevant_rank"": 3}, {""entry_id"": ""TS-09"", ""category"": ""Non-file (hermes)"", ""ndcg5"": 1.0, ""mrr5"": 1.0, ""hit3"": 1, ""hit1"": 1, ""first_relevant_rank"": 1}, {""entry_id"": ""TS-10"", ""category"": ""Non-file (shared)"", ""ndcg5"": 0.0, ""mrr5"": 0.0, ""hit3"": 0, ""hit1"": 0, ""first_relevant_rank"": null}]","{""ADR (Table)"": ""CategoryMetrics(category='ADR (Table)', count=4, mean_ndcg5=0.8859428272880063, mean_mrr5=0.8333333333333334, hit3_rate=1.0, hit1_rate=0.75)"", ""ADR (Exact)"": ""CategoryMetrics(category='ADR (Exact)', count=3, mean_ndcg5=0.7539531690476383, mean_mrr5=0.6666666666666666, hit3_rate=1.0, hit1_rate=0.3333333333333333)"", ""Non-file (hermes)"": ""CategoryMetrics(category='Non-file (hermes)', count=2, mean_ndcg5=0.75, mean_mrr5=0.6666666666666666, hit3_rate=1.0, hit1_rate=0.5)"", ""Non-file (shared)"": ""CategoryMetrics(category='Non-file (shared)', count=1, mean_ndcg5=0.0, mean_mrr5=0.0, hit3_rate=0.0, hit1_rate=0.0)""}"
consolidationThreshold=0.5,consolidationThreshold,0.5,memory,10,0.6955285910760185,0.6166666666666667,0.9,0.4,"[{""entry_id"": ""TS-01"", ""category"": ""ADR (Table)"", ""ndcg5"": 1.0, ""mrr5"": 1.0, ""hit3"": 1, ""hit1"": 1, ""first_relevant_rank"": 1}, {""entry_id"": ""TS-02"", ""category"": ""ADR (Table)"", ""ndcg5"": 1.0, ""mrr5"": 1.0, ""hit3"": 1, ""hit1"": 1, ""first_relevant_rank"": 1}, {""entry_id"": ""TS-03"", ""category"": ""ADR (Table)"", ""ndcg5"": 0.6934264036172708, ""mrr5"": 0.5, ""hit3"": 1, ""hit1"": 0, ""first_relevant_rank"": 2}, {""entry_id"": ""TS-04"", ""category"": ""ADR (Table)"", ""ndcg5"": 1.0, ""mrr5"": 1.0, ""hit3"": 1, ""hit1"": 1, ""first_relevant_rank"": 1}, {""entry_id"": ""TS-05"", ""category"": ""ADR (Exact)"", ""ndcg5"": 0.6309297535714575, ""mrr5"": 0.5, ""hit3"": 1, ""hit1"": 0, ""first_relevant_rank"": 2}, {""entry_id"": ""TS-06"", ""category"": ""ADR (Exact)"", ""ndcg5"": 0.6309297535714575, ""mrr5"": 0.5, ""hit3"": 1, ""hit1"": 0, ""first_relevant_rank"": 2}, {""entry_id"": ""TS-07"", ""category"": ""ADR (Exact)"", ""ndcg5"": 0.5, ""mrr5"": 0.3333333333333333, ""hit3"": 1, ""hit1"": 0, ""first_relevant_rank"": 3}, {""entry_id"": ""TS-08"", ""category"": ""Non-file (hermes)"", ""ndcg5"": 0.5, ""mrr5"": 0.3333333333333333, ""hit3"": 1, ""hit1"": 0, ""first_relevant_rank"": 3}, {""entry_id"": ""TS-09"", ""category"": ""Non-file (hermes)"", ""ndcg5"": 1.0, ""mrr5"": 1.0, ""hit3"": 1, ""hit1"": 1, ""first_relevant_rank"": 1}, {""entry_id"": ""TS-10"", ""category"": ""Non-file (shared)"", ""ndcg5"": 0.0, ""mrr5"": 0.0, ""hit3"": 0, ""hit1"": 0, ""first_relevant_rank"": null}]","{""ADR (Table)"": ""CategoryMetrics(category='ADR (Table)', count=4, mean_ndcg5=0.9233566009043177, mean_mrr5=0.875, hit3_rate=1.0, hit1_rate=0.75)"", ""ADR (Exact)"": ""CategoryMetrics(category='ADR (Exact)', count=3, mean_ndcg5=0.5872865023809717, mean_mrr5=0.4444444444444444, hit3_rate=1.0, hit1_rate=0.0)"", ""Non-file (hermes)"": ""CategoryMetrics(category='Non-file (hermes)', count=2, mean_ndcg5=0.75, mean_mrr5=0.6666666666666666, hit3_rate=1.0, hit1_rate=0.5)"", ""Non-file (shared)"": ""CategoryMetrics(category='Non-file (shared)', count=1, mean_ndcg5=0.0, mean_mrr5=0.0, hit3_rate=0.0, hit1_rate=0.0)""}"
consolidationThreshold=1.0,consolidationThreshold,1.0,memory,10,0.5955285910760185,0.5166666666666667,0.8,0.3,"[{""entry_id"": ""TS-01"", ""category"": ""ADR (Table)"", ""ndcg5"": 1.0, ""mrr5"": 1.0, ""hit3"": 1, ""hit1"": 1, ""first_relevant_rank"": 1}, {""entry_id"": ""TS-02"", ""category"": ""ADR (Table)"", ""ndcg5"": 1.0, ""mrr5"": 1.0, ""hit3"": 1, ""hit1"": 1, ""first_relevant_rank"": 1}, {""entry_id"": ""TS-03"", ""category"": ""ADR (Table)"", ""ndcg5"": 0.6934264036172708, ""mrr5"": 0.5, ""hit3"": 1, ""hit1"": 0, ""first_relevant_rank"": 2}, {""entry_id"": ""TS-04"", ""category"": ""ADR (Table)"", ""ndcg5"": 0.6309297535714575, ""mrr5"": 0.5, ""hit3"": 1, ""hit1"": 0, ""first_relevant_rank"": 2}, {""entry_id"": ""TS-05"", ""category"": ""ADR (Exact)"", ""ndcg5"": 0.0, ""mrr5"": 0.0, ""hit3"": 0, ""hit1"": 0, ""first_relevant_rank"": null}, {""entry_id"": ""TS-06"", ""category"": ""ADR (Exact)"", ""ndcg5"": 0.6309297535714575, ""mrr5"": 0.5, ""hit3"": 1, ""hit1"": 0, ""first_relevant_rank"": 2}, {""entry_id"": ""TS-07"", ""category"": ""ADR (Exact)"", ""ndcg5"": 0.5, ""mrr5"": 0.3333333333333333, ""hit3"": 1, ""hit1"": 0, ""first_relevant_rank"": 3}, {""entry_id"": ""TS-08"", ""category"": ""Non-file (hermes)"", ""ndcg5"": 0.5, ""mrr5"": 0.3333333333333333, ""hit3"": 1, ""hit1"": 0, ""first_relevant_rank"": 3}, {""entry_id"": ""TS-09"", ""category"": ""Non-file (hermes)"", ""ndcg5"": 1.0, ""mrr5"": 1.0, ""hit3"": 1, ""hit1"": 1, ""first_relevant_rank"": 1}, {""entry_id"": ""TS-10"", ""category"": ""Non-file (shared)"", ""ndcg5"": 0.0, ""mrr5"": 0.0, ""hit3"": 0, ""hit1"": 0, ""first_relevant_rank"": null}]","{""ADR (Table)"": ""CategoryMetrics(category='ADR (Table)', count=4, mean_ndcg5=0.8310890392971821, mean_mrr5=0.75, hit3_rate=1.0, hit1_rate=0.5)"", ""ADR (Exact)"": ""CategoryMetrics(category='ADR (Exact)', count=3, mean_ndcg5=0.37697658452381916, mean_mrr5=0.27777777777777773, hit3_rate=0.6666666666666666, hit1_rate=0.0)"", ""Non-file (hermes)"": ""CategoryMetrics(category='Non-file (hermes)', count=2, mean_ndcg5=0.75, mean_mrr5=0.6666666666666666, hit3_rate=1.0, hit1_rate=0.5)"", ""Non-file (shared)"": ""CategoryMetrics(category='Non-file (shared)', count=1, mean_ndcg5=0.0, mean_mrr5=0.0, hit3_rate=0.0, hit1_rate=0.0)""}"
docScoreFormula=max,docScoreFormula,max,memory,10,0.6999057219912211,0.6166666666666667,0.9,0.4,"[{""entry_id"": ""TS-01"", ""category"": ""ADR (Table)"", ""ndcg5"": 0.5437713091520254, ""mrr5"": 0.3333333333333333, ""hit3"": 1, ""hit1"": 0, ""first_relevant_rank"": 3}, {""entry_id"": ""TS-02"", ""category"": ""ADR (Table)"", ""ndcg5"": 1.0, ""mrr5"": 1.0, ""hit3"": 1, ""hit1"": 1, ""first_relevant_rank"": 1}, {""entry_id"": ""TS-03"", ""category"": ""ADR (Table)"", ""ndcg5"": 0.6934264036172708, ""mrr5"": 0.5, ""hit3"": 1, ""hit1"": 0, ""first_relevant_rank"": 2}, {""entry_id"": ""TS-04"", ""category"": ""ADR (Table)"", ""ndcg5"": 1.0, ""mrr5"": 1.0, ""hit3"": 1, ""hit1"": 1, ""first_relevant_rank"": 1}, {""entry_id"": ""TS-05"", ""category"": ""ADR (Exact)"", ""ndcg5"": 1.0, ""mrr5"": 1.0, ""hit3"": 1, ""hit1"": 1, ""first_relevant_rank"": 1}, {""entry_id"": ""TS-06"", ""category"": ""ADR (Exact)"", ""ndcg5"": 0.6309297535714575, ""mrr5"": 0.5, ""hit3"": 1, ""hit1"": 0, ""first_relevant_rank"": 2}, {""entry_id"": ""TS-07"", ""category"": ""ADR (Exact)"", ""ndcg5"": 0.6309297535714575, ""mrr5"": 0.5, ""hit3"": 1, ""hit1"": 0, ""first_relevant_rank"": 2}, {""entry_id"": ""TS-08"", ""category"": ""Non-file (hermes)"", ""ndcg5"": 0.5, ""mrr5"": 0.3333333333333333, ""hit3"": 1, ""hit1"": 0, ""first_relevant_rank"": 3}, {""entry_id"": ""TS-09"", ""category"": ""Non-file (hermes)"", ""ndcg5"": 1.0, ""mrr5"": 1.0, ""hit3"": 1, ""hit1"": 1, ""first_relevant_rank"": 1}, {""entry_id"": ""TS-10"", ""category"": ""Non-file (shared)"", ""ndcg5"": 0.0, ""mrr5"": 0.0, ""hit3"": 0, ""hit1"": 0, ""first_relevant_rank"": null}]","{""ADR (Table)"": ""CategoryMetrics(category='ADR (Table)', count=4, mean_ndcg5=0.809299428192324, mean_mrr5=0.7083333333333334, hit3_rate=1.0, hit1_rate=0.5)"", ""ADR (Exact)"": ""CategoryMetrics(category='ADR (Exact)', count=3, mean_ndcg5=0.7539531690476383, mean_mrr5=0.6666666666666666, hit3_rate=1.0, hit1_rate=0.3333333333333333)"", ""Non-file (hermes)"": ""CategoryMetrics(category='Non-file (hermes)', count=2, mean_ndcg5=0.75, mean_mrr5=0.6666666666666666, hit3_rate=1.0, hit1_rate=0.5)"", ""Non-file (shared)"": ""CategoryMetrics(category='Non-file (shared)', count=1, mean_ndcg5=0.0, mean_mrr5=0.0, hit3_rate=0.0, hit1_rate=0.0)""}"
docScoreFormula=sum,docScoreFormula,sum,memory,10,0.6999057219912211,0.6166666666666667,0.9,0.4,"[{""entry_id"": ""TS-01"", ""category"": ""ADR (Table)"", ""ndcg5"": 0.5437713091520254, ""mrr5"": 0.3333333333333333, ""hit3"": 1, ""hit1"": 0, ""first_relevant_rank"": 3}, {""entry_id"": ""TS-02"", ""category"": ""ADR (Table)"", ""ndcg5"": 1.0, ""mrr5"": 1.0, ""hit3"": 1, ""hit1"": 1, ""first_relevant_rank"": 1}, {""entry_id"": ""TS-03"", ""category"": ""ADR (Table)"", ""ndcg5"": 0.6934264036172708, ""mrr5"": 0.5, ""hit3"": 1, ""hit1"": 0, ""first_relevant_rank"": 2}, {""entry_id"": ""TS-04"", ""category"": ""ADR (Table)"", ""ndcg5"": 1.0, ""mrr5"": 1.0, ""hit3"": 1, ""hit1"": 1, ""first_relevant_rank"": 1}, {""entry_id"": ""TS-05"", ""category"": ""ADR (Exact)"", ""ndcg5"": 1.0, ""mrr5"": 1.0, ""hit3"": 1, ""hit1"": 1, ""first_relevant_rank"": 1}, {""entry_id"": ""TS-06"", ""category"": ""ADR (Exact)"", ""ndcg5"": 0.6309297535714575, ""mrr5"": 0.5, ""hit3"": 1, ""hit1"": 0, ""first_relevant_rank"": 2}, {""entry_id"": ""TS-07"", ""category"": ""ADR (Exact)"", ""ndcg5"": 0.6309297535714575, ""mrr5"": 0.5, ""hit3"": 1, ""hit1"": 0, ""first_relevant_rank"": 2}, {""entry_id"": ""TS-08"", ""category"": ""Non-file (hermes)"", ""ndcg5"": 0.5, ""mrr5"": 0.3333333333333333, ""hit3"": 1, ""hit1"": 0, ""first_relevant_rank"": 3}, {""entry_id"": ""TS-09"", ""category"": ""Non-file (hermes)"", ""ndcg5"": 1.0, ""mrr5"": 1.0, ""hit3"": 1, ""hit1"": 1, ""first_relevant_rank"": 1}, {""entry_id"": ""TS-10"", ""category"": ""Non-file (shared)"", ""ndcg5"": 0.0, ""mrr5"": 0.0, ""hit3"": 0, ""hit1"": 0, ""first_relevant_rank"": null}]","{""ADR (Table)"": ""CategoryMetrics(category='ADR (Table)', count=4, mean_ndcg5=0.809299428192324, mean_mrr5=0.7083333333333334, hit3_rate=1.0, hit1_rate=0.5)"", ""ADR (Exact)"": ""CategoryMetrics(category='ADR (Exact)', count=3, mean_ndcg5=0.7539531690476383, mean_mrr5=0.6666666666666666, hit3_rate=1.0, hit1_rate=0.3333333333333333)"", ""Non-file (hermes)"": ""CategoryMetrics(category='Non-file (hermes)', count=2, mean_ndcg5=0.75, mean_mrr5=0.6666666666666666, hit3_rate=1.0, hit1_rate=0.5)"", ""Non-file (shared)"": ""CategoryMetrics(category='Non-file (shared)', count=1, mean_ndcg5=0.0, mean_mrr5=0.0, hit3_rate=0.0, hit1_rate=0.0)""}"
candidateWindow=max3x100,candidateWindow,max3x100,memory,10,0.6999057219912211,0.6166666666666667,0.9,0.4,"[{""entry_id"": ""TS-01"", ""category"": ""ADR (Table)"", ""ndcg5"": 0.5437713091520254, ""mrr5"": 0.3333333333333333, ""hit3"": 1, ""hit1"": 0, ""first_relevant_rank"": 3}, {""entry_id"": ""TS-02"", ""category"": ""ADR (Table)"", ""ndcg5"": 1.0, ""mrr5"": 1.0, ""hit3"": 1, ""hit1"": 1, ""first_relevant_rank"": 1}, {""entry_id"": ""TS-03"", ""category"": ""ADR (Table)"", ""ndcg5"": 0.6934264036172708, ""mrr5"": 0.5, ""hit3"": 1, ""hit1"": 0, ""first_relevant_rank"": 2}, {""entry_id"": ""TS-04"", ""category"": ""ADR (Table)"", ""ndcg5"": 1.0, ""mrr5"": 1.0, ""hit3"": 1, ""hit1"": 1, ""first_relevant_rank"": 1}, {""entry_id"": ""TS-05"", ""category"": ""ADR (Exact)"", ""ndcg5"": 1.0, ""mrr5"": 1.0, ""hit3"": 1, ""hit1"": 1, ""first_relevant_rank"": 1}, {""entry_id"": ""TS-06"", ""category"": ""ADR (Exact)"", ""ndcg5"": 0.6309297535714575, ""mrr5"": 0.5, ""hit3"": 1, ""hit1"": 0, ""first_relevant_rank"": 2}, {""entry_id"": ""TS-07"", ""category"": ""ADR (Exact)"", ""ndcg5"": 0.6309297535714575, ""mrr5"": 0.5, ""hit3"": 1, ""hit1"": 0, ""first_relevant_rank"": 2}, {""entry_id"": ""TS-08"", ""category"": ""Non-file (hermes)"", ""ndcg5"": 0.5, ""mrr5"": 0.3333333333333333, ""hit3"": 1, ""hit1"": 0, ""first_relevant_rank"": 3}, {""entry_id"": ""TS-09"", ""category"": ""Non-file (hermes)"", ""ndcg5"": 1.0, ""mrr5"": 1.0, ""hit3"": 1, ""hit1"": 1, ""first_relevant_rank"": 1}, {""entry_id"": ""TS-10"", ""category"": ""Non-file (shared)"", ""ndcg5"": 0.0, ""mrr5"": 0.0, ""hit3"": 0, ""hit1"": 0, ""first_relevant_rank"": null}]","{""ADR (Table)"": ""CategoryMetrics(category='ADR (Table)', count=4, mean_ndcg5=0.809299428192324, mean_mrr5=0.7083333333333334, hit3_rate=1.0, hit1_rate=0.5)"", ""ADR (Exact)"": ""CategoryMetrics(category='ADR (Exact)', count=3, mean_ndcg5=0.7539531690476383, mean_mrr5=0.6666666666666666, hit3_rate=1.0, hit1_rate=0.3333333333333333)"", ""Non-file (hermes)"": ""CategoryMetrics(category='Non-file (hermes)', count=2, mean_ndcg5=0.75, mean_mrr5=0.6666666666666666, hit3_rate=1.0, hit1_rate=0.5)"", ""Non-file (shared)"": ""CategoryMetrics(category='Non-file (shared)', count=1, mean_ndcg5=0.0, mean_mrr5=0.0, hit3_rate=0.0, hit1_rate=0.0)""}"
candidateWindow=max5x50,candidateWindow,max5x50,memory,10,0.6370274963139909,0.5366666666666666,0.8,0.3,"[{""entry_id"": ""TS-01"", ""category"": ""ADR (Table)"", ""ndcg5"": 0.5706417189553201, ""mrr5"": 0.3333333333333333, ""hit3"": 1, ""hit1"": 0, ""first_relevant_rank"": 3}, {""entry_id"": ""TS-02"", ""category"": ""ADR (Table)"", ""ndcg5"": 0.5, ""mrr5"": 0.3333333333333333, ""hit3"": 1, ""hit1"": 0, ""first_relevant_rank"": 3}, {""entry_id"": ""TS-03"", ""category"": ""ADR (Table)"", ""ndcg5"": 0.6509209298071326, ""mrr5"": 0.5, ""hit3"": 1, ""hit1"": 0, ""first_relevant_rank"": 2}, {""entry_id"": ""TS-04"", ""category"": ""ADR (Table)"", ""ndcg5"": 1.0, ""mrr5"": 1.0, ""hit3"": 1, ""hit1"": 1, ""first_relevant_rank"": 1}, {""entry_id"": ""TS-05"", ""category"": ""ADR (Exact)"", ""ndcg5"": 1.0, ""mrr5"": 1.0, ""hit3"": 1, ""hit1"": 1, ""first_relevant_rank"": 1}, {""entry_id"": ""TS-06"", ""category"": ""ADR (Exact)"", ""ndcg5"": 0.6309297535714575, ""mrr5"": 0.5, ""hit3"": 1, ""hit1"": 0, ""first_relevant_rank"": 2}, {""entry_id"": ""TS-07"", ""category"": ""ADR (Exact)"", ""ndcg5"": 0.6309297535714575, ""mrr5"": 0.5, ""hit3"": 1, ""hit1"": 0, ""first_relevant_rank"": 2}, {""entry_id"": ""TS-08"", ""category"": ""Non-file (hermes)"", ""ndcg5"": 0.38685280723454163, ""mrr5"": 0.2, ""hit3"": 0, ""hit1"": 0, ""first_relevant_rank"": 5}, {""entry_id"": ""TS-09"", ""category"": ""Non-file (hermes)"", ""ndcg5"": 1.0, ""mrr5"": 1.0, ""hit3"": 1, ""hit1"": 1, ""first_relevant_rank"": 1}, {""entry_id"": ""TS-10"", ""category"": ""Non-file (shared)"", ""ndcg5"": 0.0, ""mrr5"": 0.0, ""hit3"": 0, ""hit1"": 0, ""first_relevant_rank"": null}]","{""ADR (Table)"": ""CategoryMetrics(category='ADR (Table)', count=4, mean_ndcg5=0.6803906621906132, mean_mrr5=0.5416666666666666, hit3_rate=1.0, hit1_rate=0.25)"", ""ADR (Exact)"": ""CategoryMetrics(category='ADR (Exact)', count=3, mean_ndcg5=0.7539531690476383, mean_mrr5=0.6666666666666666, hit3_rate=1.0, hit1_rate=0.3333333333333333)"", ""Non-file (hermes)"": ""CategoryMetrics(category='Non-file (hermes)', count=2, mean_ndcg5=0.6934264036172708, mean_mrr5=0.6, hit3_rate=0.5, hit1_rate=0.5)"", ""Non-file (shared)"": ""CategoryMetrics(category='Non-file (shared)', count=1, mean_ndcg5=0.0, mean_mrr5=0.0, hit3_rate=0.0, hit1_rate=0.0)""}"
structureAlpha=0,structureAlpha,0,memory,10,0.4704382172542476,0.3983333333333333,0.4,0.3,"[{""entry_id"": ""TS-01"", ""category"": ""ADR (Table)"", ""ndcg5"": 0.0, ""mrr5"": 0.0, ""hit3"": 0, ""hit1"": 0, ""first_relevant_rank"": null}, {""entry_id"": ""TS-02"", ""category"": ""ADR (Table)"", ""ndcg5"": 0.38685280723454163, ""mrr5"": 0.2, ""hit3"": 0, ""hit1"": 0, ""first_relevant_rank"": 5}, {""entry_id"": ""TS-03"", ""category"": ""ADR (Table)"", ""ndcg5"": 0.5, ""mrr5"": 0.3333333333333333, ""hit3"": 1, ""hit1"": 0, ""first_relevant_rank"": 3}, {""entry_id"": ""TS-04"", ""category"": ""ADR (Table)"", ""ndcg5"": 1.0, ""mrr5"": 1.0, ""hit3"": 1, ""hit1"": 1, ""first_relevant_rank"": 1}, {""entry_id"": ""TS-05"", ""category"": ""ADR (Exact)"", ""ndcg5"": 0.38685280723454163, ""mrr5"": 0.2, ""hit3"": 0, ""hit1"": 0, ""first_relevant_rank"": 5}, {""entry_id"": ""TS-06"", ""category"": ""ADR (Exact)"", ""ndcg5"": 1.0, ""mrr5"": 1.0, ""hit3"": 1, ""hit1"": 1, ""first_relevant_rank"": 1}, {""entry_id"": ""TS-07"", ""category"": ""ADR (Exact)"", ""ndcg5"": 0.43067655807339306, ""mrr5"": 0.25, ""hit3"": 0, ""hit1"": 0, ""first_relevant_rank"": 4}, {""entry_id"": ""TS-08"", ""category"": ""Non-file (hermes)"", ""ndcg5"": 0.0, ""mrr5"": 0.0, ""hit3"": 0, ""hit1"": 0, ""first_relevant_rank"": null}, {""entry_id"": ""TS-09"", ""category"": ""Non-file (hermes)"", ""ndcg5"": 1.0, ""mrr5"": 1.0, ""hit3"": 1, ""hit1"": 1, ""first_relevant_rank"": 1}, {""entry_id"": ""TS-10"", ""category"": ""Non-file (shared)"", ""ndcg5"": 0.0, ""mrr5"": 0.0, ""hit3"": 0, ""hit1"": 0, ""first_relevant_rank"": null}]","{""ADR (Table)"": ""CategoryMetrics(category='ADR (Table)', count=4, mean_ndcg5=0.4717132018086354, mean_mrr5=0.3833333333333333, hit3_rate=0.5, hit1_rate=0.25)"", ""ADR (Exact)"": ""CategoryMetrics(category='ADR (Exact)', count=3, mean_ndcg5=0.6058431217693115, mean_mrr5=0.48333333333333334, hit3_rate=0.3333333333333333, hit1_rate=0.3333333333333333)"", ""Non-file (hermes)"": ""CategoryMetrics(category='Non-file (hermes)', count=2, mean_ndcg5=0.5, mean_mrr5=0.5, hit3_rate=0.5, hit1_rate=0.5)"", ""Non-file (shared)"": ""CategoryMetrics(category='Non-file (shared)', count=1, mean_ndcg5=0.0, mean_mrr5=0.0, hit3_rate=0.0, hit1_rate=0.0)""}"
structureAlpha=0.25,structureAlpha,0.25,memory,10,0.4855303102349609,0.41500000000000004,0.4,0.3,"[{""entry_id"": ""TS-01"", ""category"": ""ADR (Table)"", ""ndcg5"": 0.0, ""mrr5"": 0.0, ""hit3"": 0, ""hit1"": 0, ""first_relevant_rank"": null}, {""entry_id"": ""TS-02"", ""category"": ""ADR (Table)"", ""ndcg5"": 0.38685280723454163, ""mrr5"": 0.2, ""hit3"": 0, ""hit1"": 0, ""first_relevant_rank"": 5}, {""entry_id"": ""TS-03"", ""category"": ""ADR (Table)"", ""ndcg5"": 0.6509209298071326, ""mrr5"": 0.5, ""hit3"": 1, ""hit1"": 0, ""first_relevant_rank"": 2}, {""entry_id"": ""TS-04"", ""category"": ""ADR (Table)"", ""ndcg5"": 1.0, ""mrr5"": 1.0, ""hit3"": 1, ""hit1"": 1, ""first_relevant_rank"": 1}, {""entry_id"": ""TS-05"", ""category"": ""ADR (Exact)"", ""ndcg5"": 0.0, ""mrr5"": 0.0, ""hit3"": 0, ""hit1"": 0, ""first_relevant_rank"": null}, {""entry_id"": ""TS-06"", ""category"": ""ADR (Exact)"", ""ndcg5"": 1.0, ""mrr5"": 1.0, ""hit3"": 1, ""hit1"": 1, ""first_relevant_rank"": 1}, {""entry_id"": ""TS-07"", ""category"": ""ADR (Exact)"", ""ndcg5"": 0.43067655807339306, ""mrr5"": 0.25, ""hit3"": 0, ""hit1"": 0, ""first_relevant_rank"": 4}, {""entry_id"": ""TS-08"", ""category"": ""Non-file (hermes)"", ""ndcg5"": 0.38685280723454163, ""mrr5"": 0.2, ""hit3"": 0, ""hit1"": 0, ""first_relevant_rank"": 5}, {""entry_id"": ""TS-09"", ""category"": ""Non-file (hermes)"", ""ndcg5"": 1.0, ""mrr5"": 1.0, ""hit3"": 1, ""hit1"": 1, ""first_relevant_rank"": 1}, {""entry_id"": ""TS-10"", ""category"": ""Non-file (shared)"", ""ndcg5"": 0.0, ""mrr5"": 0.0, ""hit3"": 0, ""hit1"": 0, ""first_relevant_rank"": null}]","{""ADR (Table)"": ""CategoryMetrics(category='ADR (Table)', count=4, mean_ndcg5=0.5094434342604186, mean_mrr5=0.425, hit3_rate=0.5, hit1_rate=0.25)"", ""ADR (Exact)"": ""CategoryMetrics(category='ADR (Exact)', count=3, mean_ndcg5=0.47689218602446437, mean_mrr5=0.4166666666666667, hit3_rate=0.3333333333333333, hit1_rate=0.3333333333333333)"", ""Non-file (hermes)"": ""CategoryMetrics(category='Non-file (hermes)', count=2, mean_ndcg5=0.6934264036172708, mean_mrr5=0.6, hit3_rate=0.5, hit1_rate=0.5)"", ""Non-file (shared)"": ""CategoryMetrics(category='Non-file (shared)', count=1, mean_ndcg5=0.0, mean_mrr5=0.0, hit3_rate=0.0, hit1_rate=0.0)""}"
structureAlpha=0.5,structureAlpha,0.5,memory,10,0.6999057219912211,0.6166666666666667,0.9,0.4,"[{""entry_id"": ""TS-01"", ""category"": ""ADR (Table)"", ""ndcg5"": 0.5437713091520254, ""mrr5"": 0.3333333333333333, ""hit3"": 1, ""hit1"": 0, ""first_relevant_rank"": 3}, {""entry_id"": ""TS-02"", ""category"": ""ADR (Table)"", ""ndcg5"": 1.0, ""mrr5"": 1.0, ""hit3"": 1, ""hit1"": 1, ""first_relevant_rank"": 1}, {""entry_id"": ""TS-03"", ""category"": ""ADR (Table)"", ""ndcg5"": 0.6934264036172708, ""mrr5"": 0.5, ""hit3"": 1, ""hit1"": 0, ""first_relevant_rank"": 2}, {""entry_id"": ""TS-04"", ""category"": ""ADR (Table)"", ""ndcg5"": 1.0, ""mrr5"": 1.0, ""hit3"": 1, ""hit1"": 1, ""first_relevant_rank"": 1}, {""entry_id"": ""TS-05"", ""category"": ""ADR (Exact)"", ""ndcg5"": 1.0, ""mrr5"": 1.0, ""hit3"": 1, ""hit1"": 1, ""first_relevant_rank"": 1}, {""entry_id"": ""TS-06"", ""category"": ""ADR (Exact)"", ""ndcg5"": 0.6309297535714575, ""mrr5"": 0.5, ""hit3"": 1, ""hit1"": 0, ""first_relevant_rank"": 2}, {""entry_id"": ""TS-07"", ""category"": ""ADR (Exact)"", ""ndcg5"": 0.6309297535714575, ""mrr5"": 0.5, ""hit3"": 1, ""hit1"": 0, ""first_relevant_rank"": 2}, {""entry_id"": ""TS-08"", ""category"": ""Non-file (hermes)"", ""ndcg5"": 0.5, ""mrr5"": 0.3333333333333333, ""hit3"": 1, ""hit1"": 0, ""first_relevant_rank"": 3}, {""entry_id"": ""TS-09"", ""category"": ""Non-file (hermes)"", ""ndcg5"": 1.0, ""mrr5"": 1.0, ""hit3"": 1, ""hit1"": 1, ""first_relevant_rank"": 1}, {""entry_id"": ""TS-10"", ""category"": ""Non-file (shared)"", ""ndcg5"": 0.0, ""mrr5"": 0.0, ""hit3"": 0, ""hit1"": 0, ""first_relevant_rank"": null}]","{""ADR (Table)"": ""CategoryMetrics(category='ADR (Table)', count=4, mean_ndcg5=0.809299428192324, mean_mrr5=0.7083333333333334, hit3_rate=1.0, hit1_rate=0.5)"", ""ADR (Exact)"": ""CategoryMetrics(category='ADR (Exact)', count=3, mean_ndcg5=0.7539531690476383, mean_mrr5=0.6666666666666666, hit3_rate=1.0, hit1_rate=0.3333333333333333)"", ""Non-file (hermes)"": ""CategoryMetrics(category='Non-file (hermes)', count=2, mean_ndcg5=0.75, mean_mrr5=0.6666666666666666, hit3_rate=1.0, hit1_rate=0.5)"", ""Non-file (shared)"": ""CategoryMetrics(category='Non-file (shared)', count=1, mean_ndcg5=0.0, mean_mrr5=0.0, hit3_rate=0.0, hit1_rate=0.0)""}"
structureAlpha=0.75,structureAlpha,0.75,memory,10,0.6763125342484801,0.65,0.8,0.5,"[{""entry_id"": ""TS-01"", ""category"": ""ADR (Table)"", ""ndcg5"": 0.8503449055347546, ""mrr5"": 1.0, ""hit3"": 1, ""hit1"": 1, ""first_relevant_rank"": 1}, {""entry_id"": ""TS-02"", ""category"": ""ADR (Table)"", ""ndcg5"": 1.0, ""mrr5"": 1.0, ""hit3"": 1, ""hit1"": 1, ""first_relevant_rank"": 1}, {""entry_id"": ""TS-03"", ""category"": ""ADR (Table)"", ""ndcg5"": 0.6509209298071326, ""mrr5"": 0.5, ""hit3"": 1, ""hit1"": 0, ""first_relevant_rank"": 2}, {""entry_id"": ""TS-04"", ""category"": ""ADR (Table)"", ""ndcg5"": 1.0, ""mrr5"": 1.0, ""hit3"": 1, ""hit1"": 1, ""first_relevant_rank"": 1}, {""entry_id"": ""TS-05"", ""category"": ""ADR (Exact)"", ""ndcg5"": 1.0, ""mrr5"": 1.0, ""hit3"": 1, ""hit1"": 1, ""first_relevant_rank"": 1}, {""entry_id"": ""TS-06"", ""category"": ""ADR (Exact)"", ""ndcg5"": 0.6309297535714575, ""mrr5"": 0.5, ""hit3"": 1, ""hit1"": 0, ""first_relevant_rank"": 2}, {""entry_id"": ""TS-07"", ""category"": ""ADR (Exact)"", ""ndcg5"": 0.6309297535714575, ""mrr5"": 0.5, ""hit3"": 1, ""hit1"": 0, ""first_relevant_rank"": 2}, {""entry_id"": ""TS-08"", ""category"": ""Non-file (hermes)"", ""ndcg5"": 0.0, ""mrr5"": 0.0, ""hit3"": 0, ""hit1"": 0, ""first_relevant_rank"": null}, {""entry_id"": ""TS-09"", ""category"": ""Non-file (hermes)"", ""ndcg5"": 1.0, ""mrr5"": 1.0, ""hit3"": 1, ""hit1"": 1, ""first_relevant_rank"": 1}, {""entry_id"": ""TS-10"", ""category"": ""Non-file (shared)"", ""ndcg5"": 0.0, ""mrr5"": 0.0, ""hit3"": 0, ""hit1"": 0, ""first_relevant_rank"": null}]","{""ADR (Table)"": ""CategoryMetrics(category='ADR (Table)', count=4, mean_ndcg5=0.8753164588354718, mean_mrr5=0.875, hit3_rate=1.0, hit1_rate=0.75)"", ""ADR (Exact)"": ""CategoryMetrics(category='ADR (Exact)', count=3, mean_ndcg5=0.7539531690476383, mean_mrr5=0.6666666666666666, hit3_rate=1.0, hit1_rate=0.3333333333333333)"", ""Non-file (hermes)"": ""CategoryMetrics(category='Non-file (hermes)', count=2, mean_ndcg5=0.5, mean_mrr5=0.5, hit3_rate=0.5, hit1_rate=0.5)"", ""Non-file (shared)"": ""CategoryMetrics(category='Non-file (shared)', count=1, mean_ndcg5=0.0, mean_mrr5=0.0, hit3_rate=0.0, hit1_rate=0.0)""}"
structureAlpha=1.0,structureAlpha,1.0,memory,10,0.557064171895532,0.5166666666666667,0.7,0.4,"[{""entry_id"": ""TS-01"", ""category"": ""ADR (Table)"", ""ndcg5"": 0.9197207891481876, ""mrr5"": 1.0, ""hit3"": 1, ""hit1"": 1, ""first_relevant_rank"": 1}, {""entry_id"": ""TS-02"", ""category"": ""ADR (Table)"", ""ndcg5"": 0.5, ""mrr5"": 0.3333333333333333, ""hit3"": 1, ""hit1"": 0, ""first_relevant_rank"": 3}, {""entry_id"": ""TS-03"", ""category"": ""ADR (Table)"", ""ndcg5"": 0.6509209298071326, ""mrr5"": 0.5, ""hit3"": 1, ""hit1"": 0, ""first_relevant_rank"": 2}, {""entry_id"": ""TS-04"", ""category"": ""ADR (Table)"", ""ndcg5"": 1.0, ""mrr5"": 1.0, ""hit3"": 1, ""hit1"": 1, ""first_relevant_rank"": 1}, {""entry_id"": ""TS-05"", ""category"": ""ADR (Exact)"", ""ndcg5"": 1.0, ""mrr5"": 1.0, ""hit3"": 1, ""hit1"": 1, ""first_relevant_rank"": 1}, {""entry_id"": ""TS-06"", ""category"": ""ADR (Exact)"", ""ndcg5"": 0.5, ""mrr5"": 0.3333333333333333, ""hit3"": 1, ""hit1"": 0, ""first_relevant_rank"": 3}, {""entry_id"": ""TS-07"", ""category"": ""ADR (Exact)"", ""ndcg5"": 0.0, ""mrr5"": 0.0, ""hit3"": 0, ""hit1"": 0, ""first_relevant_rank"": null}, {""entry_id"": ""TS-08"", ""category"": ""Non-file (hermes)"", ""ndcg5"": 0.0, ""mrr5"": 0.0, ""hit3"": 0, ""hit1"": 0, ""first_relevant_rank"": null}, {""entry_id"": ""TS-09"", ""category"": ""Non-file (hermes)"", ""ndcg5"": 1.0, ""mrr5"": 1.0, ""hit3"": 1, ""hit1"": 1, ""first_relevant_rank"": 1}, {""entry_id"": ""TS-10"", ""category"": ""Non-file (shared)"", ""ndcg5"": 0.0, ""mrr5"": 0.0, ""hit3"": 0, ""hit1"": 0, ""first_relevant_rank"": null}]","{""ADR (Table)"": ""CategoryMetrics(category='ADR (Table)', count=4, mean_ndcg5=0.7676604297388301, mean_mrr5=0.7083333333333334, hit3_rate=1.0, hit1_rate=0.5)"", ""ADR (Exact)"": ""CategoryMetrics(category='ADR (Exact)', count=3, mean_ndcg5=0.5, mean_mrr5=0.4444444444444444, hit3_rate=0.6666666666666666, hit1_rate=0.3333333333333333)"", ""Non-file (hermes)"": ""CategoryMetrics(category='Non-file (hermes)', count=2, mean_ndcg5=0.5, mean_mrr5=0.5, hit3_rate=0.5, hit1_rate=0.5)"", ""Non-file (shared)"": ""CategoryMetrics(category='Non-file (shared)', count=1, mean_ndcg5=0.0, mean_mrr5=0.0, hit3_rate=0.0, hit1_rate=0.0)""}"
fusion=False,fusion,False,memory,10,0.6999057219912211,0.6166666666666667,0.9,0.4,"[{""entry_id"": ""TS-01"", ""category"": ""ADR (Table)"", ""ndcg5"": 0.5437713091520254, ""mrr5"": 0.3333333333333333, ""hit3"": 1, ""hit1"": 0, ""first_relevant_rank"": 3}, {""entry_id"": ""TS-02"", ""category"": ""ADR (Table)"", ""ndcg5"": 1.0, ""mrr5"": 1.0, ""hit3"": 1, ""hit1"": 1, ""first_relevant_rank"": 1}, {""entry_id"": ""TS-03"", ""category"": ""ADR (Table)"", ""ndcg5"": 0.6934264036172708, ""mrr5"": 0.5, ""hit3"": 1, ""hit1"": 0, ""first_relevant_rank"": 2}, {""entry_id"": ""TS-04"", ""category"": ""ADR (Table)"", ""ndcg5"": 1.0, ""mrr5"": 1.0, ""hit3"": 1, ""hit1"": 1, ""first_relevant_rank"": 1}, {""entry_id"": ""TS-05"", ""category"": ""ADR (Exact)"", ""ndcg5"": 1.0, ""mrr5"": 1.0, ""hit3"": 1, ""hit1"": 1, ""first_relevant_rank"": 1}, {""entry_id"": ""TS-06"", ""category"": ""ADR (Exact)"", ""ndcg5"": 0.6309297535714575, ""mrr5"": 0.5, ""hit3"": 1, ""hit1"": 0, ""first_relevant_rank"": 2}, {""entry_id"": ""TS-07"", ""category"": ""ADR (Exact)"", ""ndcg5"": 0.6309297535714575, ""mrr5"": 0.5, ""hit3"": 1, ""hit1"": 0, ""first_relevant_rank"": 2}, {""entry_id"": ""TS-08"", ""category"": ""Non-file (hermes)"", ""ndcg5"": 0.5, ""mrr5"": 0.3333333333333333, ""hit3"": 1, ""hit1"": 0, ""first_relevant_rank"": 3}, {""entry_id"": ""TS-09"", ""category"": ""Non-file (hermes)"", ""ndcg5"": 1.0, ""mrr5"": 1.0, ""hit3"": 1, ""hit1"": 1, ""first_relevant_rank"": 1}, {""entry_id"": ""TS-10"", ""category"": ""Non-file (shared)"", ""ndcg5"": 0.0, ""mrr5"": 0.0, ""hit3"": 0, ""hit1"": 0, ""first_relevant_rank"": null}]","{""ADR (Table)"": ""CategoryMetrics(category='ADR (Table)', count=4, mean_ndcg5=0.809299428192324, mean_mrr5=0.7083333333333334, hit3_rate=1.0, hit1_rate=0.5)"", ""ADR (Exact)"": ""CategoryMetrics(category='ADR (Exact)', count=3, mean_ndcg5=0.7539531690476383, mean_mrr5=0.6666666666666666, hit3_rate=1.0, hit1_rate=0.3333333333333333)"", ""Non-file (hermes)"": ""CategoryMetrics(category='Non-file (hermes)', count=2, mean_ndcg5=0.75, mean_mrr5=0.6666666666666666, hit3_rate=1.0, hit1_rate=0.5)"", ""Non-file (shared)"": ""CategoryMetrics(category='Non-file (shared)', count=1, mean_ndcg5=0.0, mean_mrr5=0.0, hit3_rate=0.0, hit1_rate=0.0)""}"
fusion=True,fusion,True,memory,10,0.6825674434217441,0.5916666666666667,0.8,0.4,"[{""entry_id"": ""TS-01"", ""category"": ""ADR (Table)"", ""ndcg5"": 0.5706417189553201, ""mrr5"": 0.3333333333333333, ""hit3"": 1, ""hit1"": 0, ""first_relevant_rank"": 3}, {""entry_id"": ""TS-02"", ""category"": ""ADR (Table)"", ""ndcg5"": 0.5, ""mrr5"": 0.3333333333333333, ""hit3"": 1, ""hit1"": 0, ""first_relevant_rank"": 3}, {""entry_id"": ""TS-03"", ""category"": ""ADR (Table)"", ""ndcg5"": 0.6934264036172708, ""mrr5"": 0.5, ""hit3"": 1, ""hit1"": 0, ""first_relevant_rank"": 2}, {""entry_id"": ""TS-04"", ""category"": ""ADR (Table)"", ""ndcg5"": 1.0, ""mrr5"": 1.0, ""hit3"": 1, ""hit1"": 1, ""first_relevant_rank"": 1}, {""entry_id"": ""TS-05"", ""category"": ""ADR (Exact)"", ""ndcg5"": 1.0, ""mrr5"": 1.0, ""hit3"": 1, ""hit1"": 1, ""first_relevant_rank"": 1}, {""entry_id"": ""TS-06"", ""category"": ""ADR (Exact)"", ""ndcg5"": 0.6309297535714575, ""mrr5"": 0.5, ""hit3"": 1, ""hit1"": 0, ""first_relevant_rank"": 2}, {""entry_id"": ""TS-07"", ""category"": ""ADR (Exact)"", ""ndcg5"": 1.0, ""mrr5"": 1.0, ""hit3"": 1, ""hit1"": 1, ""first_relevant_rank"": 1}, {""entry_id"": ""TS-08"", ""category"": ""Non-file (hermes)"", ""ndcg5"": 0.43067655807339306, ""mrr5"": 0.25, ""hit3"": 0, ""hit1"": 0, ""first_relevant_rank"": 4}, {""entry_id"": ""TS-09"", ""category"": ""Non-file (hermes)"", ""ndcg5"": 1.0, ""mrr5"": 1.0, ""hit3"": 1, ""hit1"": 1, ""first_relevant_rank"": 1}, {""entry_id"": ""TS-10"", ""category"": ""Non-file (shared)"", ""ndcg5"": 0.0, ""mrr5"": 0.0, ""hit3"": 0, ""hit1"": 0, ""first_relevant_rank"": null}]","{""ADR (Table)"": ""CategoryMetrics(category='ADR (Table)', count=4, mean_ndcg5=0.6910170306431478, mean_mrr5=0.5416666666666666, hit3_rate=1.0, hit1_rate=0.25)"", ""ADR (Exact)"": ""CategoryMetrics(category='ADR (Exact)', count=3, mean_ndcg5=0.8769765845238192, mean_mrr5=0.8333333333333334, hit3_rate=1.0, hit1_rate=0.6666666666666666)"", ""Non-file (hermes)"": ""CategoryMetrics(category='Non-file (hermes)', count=2, mean_ndcg5=0.7153382790366966, mean_mrr5=0.625, hit3_rate=0.5, hit1_rate=0.5)"", ""Non-file (shared)"": ""CategoryMetrics(category='Non-file (shared)', count=1, mean_ndcg5=0.0, mean_mrr5=0.0, hit3_rate=0.0, hit1_rate=0.0)""}"
baseline,baseline,default,memory,100,0.6105391530585856,0.5676666666666667,0.65,0.47,"[{""entry_id"": ""E001"", ""category"": ""ADR (Context)"", ""ndcg5"": 1.0, ""mrr5"": 1.0, ""hit3"": 1, ""hit1"": 1, ""first_relevant_rank"": 1}, {""entry_id"": ""E002"", ""category"": ""ADR (Decision)"", ""ndcg5"": 1.0, ""mrr5"": 1.0, ""hit3"": 1, ""hit1"": 1, ""first_relevant_rank"": 1}, {""entry_id"": ""E003"", ""category"": ""ADR (Consequences)"", ""ndcg5"": 0.0, ""mrr5"": 0.0, ""hit3"": 0, ""hit1"": 0, ""first_relevant_rank"": null}, {""entry_id"": ""E004"", ""category"": ""ADR (Context)"", ""ndcg5"": 0.38685280723454163, ""mrr5"": 0.2, ""hit3"": 0, ""hit1"": 0, ""first_relevant_rank"": 5}, {""entry_id"": ""E005"", ""category"": ""ADR (Decision)"", ""ndcg5"": 0.38685280723454163, ""mrr5"": 0.2, ""hit3"": 0, ""hit1"": 0, ""first_relevant_rank"": 5}, {""entry_id"": ""E006"", ""category"": ""ADR (Consequences)"", ""ndcg5"": 1.0, ""mrr5"": 1.0, ""hit3"": 1, ""hit1"": 1, ""first_relevant_rank"": 1}, {""entry_id"": ""E007"", ""category"": ""ADR (Context)"", ""ndcg5"": 0.5, ""mrr5"": 0.3333333333333333, ""hit3"": 1, ""hit1"": 0, ""first_relevant_rank"": 3}, {""entry_id"": ""E008"", ""category"": ""ADR (Decision)"", ""ndcg5"": 0.0, ""mrr5"": 0.0, ""hit3"": 0, ""hit1"": 0, ""first_relevant_rank"": null}, {""entry_id"": ""E009"", ""category"": ""ADR (Consequences)"", ""ndcg5"": 0.6309297535714575, ""mrr5"": 0.5, ""hit3"": 1, ""hit1"": 0, ""first_relevant_rank"": 2}, {""entry_id"": ""E010"", ""category"": ""ADR (Context)"", ""ndcg5"": 0.6309297535714575, ""mrr5"": 0.5, ""hit3"": 1, ""hit1"": 0, ""first_relevant_rank"": 2}, {""entry_id"": ""E011"", ""category"": ""ADR (Decision)"", ""ndcg5"": 0.5, ""mrr5"": 0.3333333333333333, ""hit3"": 1, ""hit1"": 0, ""first_relevant_rank"": 3}, {""entry_id"": ""E012"", ""category"": ""ADR (Consequences)"", ""ndcg5"": 1.0, ""mrr5"": 1.0, ""hit3"": 1, ""hit1"": 1, ""first_relevant_rank"": 1}, {""entry_id"": ""E013"", ""category"": ""ADR (Context)"", ""ndcg5"": 0.43067655807339306, ""mrr5"": 0.25, ""hit3"": 0, ""hit1"": 0, ""first_relevant_rank"": 4}, {""entry_id"": ""E014"", ""category"": ""ADR (Decision)"", ""ndcg5"": 1.0, ""mrr5"": 1.0, ""hit3"": 1, ""hit1"": 1, ""first_relevant_rank"": 1}, {""entry_id"": ""E015"", ""category"": ""ADR (Consequences)"", ""ndcg5"": 1.0, ""mrr5"": 1.0, ""hit3"": 1, ""hit1"": 1, ""first_relevant_rank"": 1}, {""entry_id"": ""E016"", ""category"": ""ADR (Context)"", ""ndcg5"": 0.43067655807339306, ""mrr5"": 0.25, ""hit3"": 0, ""hit1"": 0, ""first_relevant_rank"": 4}, {""entry_id"": ""E017"", ""category"": ""ADR (Decision)"", ""ndcg5"": 0.0, ""mrr5"": 0.0, ""hit3"": 0, ""hit1"": 0, ""first_relevant_rank"": null}, {""entry_id"": ""E018"", ""category"": ""ADR (Consequences)"", ""ndcg5"": 0.6309297535714575, ""mrr5"": 0.5, ""hit3"": 1, ""hit1"": 0, ""first_relevant_rank"": 2}, {""entry_id"": ""E019"", ""category"": ""ADR (Context)"", ""ndcg5"": 0.6309297535714575, ""mrr5"": 0.5, ""hit3"": 1, ""hit1"": 0, ""first_relevant_rank"": 2}, {""entry_id"": ""E020"", ""category"": ""ADR (Decision)"", ""ndcg5"": 0.0, ""mrr5"": 0.0, ""hit3"": 0, ""hit1"": 0, ""first_relevant_rank"": null}, {""entry_id"": ""E021"", ""category"": ""ADR (Consequences)"", ""ndcg5"": 0.0, ""mrr5"": 0.0, ""hit3"": 0, ""hit1"": 0, ""first_relevant_rank"": null}, {""entry_id"": ""E022"", ""category"": ""ADR (Context)"", ""ndcg5"": 0.0, ""mrr5"": 0.0, ""hit3"": 0, ""hit1"": 0, ""first_relevant_rank"": null}, {""entry_id"": ""E023"", ""category"": ""ADR (Decision)"", ""ndcg5"": 1.0, ""mrr5"": 1.0, ""hit3"": 1, ""hit1"": 1, ""first_relevant_rank"": 1}, {""entry_id"": ""E024"", ""category"": ""ADR (Consequences)"", ""ndcg5"": 0.0, ""mrr5"": 0.0, ""hit3"": 0, ""hit1"": 0, ""first_relevant_rank"": null}, {""entry_id"": ""E025"", ""category"": ""ADR (Context)"", ""ndcg5"": 0.43067655807339306, ""mrr5"": 0.25, ""hit3"": 0, ""hit1"": 0, ""first_relevant_rank"": 4}, {""entry_id"": ""E026"", ""category"": ""ADR (Decision)"", ""ndcg5"": 1.0, ""mrr5"": 1.0, ""hit3"": 1, ""hit1"": 1, ""first_relevant_rank"": 1}, {""entry_id"": ""E027"", ""category"": ""ADR (Consequences)"", ""ndcg5"": 0.0, ""mrr5"": 0.0, ""hit3"": 0, ""hit1"": 0, ""first_relevant_rank"": null}, {""entry_id"": ""E028"", ""category"": ""ADR (Context)"", ""ndcg5"": 1.0, ""mrr5"": 1.0, ""hit3"": 1, ""hit1"": 1, ""first_relevant_rank"": 1}, {""entry_id"": ""E029"", ""category"": ""ADR (Decision)"", ""ndcg5"": 0.0, ""mrr5"": 0.0, ""hit3"": 0, ""hit1"": 0, ""first_relevant_rank"": null}, {""entry_id"": ""E030"", ""category"": ""ADR (Consequences)"", ""ndcg5"": 0.0, ""mrr5"": 0.0, ""hit3"": 0, ""hit1"": 0, ""first_relevant_rank"": null}, {""entry_id"": ""E031"", ""category"": ""ADR (Context)"", ""ndcg5"": 0.6309297535714575, ""mrr5"": 0.5, ""hit3"": 1, ""hit1"": 0, ""first_relevant_rank"": 2}, {""entry_id"": ""E032"", ""category"": ""ADR (Decision)"", ""ndcg5"": 0.38685280723454163, ""mrr5"": 0.2, ""hit3"": 0, ""hit1"": 0, ""first_relevant_rank"": 5}, {""entry_id"": ""E033"", ""category"": ""ADR (Consequences)"", ""ndcg5"": 0.0, ""mrr5"": 0.0, ""hit3"": 0, ""hit1"": 0, ""first_relevant_rank"": null}, {""entry_id"": ""E034"", ""category"": ""ADR (Context)"", ""ndcg5"": 0.0, ""mrr5"": 0.0, ""hit3"": 0, ""hit1"": 0, ""first_relevant_rank"": null}, {""entry_id"": ""E035"", ""category"": ""ADR (Decision)"", ""ndcg5"": 0.0, ""mrr5"": 0.0, ""hit3"": 0, ""hit1"": 0, ""first_relevant_rank"": null}, {""entry_id"": ""E036"", ""category"": ""ADR (Consequences)"", ""ndcg5"": 0.0, ""mrr5"": 0.0, ""hit3"": 0, ""hit1"": 0, ""first_relevant_rank"": null}, {""entry_id"": ""E037"", ""category"": ""ADR (Context)"", ""ndcg5"": 0.6309297535714575, ""mrr5"": 0.5, ""hit3"": 1, ""hit1"": 0, ""first_relevant_rank"": 2}, {""entry_id"": ""E038"", ""category"": ""ADR (Decision)"", ""ndcg5"": 1.0, ""mrr5"": 1.0, ""hit3"": 1, ""hit1"": 1, ""first_relevant_rank"": 1}, {""entry_id"": ""E039"", ""category"": ""ADR (Consequences)"", ""ndcg5"": 0.6309297535714575, ""mrr5"": 0.5, ""hit3"": 1, ""hit1"": 0, ""first_relevant_rank"": 2}, {""entry_id"": ""E040"", ""category"": ""ADR (Context)"", ""ndcg5"": 0.43067655807339306, ""mrr5"": 0.25, ""hit3"": 0, ""hit1"": 0, ""first_relevant_rank"": 4}, {""entry_id"": ""E041"", ""category"": ""ADR (Decision)"", ""ndcg5"": 1.0, ""mrr5"": 1.0, ""hit3"": 1, ""hit1"": 1, ""first_relevant_rank"": 1}, {""entry_id"": ""E042"", ""category"": ""ADR (Consequences)"", ""ndcg5"": 1.0, ""mrr5"": 1.0, ""hit3"": 1, ""hit1"": 1, ""first_relevant_rank"": 1}, {""entry_id"": ""E043"", ""category"": ""ADR (Context)"", ""ndcg5"": 0.0, ""mrr5"": 0.0, ""hit3"": 0, ""hit1"": 0, ""first_relevant_rank"": null}, {""entry_id"": ""E044"", ""category"": ""ADR (Decision)"", ""ndcg5"": 0.6309297535714575, ""mrr5"": 0.5, ""hit3"": 1, ""hit1"": 0, ""first_relevant_rank"": 2}, {""entry_id"": ""E045"", ""category"": ""ADR (Consequences)"", ""ndcg5"": 0.0, ""mrr5"": 0.0, ""hit3"": 0, ""hit1"": 0, ""first_relevant_rank"": null}, {""entry_id"": ""E046"", ""category"": ""ADR (Content)"", ""ndcg5"": 1.0, ""mrr5"": 1.0, ""hit3"": 1, ""hit1"": 1, ""first_relevant_rank"": 1}, {""entry_id"": ""E047"", ""category"": ""ADR (Decision)"", ""ndcg5"": 1.0, ""mrr5"": 1.0, ""hit3"": 1, ""hit1"": 1, ""first_relevant_rank"": 1}, {""entry_id"": ""E048"", ""category"": ""ADR (Consequences)"", ""ndcg5"": 1.0, ""mrr5"": 1.0, ""hit3"": 1, ""hit1"": 1, ""first_relevant_rank"": 1}, {""entry_id"": ""E049"", ""category"": ""ADR (Context)"", ""ndcg5"": 1.0, ""mrr5"": 1.0, ""hit3"": 1, ""hit1"": 1, ""first_relevant_rank"": 1}, {""entry_id"": ""E050"", ""category"": ""ADR (Decision)"", ""ndcg5"": 0.5, ""mrr5"": 0.3333333333333333, ""hit3"": 1, ""hit1"": 0, ""first_relevant_rank"": 3}, {""entry_id"": ""E051"", ""category"": ""ADR (Consequences)"", ""ndcg5"": 1.0, ""mrr5"": 1.0, ""hit3"": 1, ""hit1"": 1, ""first_relevant_rank"": 1}, {""entry_id"": ""E052"", ""category"": ""ADR (Context)"", ""ndcg5"": 1.0, ""mrr5"": 1.0, ""hit3"": 1, ""hit1"": 1, ""first_relevant_rank"": 1}, {""entry_id"": ""E053"", ""category"": ""ADR (Decision)"", ""ndcg5"": 1.0, ""mrr5"": 1.0, ""hit3"": 1, ""hit1"": 1, ""first_relevant_rank"": 1}, {""entry_id"": ""E054"", ""category"": ""ADR (Consequences)"", ""ndcg5"": 1.0, ""mrr5"": 1.0, ""hit3"": 1, ""hit1"": 1, ""first_relevant_rank"": 1}, {""entry_id"": ""E055"", ""category"": ""ADR (Context)"", ""ndcg5"": 1.0, ""mrr5"": 1.0, ""hit3"": 1, ""hit1"": 1, ""first_relevant_rank"": 1}, {""entry_id"": ""E056"", ""category"": ""ADR (Decision)"", ""ndcg5"": 0.5, ""mrr5"": 0.3333333333333333, ""hit3"": 1, ""hit1"": 0, ""first_relevant_rank"": 3}, {""entry_id"": ""E057"", ""category"": ""ADR (Content)"", ""ndcg5"": 0.0, ""mrr5"": 0.0, ""hit3"": 0, ""hit1"": 0, ""first_relevant_rank"": null}, {""entry_id"": ""E058"", ""category"": ""ADR (Context)"", ""ndcg5"": 1.0, ""mrr5"": 1.0, ""hit3"": 1, ""hit1"": 1, ""first_relevant_rank"": 1}, {""entry_id"": ""E059"", ""category"": ""ADR (Decision)"", ""ndcg5"": 0.5, ""mrr5"": 0.3333333333333333, ""hit3"": 1, ""hit1"": 0, ""first_relevant_rank"": 3}, {""entry_id"": ""E060"", ""category"": ""ADR (Consequences)"", ""ndcg5"": 0.43067655807339306, ""mrr5"": 0.25, ""hit3"": 0, ""hit1"": 0, ""first_relevant_rank"": 4}, {""entry_id"": ""E061"", ""category"": ""ADR (Context)"", ""ndcg5"": 1.0, ""mrr5"": 1.0, ""hit3"": 1, ""hit1"": 1, ""first_relevant_rank"": 1}, {""entry_id"": ""E062"", ""category"": ""ADR (Decision)"", ""ndcg5"": 0.0, ""mrr5"": 0.0, ""hit3"": 0, ""hit1"": 0, ""first_relevant_rank"": null}, {""entry_id"": ""E063"", ""category"": ""ADR (Consequences)"", ""ndcg5"": 0.0, ""mrr5"": 0.0, ""hit3"": 0, ""hit1"": 0, ""first_relevant_rank"": null}, {""entry_id"": ""E064"", ""category"": ""ADR (Context)"", ""ndcg5"": 0.5, ""mrr5"": 0.3333333333333333, ""hit3"": 1, ""hit1"": 0, ""first_relevant_rank"": 3}, {""entry_id"": ""E065"", ""category"": ""ADR (Decision)"", ""ndcg5"": 0.0, ""mrr5"": 0.0, ""hit3"": 0, ""hit1"": 0, ""first_relevant_rank"": null}, {""entry_id"": ""E066"", ""category"": ""ADR (Consequences)"", ""ndcg5"": 0.0, ""mrr5"": 0.0, ""hit3"": 0, ""hit1"": 0, ""first_relevant_rank"": null}, {""entry_id"": ""E067"", ""category"": ""ADR (Context)"", ""ndcg5"": 1.0, ""mrr5"": 1.0, ""hit3"": 1, ""hit1"": 1, ""first_relevant_rank"": 1}, {""entry_id"": ""E068"", ""category"": ""ADR (Decision)"", ""ndcg5"": 0.5, ""mrr5"": 0.3333333333333333, ""hit3"": 1, ""hit1"": 0, ""first_relevant_rank"": 3}, {""entry_id"": ""E069"", ""category"": ""ADR (Consequences)"", ""ndcg5"": 0.0, ""mrr5"": 0.0, ""hit3"": 0, ""hit1"": 0, ""first_relevant_rank"": null}, {""entry_id"": ""E070"", ""category"": ""ADR (Context)"", ""ndcg5"": 1.0, ""mrr5"": 1.0, ""hit3"": 1, ""hit1"": 1, ""first_relevant_rank"": 1}, {""entry_id"": ""E071"", ""category"": ""ADR (Decision)"", ""ndcg5"": 0.0, ""mrr5"": 0.0, ""hit3"": 0, ""hit1"": 0, ""first_relevant_rank"": null}, {""entry_id"": ""E072"", ""category"": ""ADR (Consequences)"", ""ndcg5"": 0.0, ""mrr5"": 0.0, ""hit3"": 0, ""hit1"": 0, ""first_relevant_rank"": null}, {""entry_id"": ""E073"", ""category"": ""ADR (Context)"", ""ndcg5"": 0.5, ""mrr5"": 0.3333333333333333, ""hit3"": 1, ""hit1"": 0, ""first_relevant_rank"": 3}, {""entry_id"": ""E074"", ""category"": ""ADR (Decision)"", ""ndcg5"": 0.6309297535714575, ""mrr5"": 0.5, ""hit3"": 1, ""hit1"": 0, ""first_relevant_rank"": 2}, {""entry_id"": ""E075"", ""category"": ""ADR (Consequences)"", ""ndcg5"": 1.0, ""mrr5"": 1.0, ""hit3"": 1, ""hit1"": 1, ""first_relevant_rank"": 1}, {""entry_id"": ""E076"", ""category"": ""Non-file (hermes transcript)"", ""ndcg5"": 1.0, ""mrr5"": 1.0, ""hit3"": 1, ""hit1"": 1, ""first_relevant_rank"": 1}, {""entry_id"": ""E077"", ""category"": ""Non-file (hermes transcript)"", ""ndcg5"": 1.0, ""mrr5"": 1.0, ""hit3"": 1, ""hit1"": 1, ""first_relevant_rank"": 1}, {""entry_id"": ""E078"", ""category"": ""Non-file (hermes transcript)"", ""ndcg5"": 1.0, ""mrr5"": 1.0, ""hit3"": 1, ""hit1"": 1, ""first_relevant_rank"": 1}, {""entry_id"": ""E079"", ""category"": ""Non-file (hermes transcript)"", ""ndcg5"": 1.0, ""mrr5"": 1.0, ""hit3"": 1, ""hit1"": 1, ""first_relevant_rank"": 1}, {""entry_id"": ""E080"", ""category"": ""Non-file (hermes transcript)"", ""ndcg5"": 0.0, ""mrr5"": 0.0, ""hit3"": 0, ""hit1"": 0, ""first_relevant_rank"": null}, {""entry_id"": ""E081"", ""category"": ""Non-file (hermes transcript)"", ""ndcg5"": 1.0, ""mrr5"": 1.0, ""hit3"": 1, ""hit1"": 1, ""first_relevant_rank"": 1}, {""entry_id"": ""E082"", ""category"": ""Non-file (hermes transcript)"", ""ndcg5"": 0.43067655807339306, ""mrr5"": 0.25, ""hit3"": 0, ""hit1"": 0, ""first_relevant_rank"": 4}, {""entry_id"": ""E083"", ""category"": ""Non-file (hermes transcript)"", ""ndcg5"": 1.0, ""mrr5"": 1.0, ""hit3"": 1, ""hit1"": 1, ""first_relevant_rank"": 1}, {""entry_id"": ""E084"", ""category"": ""Non-file (hermes transcript)"", ""ndcg5"": 0.0, ""mrr5"": 0.0, ""hit3"": 0, ""hit1"": 0, ""first_relevant_rank"": null}, {""entry_id"": ""E085"", ""category"": ""Non-file (hermes transcript)"", ""ndcg5"": 1.0, ""mrr5"": 1.0, ""hit3"": 1, ""hit1"": 1, ""first_relevant_rank"": 1}, {""entry_id"": ""E086"", ""category"": ""Non-file (hermes transcript)"", ""ndcg5"": 1.0, ""mrr5"": 1.0, ""hit3"": 1, ""hit1"": 1, ""first_relevant_rank"": 1}, {""entry_id"": ""E087"", ""category"": ""Non-file (hermes transcript)"", ""ndcg5"": 1.0, ""mrr5"": 1.0, ""hit3"": 1, ""hit1"": 1, ""first_relevant_rank"": 1}, {""entry_id"": ""E088"", ""category"": ""Non-file (hermes transcript)"", ""ndcg5"": 1.0, ""mrr5"": 1.0, ""hit3"": 1, ""hit1"": 1, ""first_relevant_rank"": 1}, {""entry_id"": ""E089"", ""category"": ""Non-file (hermes transcript)"", ""ndcg5"": 0.6309297535714575, ""mrr5"": 0.5, ""hit3"": 1, ""hit1"": 0, ""first_relevant_rank"": 2}, {""entry_id"": ""E090"", ""category"": ""Non-file (shared tier)"", ""ndcg5"": 1.0, ""mrr5"": 1.0, ""hit3"": 1, ""hit1"": 1, ""first_relevant_rank"": 1}, {""entry_id"": ""E091"", ""category"": ""Non-file (shared tier)"", ""ndcg5"": 1.0, ""mrr5"": 1.0, ""hit3"": 1, ""hit1"": 1, ""first_relevant_rank"": 1}, {""entry_id"": ""E092"", ""category"": ""Non-file (shared tier)"", ""ndcg5"": 1.0, ""mrr5"": 1.0, ""hit3"": 1, ""hit1"": 1, ""first_relevant_rank"": 1}, {""entry_id"": ""E093"", ""category"": ""Non-file (shared tier)"", ""ndcg5"": 1.0, ""mrr5"": 1.0, ""hit3"": 1, ""hit1"": 1, ""first_relevant_rank"": 1}, {""entry_id"": ""E094"", ""category"": ""Non-file (shared tier)"", ""ndcg5"": 1.0, ""mrr5"": 1.0, ""hit3"": 1, ""hit1"": 1, ""first_relevant_rank"": 1}, {""entry_id"": ""E095"", ""category"": ""Non-file (shared tier)"", ""ndcg5"": 1.0, ""mrr5"": 1.0, ""hit3"": 1, ""hit1"": 1, ""first_relevant_rank"": 1}, {""entry_id"": ""E096"", ""category"": ""Non-file (shared tier)"", ""ndcg5"": 1.0, ""mrr5"": 1.0, ""hit3"": 1, ""hit1"": 1, ""first_relevant_rank"": 1}, {""entry_id"": ""E097"", ""category"": ""Non-file (shared tier)"", ""ndcg5"": 1.0, ""mrr5"": 1.0, ""hit3"": 1, ""hit1"": 1, ""first_relevant_rank"": 1}, {""entry_id"": ""E098"", ""category"": ""Non-file (shared tier)"", ""ndcg5"": 1.0, ""mrr5"": 1.0, ""hit3"": 1, ""hit1"": 1, ""first_relevant_rank"": 1}, {""entry_id"": ""E099"", ""category"": ""Non-file (shared tier)"", ""ndcg5"": 1.0, ""mrr5"": 1.0, ""hit3"": 1, ""hit1"": 1, ""first_relevant_rank"": 1}, {""entry_id"": ""E100"", ""category"": ""Non-file (shared tier)"", ""ndcg5"": 1.0, ""mrr5"": 1.0, ""hit3"": 1, ""hit1"": 1, ""first_relevant_rank"": 1}]","{""ADR (Context)"": ""CategoryMetrics(category='ADR (Context)', count=24, mean_ndcg5=0.6305532522422477, mean_mrr5=0.5499999999999999, hit3_rate=0.6666666666666666, hit1_rate=0.375)"", ""ADR (Decision)"": ""CategoryMetrics(category='ADR (Decision)', count=25, mean_ndcg5=0.50142260486448, mean_mrr5=0.44266666666666665, hit3_rate=0.6, hit1_rate=0.32)"", ""ADR (Consequences)"": ""CategoryMetrics(category='ADR (Consequences)', count=24, mean_ndcg5=0.43014440911615687, mean_mrr5=0.40625, hit3_rate=0.4583333333333333, hit1_rate=0.3333333333333333)"", ""ADR (Content)"": ""CategoryMetrics(category='ADR (Content)', count=2, mean_ndcg5=0.5, mean_mrr5=0.5, hit3_rate=0.5, hit1_rate=0.5)"", ""Non-file (hermes transcript)"": ""CategoryMetrics(category='Non-file (hermes transcript)', count=14, mean_ndcg5=0.7901147365460607, mean_mrr5=0.7678571428571429, hit3_rate=0.7857142857142857, hit1_rate=0.7142857142857143)"", ""Non-file (shared tier)"": ""CategoryMetrics(category='Non-file (shared tier)', count=11, mean_ndcg5=1.0, mean_mrr5=1.0, hit3_rate=1.0, hit1_rate=1.0)""}"
rrfK=1,rrfK,1,memory,100,0.5928792682167123,0.5603333333333333,0.64,0.48,"[{""entry_id"": ""E001"", ""category"": ""ADR (Context)"", ""ndcg5"": 1.0, ""mrr5"": 1.0, ""hit3"": 1, ""hit1"": 1, ""first_relevant_rank"": 1}, {""entry_id"": ""E002"", ""category"": ""ADR (Decision)"", ""ndcg5"": 1.0, ""mrr5"": 1.0, ""hit3"": 1, ""hit1"": 1, ""first_relevant_rank"": 1}, {""entry_id"": ""E003"", ""category"": ""ADR (Consequences)"", ""ndcg5"": 1.0, ""mrr5"": 1.0, ""hit3"": 1, ""hit1"": 1, ""first_relevant_rank"": 1}, {""entry_id"": ""E004"", ""category"": ""ADR (Context)"", ""ndcg5"": 1.0, ""mrr5"": 1.0, ""hit3"": 1, ""hit1"": 1, ""first_relevant_rank"": 1}, {""entry_id"": ""E005"", ""category"": ""ADR (Decision)"", ""ndcg5"": 0.43067655807339306, ""mrr5"": 0.25, ""hit3"": 0, ""hit1"": 0, ""first_relevant_rank"": 4}, {""entry_id"": ""E006"", ""category"": ""ADR (Consequences)"", ""ndcg5"": 1.0, ""mrr5"": 1.0, ""hit3"": 1, ""hit1"": 1, ""first_relevant_rank"": 1}, {""entry_id"": ""E007"", ""category"": ""ADR (Context)"", ""ndcg5"": 1.0, ""mrr5"": 1.0, ""hit3"": 1, ""hit1"": 1, ""first_relevant_rank"": 1}, {""entry_id"": ""E008"", ""category"": ""ADR (Decision)"", ""ndcg5"": 0.0, ""mrr5"": 0.0, ""hit3"": 0, ""hit1"": 0, ""first_relevant_rank"": null}, {""entry_id"": ""E009"", ""category"": ""ADR (Consequences)"", ""ndcg5"": 0.0, ""mrr5"": 0.0, ""hit3"": 0, ""hit1"": 0, ""first_relevant_rank"": null}, {""entry_id"": ""E010"", ""category"": ""ADR (Context)"", ""ndcg5"": 1.0, ""mrr5"": 1.0, ""hit3"": 1, ""hit1"": 1, ""first_relevant_rank"": 1}, {""entry_id"": ""E011"", ""category"": ""ADR (Decision)"", ""ndcg5"": 0.5, ""mrr5"": 0.3333333333333333, ""hit3"": 1, ""hit1"": 0, ""first_relevant_rank"": 3}, {""entry_id"": ""E012"", ""category"": ""ADR (Consequences)"", ""ndcg5"": 1.0, ""mrr5"": 1.0, ""hit3"": 1, ""hit1"": 1, ""first_relevant_rank"": 1}, {""entry_id"": ""E013"", ""category"": ""ADR (Context)"", ""ndcg5"": 0.6309297535714575, ""mrr5"": 0.5, ""hit3"": 1, ""hit1"": 0, ""first_relevant_rank"": 2}, {""entry_id"": ""E014"", ""category"": ""ADR (Decision)"", ""ndcg5"": 0.6309297535714575, ""mrr5"": 0.5, ""hit3"": 1, ""hit1"": 0, ""first_relevant_rank"": 2}, {""entry_id"": ""E015"", ""category"": ""ADR (Consequences)"", ""ndcg5"": 1.0, ""mrr5"": 1.0, ""hit3"": 1, ""hit1"": 1, ""first_relevant_rank"": 1}, {""entry_id"": ""E016"", ""category"": ""ADR (Context)"", ""ndcg5"": 0.5, ""mrr5"": 0.3333333333333333, ""hit3"": 1, ""hit1"": 0, ""first_relevant_rank"": 3}, {""entry_id"": ""E017"", ""category"": ""ADR (Decision)"", ""ndcg5"": 0.0, ""mrr5"": 0.0, ""hit3"": 0, ""hit1"": 0, ""first_relevant_rank"": null}, {""entry_id"": ""E018"", ""category"": ""ADR (Consequences)"", ""ndcg5"": 0.5, ""mrr5"": 0.3333333333333333, ""hit3"": 1, ""hit1"": 0, ""first_relevant_rank"": 3}, {""entry_id"": ""E019"", ""category"": ""ADR (Context)"", ""ndcg5"": 0.5, ""mrr5"": 0.3333333333333333, ""hit3"": 1, ""hit1"": 0, ""first_relevant_rank"": 3}, {""entry_id"": ""E020"", ""category"": ""ADR (Decision)"", ""ndcg5"": 0.0, ""mrr5"": 0.0, ""hit3"": 0, ""hit1"": 0, ""first_relevant_rank"": null}, {""entry_id"": ""E021"", ""category"": ""ADR (Consequences)"", ""ndcg5"": 0.0, ""mrr5"": 0.0, ""hit3"": 0, ""hit1"": 0, ""first_relevant_rank"": null}, {""entry_id"": ""E022"", ""category"": ""ADR (Context)"", ""ndcg5"": 0.0, ""mrr5"": 0.0, ""hit3"": 0, ""hit1"": 0, ""first_relevant_rank"": null}, {""entry_id"": ""E023"", ""category"": ""ADR (Decision)"", ""ndcg5"": 1.0, ""mrr5"": 1.0, ""hit3"": 1, ""hit1"": 1, ""first_relevant_rank"": 1}, {""entry_id"": ""E024"", ""category"": ""ADR (Consequences)"", ""ndcg5"": 0.0, ""mrr5"": 0.0, ""hit3"": 0, ""hit1"": 0, ""first_relevant_rank"": null}, {""entry_id"": ""E025"", ""category"": ""ADR (Context)"", ""ndcg5"": 1.0, ""mrr5"": 1.0, ""hit3"": 1, ""hit1"": 1, ""first_relevant_rank"": 1}, {""entry_id"": ""E026"", ""category"": ""ADR (Decision)"", ""ndcg5"": 1.0, ""mrr5"": 1.0, ""hit3"": 1, ""hit1"": 1, ""first_relevant_rank"": 1}, {""entry_id"": ""E027"", ""category"": ""ADR (Consequences)"", ""ndcg5"": 0.0, ""mrr5"": 0.0, ""hit3"": 0, ""hit1"": 0, ""first_relevant_rank"": null}, {""entry_id"": ""E028"", ""category"": ""ADR (Context)"", ""ndcg5"": 1.0, ""mrr5"": 1.0, ""hit3"": 1, ""hit1"": 1, ""first_relevant_rank"": 1}, {""entry_id"": ""E029"", ""category"": ""ADR (Decision)"", ""ndcg5"": 0.0, ""mrr5"": 0.0, ""hit3"": 0, ""hit1"": 0, ""first_relevant_rank"": null}, {""entry_id"": ""E030"", ""category"": ""ADR (Consequences)"", ""ndcg5"": 0.0, ""mrr5"": 0.0, ""hit3"": 0, ""hit1"": 0, ""first_relevant_rank"": null}, {""entry_id"": ""E031"", ""category"": ""ADR (Context)"", ""ndcg5"": 1.0, ""mrr5"": 1.0, ""hit3"": 1, ""hit1"": 1, ""first_relevant_rank"": 1}, {""entry_id"": ""E032"", ""category"": ""ADR (Decision)"", ""ndcg5"": 0.0, ""mrr5"": 0.0, ""hit3"": 0, ""hit1"": 0, ""first_relevant_rank"": null}, {""entry_id"": ""E033"", ""category"": ""ADR (Consequences)"", ""ndcg5"": 0.0, ""mrr5"": 0.0, ""hit3"": 0, ""hit1"": 0, ""first_relevant_rank"": null}, {""entry_id"": ""E034"", ""category"": ""ADR (Context)"", ""ndcg5"": 0.0, ""mrr5"": 0.0, ""hit3"": 0, ""hit1"": 0, ""first_relevant_rank"": null}, {""entry_id"": ""E035"", ""category"": ""ADR (Decision)"", ""ndcg5"": 0.0, ""mrr5"": 0.0, ""hit3"": 0, ""hit1"": 0, ""first_relevant_rank"": null}, {""entry_id"": ""E036"", ""category"": ""ADR (Consequences)"", ""ndcg5"": 0.0, ""mrr5"": 0.0, ""hit3"": 0, ""hit1"": 0, ""first_relevant_rank"": null}, {""entry_id"": ""E037"", ""category"": ""ADR (Context)"", ""ndcg5"": 1.0, ""mrr5"": 1.0, ""hit3"": 1, ""hit1"": 1, ""first_relevant_rank"": 1}, {""entry_id"": ""E038"", ""category"": ""ADR (Decision)"", ""ndcg5"": 0.0, ""mrr5"": 0.0, ""hit3"": 0, ""hit1"": 0, ""first_relevant_rank"": null}, {""entry_id"": ""E039"", ""category"": ""ADR (Consequences)"", ""ndcg5"": 0.0, ""mrr5"": 0.0, ""hit3"": 0, ""hit1"": 0, ""first_relevant_rank"": null}, {""entry_id"": ""E040"", ""category"": ""ADR (Context)"", ""ndcg5"": 0.38685280723454163, ""mrr5"": 0.2, ""hit3"": 0, ""hit1"": 0, ""first_relevant_rank"": 5}, {""entry_id"": ""E041"", ""category"": ""ADR (Decision)"", ""ndcg5"": 0.6309297535714575, ""mrr5"": 0.5, ""hit3"": 1, ""hit1"": 0, ""first_relevant_rank"": 2}, {""entry_id"": ""E042"", ""category"": ""ADR (Consequences)"", ""ndcg5"": 0.0, ""mrr5"": 0.0, ""hit3"": 0, ""hit1"": 0, ""first_relevant_rank"": null}, {""entry_id"": ""E043"", ""category"": ""ADR (Context)"", ""ndcg5"": 0.6309297535714575, ""mrr5"": 0.5, ""hit3"": 1, ""hit1"": 0, ""first_relevant_rank"": 2}, {""entry_id"": ""E044"", ""category"": ""ADR (Decision)"", ""ndcg5"": 0.0, ""mrr5"": 0.0, ""hit3"": 0, ""hit1"": 0, ""first_relevant_rank"": null}, {""entry_id"": ""E045"", ""category"": ""ADR (Consequences)"", ""ndcg5"": 0.0, ""mrr5"": 0.0, ""hit3"": 0, ""hit1"": 0, ""first_relevant_rank"": null}, {""entry_id"": ""E046"", ""category"": ""ADR (Content)"", ""ndcg5"": 1.0, ""mrr5"": 1.0, ""hit3"": 1, ""hit1"": 1, ""first_relevant_rank"": 1}, {""entry_id"": ""E047"", ""category"": ""ADR (Decision)"", ""ndcg5"": 0.6309297535714575, ""mrr5"": 0.5, ""hit3"": 1, ""hit1"": 0, ""first_relevant_rank"": 2}, {""entry_id"": ""E048"", ""category"": ""ADR (Consequences)"", ""ndcg5"": 0.0, ""mrr5"": 0.0, ""hit3"": 0, ""hit1"": 0, ""first_relevant_rank"": null}, {""entry_id"": ""E049"", ""category"": ""ADR (Context)"", ""ndcg5"": 1.0, ""mrr5"": 1.0, ""hit3"": 1, ""hit1"": 1, ""first_relevant_rank"": 1}, {""entry_id"": ""E050"", ""category"": ""ADR (Decision)"", ""ndcg5"": 0.0, ""mrr5"": 0.0, ""hit3"": 0, ""hit1"": 0, ""first_relevant_rank"": null}, {""entry_id"": ""E051"", ""category"": ""ADR (Consequences)"", ""ndcg5"": 0.0, ""mrr5"": 0.0, ""hit3"": 0, ""hit1"": 0, ""first_relevant_rank"": null}, {""entry_id"": ""E052"", ""category"": ""ADR (Context)"", ""ndcg5"": 1.0, ""mrr5"": 1.0, ""hit3"": 1, ""hit1"": 1, ""first_relevant_rank"": 1}, {""entry_id"": ""E053"", ""category"": ""ADR (Decision)"", ""ndcg5"": 1.0, ""mrr5"": 1.0, ""hit3"": 1, ""hit1"": 1, ""first_relevant_rank"": 1}, {""entry_id"": ""E054"", ""category"": ""ADR (Consequences)"", ""ndcg5"": 1.0, ""mrr5"": 1.0, ""hit3"": 1, ""hit1"": 1, ""first_relevant_rank"": 1}, {""entry_id"": ""E055"", ""category"": ""ADR (Context)"", ""ndcg5"": 1.0, ""mrr5"": 1.0, ""hit3"": 1, ""hit1"": 1, ""first_relevant_rank"": 1}, {""entry_id"": ""E056"", ""category"": ""ADR (Decision)"", ""ndcg5"": 0.0, ""mrr5"": 0.0, ""hit3"": 0, ""hit1"": 0, ""first_relevant_rank"": null}, {""entry_id"": ""E057"", ""category"": ""ADR (Content)"", ""ndcg5"": 0.0, ""mrr5"": 0.0, ""hit3"": 0, ""hit1"": 0, ""first_relevant_rank"": null}, {""entry_id"": ""E058"", ""category"": ""ADR (Context)"", ""ndcg5"": 1.0, ""mrr5"": 1.0, ""hit3"": 1, ""hit1"": 1, ""first_relevant_rank"": 1}, {""entry_id"": ""E059"", ""category"": ""ADR (Decision)"", ""ndcg5"": 1.0, ""mrr5"": 1.0, ""hit3"": 1, ""hit1"": 1, ""first_relevant_rank"": 1}, {""entry_id"": ""E060"", ""category"": ""ADR (Consequences)"", ""ndcg5"": 0.6309297535714575, ""mrr5"": 0.5, ""hit3"": 1, ""hit1"": 0, ""first_relevant_rank"": 2}, {""entry_id"": ""E061"", ""category"": ""ADR (Context)"", ""ndcg5"": 1.0, ""mrr5"": 1.0, ""hit3"": 1, ""hit1"": 1, ""first_relevant_rank"": 1}, {""entry_id"": ""E062"", ""category"": ""ADR (Decision)"", ""ndcg5"": 0.43067655807339306, ""mrr5"": 0.25, ""hit3"": 0, ""hit1"": 0, ""first_relevant_rank"": 4}, {""entry_id"": ""E063"", ""category"": ""ADR (Consequences)"", ""ndcg5"": 0.43067655807339306, ""mrr5"": 0.25, ""hit3"": 0, ""hit1"": 0, ""first_relevant_rank"": 4}, {""entry_id"": ""E064"", ""category"": ""ADR (Context)"", ""ndcg5"": 1.0, ""mrr5"": 1.0, ""hit3"": 1, ""hit1"": 1, ""first_relevant_rank"": 1}, {""entry_id"": ""E065"", ""category"": ""ADR (Decision)"", ""ndcg5"": 0.0, ""mrr5"": 0.0, ""hit3"": 0, ""hit1"": 0, ""first_relevant_rank"": null}, {""entry_id"": ""E066"", ""category"": ""ADR (Consequences)"", ""ndcg5"": 0.0, ""mrr5"": 0.0, ""hit3"": 0, ""hit1"": 0, ""first_relevant_rank"": null}, {""entry_id"": ""E067"", ""category"": ""ADR (Context)"", ""ndcg5"": 1.0, ""mrr5"": 1.0, ""hit3"": 1, ""hit1"": 1, ""first_relevant_rank"": 1}, {""entry_id"": ""E068"", ""category"": ""ADR (Decision)"", ""ndcg5"": 0.0, ""mrr5"": 0.0, ""hit3"": 0, ""hit1"": 0, ""first_relevant_rank"": null}, {""entry_id"": ""E069"", ""category"": ""ADR (Consequences)"", ""ndcg5"": 0.0, ""mrr5"": 0.0, ""hit3"": 0, ""hit1"": 0, ""first_relevant_rank"": null}, {""entry_id"": ""E070"", ""category"": ""ADR (Context)"", ""ndcg5"": 1.0, ""mrr5"": 1.0, ""hit3"": 1, ""hit1"": 1, ""first_relevant_rank"": 1}, {""entry_id"": ""E071"", ""category"": ""ADR (Decision)"", ""ndcg5"": 0.5, ""mrr5"": 0.3333333333333333, ""hit3"": 1, ""hit1"": 0, ""first_relevant_rank"": 3}, {""entry_id"": ""E072"", ""category"": ""ADR (Consequences)"", ""ndcg5"": 0.0, ""mrr5"": 0.0, ""hit3"": 0, ""hit1"": 0, ""first_relevant_rank"": null}, {""entry_id"": ""E073"", ""category"": ""ADR (Context)"", ""ndcg5"": 1.0, ""mrr5"": 1.0, ""hit3"": 1, ""hit1"": 1, ""first_relevant_rank"": 1}, {""entry_id"": ""E074"", ""category"": ""ADR (Decision)"", ""ndcg5"": 0.0, ""mrr5"": 0.0, ""hit3"": 0, ""hit1"": 0, ""first_relevant_rank"": null}, {""entry_id"": ""E075"", ""category"": ""ADR (Consequences)"", ""ndcg5"": 0.5, ""mrr5"": 0.3333333333333333, ""hit3"": 1, ""hit1"": 0, ""first_relevant_rank"": 3}, {""entry_id"": ""E076"", ""category"": ""Non-file (hermes transcript)"", ""ndcg5"": 1.0, ""mrr5"": 1.0, ""hit3"": 1, ""hit1"": 1, ""first_relevant_rank"": 1}, {""entry_id"": ""E077"", ""category"": ""Non-file (hermes transcript)"", ""ndcg5"": 1.0, ""mrr5"": 1.0, ""hit3"": 1, ""hit1"": 1, ""first_relevant_rank"": 1}, {""entry_id"": ""E078"", ""category"": ""Non-file (hermes transcript)"", ""ndcg5"": 1.0, ""mrr5"": 1.0, ""hit3"": 1, ""hit1"": 1, ""first_relevant_rank"": 1}, {""entry_id"": ""E079"", ""category"": ""Non-file (hermes transcript)"", ""ndcg5"": 1.0, ""mrr5"": 1.0, ""hit3"": 1, ""hit1"": 1, ""first_relevant_rank"": 1}, {""entry_id"": ""E080"", ""category"": ""Non-file (hermes transcript)"", ""ndcg5"": 0.6309297535714575, ""mrr5"": 0.5, ""hit3"": 1, ""hit1"": 0, ""first_relevant_rank"": 2}, {""entry_id"": ""E081"", ""category"": ""Non-file (hermes transcript)"", ""ndcg5"": 1.0, ""mrr5"": 1.0, ""hit3"": 1, ""hit1"": 1, ""first_relevant_rank"": 1}, {""entry_id"": ""E082"", ""category"": ""Non-file (hermes transcript)"", ""ndcg5"": 0.6309297535714575, ""mrr5"": 0.5, ""hit3"": 1, ""hit1"": 0, ""first_relevant_rank"": 2}, {""entry_id"": ""E083"", ""category"": ""Non-file (hermes transcript)"", ""ndcg5"": 1.0, ""mrr5"": 1.0, ""hit3"": 1, ""hit1"": 1, ""first_relevant_rank"": 1}, {""entry_id"": ""E084"", ""category"": ""Non-file (hermes transcript)"", ""ndcg5"": 0.43067655807339306, ""mrr5"": 0.25, ""hit3"": 0, ""hit1"": 0, ""first_relevant_rank"": 4}, {""entry_id"": ""E085"", ""category"": ""Non-file (hermes transcript)"", ""ndcg5"": 1.0, ""mrr5"": 1.0, ""hit3"": 1, ""hit1"": 1, ""first_relevant_rank"": 1}, {""entry_id"": ""E086"", ""category"": ""Non-file (hermes transcript)"", ""ndcg5"": 1.0, ""mrr5"": 1.0, ""hit3"": 1, ""hit1"": 1, ""first_relevant_rank"": 1}, {""entry_id"": ""E087"", ""category"": ""Non-file (hermes transcript)"", ""ndcg5"": 0.5, ""mrr5"": 0.3333333333333333, ""hit3"": 1, ""hit1"": 0, ""first_relevant_rank"": 3}, {""entry_id"": ""E088"", ""category"": ""Non-file (hermes transcript)"", ""ndcg5"": 1.0, ""mrr5"": 1.0, ""hit3"": 1, ""hit1"": 1, ""first_relevant_rank"": 1}, {""entry_id"": ""E089"", ""category"": ""Non-file (hermes transcript)"", ""ndcg5"": 0.6309297535714575, ""mrr5"": 0.5, ""hit3"": 1, ""hit1"": 0, ""first_relevant_rank"": 2}, {""entry_id"": ""E090"", ""category"": ""Non-file (shared tier)"", ""ndcg5"": 1.0, ""mrr5"": 1.0, ""hit3"": 1, ""hit1"": 1, ""first_relevant_rank"": 1}, {""entry_id"": ""E091"", ""category"": ""Non-file (shared tier)"", ""ndcg5"": 1.0, ""mrr5"": 1.0, ""hit3"": 1, ""hit1"": 1, ""first_relevant_rank"": 1}, {""entry_id"": ""E092"", ""category"": ""Non-file (shared tier)"", ""ndcg5"": 1.0, ""mrr5"": 1.0, ""hit3"": 1, ""hit1"": 1, ""first_relevant_rank"": 1}, {""entry_id"": ""E093"", ""category"": ""Non-file (shared tier)"", ""ndcg5"": 1.0, ""mrr5"": 1.0, ""hit3"": 1, ""hit1"": 1, ""first_relevant_rank"": 1}, {""entry_id"": ""E094"", ""category"": ""Non-file (shared tier)"", ""ndcg5"": 1.0, ""mrr5"": 1.0, ""hit3"": 1, ""hit1"": 1, ""first_relevant_rank"": 1}, {""entry_id"": ""E095"", ""category"": ""Non-file (shared tier)"", ""ndcg5"": 1.0, ""mrr5"": 1.0, ""hit3"": 1, ""hit1"": 1, ""first_relevant_rank"": 1}, {""entry_id"": ""E096"", ""category"": ""Non-file (shared tier)"", ""ndcg5"": 1.0, ""mrr5"": 1.0, ""hit3"": 1, ""hit1"": 1, ""first_relevant_rank"": 1}, {""entry_id"": ""E097"", ""category"": ""Non-file (shared tier)"", ""ndcg5"": 1.0, ""mrr5"": 1.0, ""hit3"": 1, ""hit1"": 1, ""first_relevant_rank"": 1}, {""entry_id"": ""E098"", ""category"": ""Non-file (shared tier)"", ""ndcg5"": 1.0, ""mrr5"": 1.0, ""hit3"": 1, ""hit1"": 1, ""first_relevant_rank"": 1}, {""entry_id"": ""E099"", ""category"": ""Non-file (shared tier)"", ""ndcg5"": 1.0, ""mrr5"": 1.0, ""hit3"": 1, ""hit1"": 1, ""first_relevant_rank"": 1}, {""entry_id"": ""E100"", ""category"": ""Non-file (shared tier)"", ""ndcg5"": 1.0, ""mrr5"": 1.0, ""hit3"": 1, ""hit1"": 1, ""first_relevant_rank"": 1}]","{""ADR (Context)"": ""CategoryMetrics(category='ADR (Context)', count=24, mean_ndcg5=0.818696346432394, mean_mrr5=0.7861111111111111, hit3_rate=0.875, hit1_rate=0.7083333333333334)"", ""ADR (Decision)"": ""CategoryMetrics(category='ADR (Decision)', count=25, mean_ndcg5=0.35016569507444634, mean_mrr5=0.3066666666666667, hit3_rate=0.4, hit1_rate=0.2)"", ""ADR (Consequences)"": ""CategoryMetrics(category='ADR (Consequences)', count=24, mean_ndcg5=0.29423359631853546, mean_mrr5=0.2673611111111111, hit3_rate=0.3333333333333333, hit1_rate=0.20833333333333334)"", ""ADR (Content)"": ""CategoryMetrics(category='ADR (Content)', count=2, mean_ndcg5=0.5, mean_mrr5=0.5, hit3_rate=0.5, hit1_rate=0.5)"", ""Non-file (hermes transcript)"": ""CategoryMetrics(category='Non-file (hermes transcript)', count=14, mean_ndcg5=0.8445332727705547, mean_mrr5=0.7916666666666667, hit3_rate=0.9285714285714286, hit1_rate=0.6428571428571429)"", ""Non-file (shared tier)"": ""CategoryMetrics(category='Non-file (shared tier)', count=11, mean_ndcg5=1.0, mean_mrr5=1.0, hit3_rate=1.0, hit1_rate=1.0)""}"
rrfK=5,rrfK,5,memory,100,0.6239875183868967,0.5915,0.67,0.5,"[{""entry_id"": ""E001"", ""category"": ""ADR (Context)"", ""ndcg5"": 1.0, ""mrr5"": 1.0, ""hit3"": 1, ""hit1"": 1, ""first_relevant_rank"": 1}, {""entry_id"": ""E002"", ""category"": ""ADR (Decision)"", ""ndcg5"": 1.0, ""mrr5"": 1.0, ""hit3"": 1, ""hit1"": 1, ""first_relevant_rank"": 1}, {""entry_id"": ""E003"", ""category"": ""ADR (Consequences)"", ""ndcg5"": 0.6309297535714575, ""mrr5"": 0.5, ""hit3"": 1, ""hit1"": 0, ""first_relevant_rank"": 2}, {""entry_id"": ""E004"", ""category"": ""ADR (Context)"", ""ndcg5"": 1.0, ""mrr5"": 1.0, ""hit3"": 1, ""hit1"": 1, ""first_relevant_rank"": 1}, {""entry_id"": ""E005"", ""category"": ""ADR (Decision)"", ""ndcg5"": 0.38685280723454163, ""mrr5"": 0.2, ""hit3"": 0, ""hit1"": 0, ""first_relevant_rank"": 5}, {""entry_id"": ""E006"", ""category"": ""ADR (Consequences)"", ""ndcg5"": 1.0, ""mrr5"": 1.0, ""hit3"": 1, ""hit1"": 1, ""first_relevant_rank"": 1}, {""entry_id"": ""E007"", ""category"": ""ADR (Context)"", ""ndcg5"": 1.0, ""mrr5"": 1.0, ""hit3"": 1, ""hit1"": 1, ""first_relevant_rank"": 1}, {""entry_id"": ""E008"", ""category"": ""ADR (Decision)"", ""ndcg5"": 0.0, ""mrr5"": 0.0, ""hit3"": 0, ""hit1"": 0, ""first_relevant_rank"": null}, {""entry_id"": ""E009"", ""category"": ""ADR (Consequences)"", ""ndcg5"": 0.6309297535714575, ""mrr5"": 0.5, ""hit3"": 1, ""hit1"": 0, ""first_relevant_rank"": 2}, {""entry_id"": ""E010"", ""category"": ""ADR (Context)"", ""ndcg5"": 1.0, ""mrr5"": 1.0, ""hit3"": 1, ""hit1"": 1, ""first_relevant_rank"": 1}, {""entry_id"": ""E011"", ""category"": ""ADR (Decision)"", ""ndcg5"": 0.5, ""mrr5"": 0.3333333333333333, ""hit3"": 1, ""hit1"": 0, ""first_relevant_rank"": 3}, {""entry_id"": ""E012"", ""category"": ""ADR (Consequences)"", ""ndcg5"": 1.0, ""mrr5"": 1.0, ""hit3"": 1, ""hit1"": 1, ""first_relevant_rank"": 1}, {""entry_id"": ""E013"", ""category"": ""ADR (Context)"", ""ndcg5"": 0.6309297535714575, ""mrr5"": 0.5, ""hit3"": 1, ""hit1"": 0, ""first_relevant_rank"": 2}, {""entry_id"": ""E014"", ""category"": ""ADR (Decision)"", ""ndcg5"": 1.0, ""mrr5"": 1.0, ""hit3"": 1, ""hit1"": 1, ""first_relevant_rank"": 1}, {""entry_id"": ""E015"", ""category"": ""ADR (Consequences)"", ""ndcg5"": 1.0, ""mrr5"": 1.0, ""hit3"": 1, ""hit1"": 1, ""first_relevant_rank"": 1}, {""entry_id"": ""E016"", ""category"": ""ADR (Context)"", ""ndcg5"": 0.5, ""mrr5"": 0.3333333333333333, ""hit3"": 1, ""hit1"": 0, ""first_relevant_rank"": 3}, {""entry_id"": ""E017"", ""category"": ""ADR (Decision)"", ""ndcg5"": 0.0, ""mrr5"": 0.0, ""hit3"": 0, ""hit1"": 0, ""first_relevant_rank"": null}, {""entry_id"": ""E018"", ""category"": ""ADR (Consequences)"", ""ndcg5"": 1.0, ""mrr5"": 1.0, ""hit3"": 1, ""hit1"": 1, ""first_relevant_rank"": 1}, {""entry_id"": ""E019"", ""category"": ""ADR (Context)"", ""ndcg5"": 0.6309297535714575, ""mrr5"": 0.5, ""hit3"": 1, ""hit1"": 0, ""first_relevant_rank"": 2}, {""entry_id"": ""E020"", ""category"": ""ADR (Decision)"", ""ndcg5"": 0.0, ""mrr5"": 0.0, ""hit3"": 0, ""hit1"": 0, ""first_relevant_rank"": null}, {""entry_id"": ""E021"", ""category"": ""ADR (Consequences)"", ""ndcg5"": 0.0, ""mrr5"": 0.0, ""hit3"": 0, ""hit1"": 0, ""first_relevant_rank"": null}, {""entry_id"": ""E022"", ""category"": ""ADR (Context)"", ""ndcg5"": 0.0, ""mrr5"": 0.0, ""hit3"": 0, ""hit1"": 0, ""first_relevant_rank"": null}, {""entry_id"": ""E023"", ""category"": ""ADR (Decision)"", ""ndcg5"": 1.0, ""mrr5"": 1.0, ""hit3"": 1, ""hit1"": 1, ""first_relevant_rank"": 1}, {""entry_id"": ""E024"", ""category"": ""ADR (Consequences)"", ""ndcg5"": 0.0, ""mrr5"": 0.0, ""hit3"": 0, ""hit1"": 0, ""first_relevant_rank"": null}, {""entry_id"": ""E025"", ""category"": ""ADR (Context)"", ""ndcg5"": 1.0, ""mrr5"": 1.0, ""hit3"": 1, ""hit1"": 1, ""first_relevant_rank"": 1}, {""entry_id"": ""E026"", ""category"": ""ADR (Decision)"", ""ndcg5"": 1.0, ""mrr5"": 1.0, ""hit3"": 1, ""hit1"": 1, ""first_relevant_rank"": 1}, {""entry_id"": ""E027"", ""category"": ""ADR (Consequences)"", ""ndcg5"": 0.0, ""mrr5"": 0.0, ""hit3"": 0, ""hit1"": 0, ""first_relevant_rank"": null}, {""entry_id"": ""E028"", ""category"": ""ADR (Context)"", ""ndcg5"": 1.0, ""mrr5"": 1.0, ""hit3"": 1, ""hit1"": 1, ""first_relevant_rank"": 1}, {""entry_id"": ""E029"", ""category"": ""ADR (Decision)"", ""ndcg5"": 0.0, ""mrr5"": 0.0, ""hit3"": 0, ""hit1"": 0, ""first_relevant_rank"": null}, {""entry_id"": ""E030"", ""category"": ""ADR (Consequences)"", ""ndcg5"": 0.0, ""mrr5"": 0.0, ""hit3"": 0, ""hit1"": 0, ""first_relevant_rank"": null}, {""entry_id"": ""E031"", ""category"": ""ADR (Context)"", ""ndcg5"": 1.0, ""mrr5"": 1.0, ""hit3"": 1, ""hit1"": 1, ""first_relevant_rank"": 1}, {""entry_id"": ""E032"", ""category"": ""ADR (Decision)"", ""ndcg5"": 0.0, ""mrr5"": 0.0, ""hit3"": 0, ""hit1"": 0, ""first_relevant_rank"": null}, {""entry_id"": ""E033"", ""category"": ""ADR (Consequences)"", ""ndcg5"": 0.0, ""mrr5"": 0.0, ""hit3"": 0, ""hit1"": 0, ""first_relevant_rank"": null}, {""entry_id"": ""E034"", ""category"": ""ADR (Context)"", ""ndcg5"": 0.0, ""mrr5"": 0.0, ""hit3"": 0, ""hit1"": 0, ""first_relevant_rank"": null}, {""entry_id"": ""E035"", ""category"": ""ADR (Decision)"", ""ndcg5"": 0.0, ""mrr5"": 0.0, ""hit3"": 0, ""hit1"": 0, ""first_relevant_rank"": null}, {""entry_id"": ""E036"", ""category"": ""ADR (Consequences)"", ""ndcg5"": 0.0, ""mrr5"": 0.0, ""hit3"": 0, ""hit1"": 0, ""first_relevant_rank"": null}, {""entry_id"": ""E037"", ""category"": ""ADR (Context)"", ""ndcg5"": 1.0, ""mrr5"": 1.0, ""hit3"": 1, ""hit1"": 1, ""first_relevant_rank"": 1}, {""entry_id"": ""E038"", ""category"": ""ADR (Decision)"", ""ndcg5"": 0.6309297535714575, ""mrr5"": 0.5, ""hit3"": 1, ""hit1"": 0, ""first_relevant_rank"": 2}, {""entry_id"": ""E039"", ""category"": ""ADR (Consequences)"", ""ndcg5"": 0.43067655807339306, ""mrr5"": 0.25, ""hit3"": 0, ""hit1"": 0, ""first_relevant_rank"": 4}, {""entry_id"": ""E040"", ""category"": ""ADR (Context)"", ""ndcg5"": 0.43067655807339306, ""mrr5"": 0.25, ""hit3"": 0, ""hit1"": 0, ""first_relevant_rank"": 4}, {""entry_id"": ""E041"", ""category"": ""ADR (Decision)"", ""ndcg5"": 0.6309297535714575, ""mrr5"": 0.5, ""hit3"": 1, ""hit1"": 0, ""first_relevant_rank"": 2}, {""entry_id"": ""E042"", ""category"": ""ADR (Consequences)"", ""ndcg5"": 0.0, ""mrr5"": 0.0, ""hit3"": 0, ""hit1"": 0, ""first_relevant_rank"": null}, {""entry_id"": ""E043"", ""category"": ""ADR (Context)"", ""ndcg5"": 0.6309297535714575, ""mrr5"": 0.5, ""hit3"": 1, ""hit1"": 0, ""first_relevant_rank"": 2}, {""entry_id"": ""E044"", ""category"": ""ADR (Decision)"", ""ndcg5"": 0.6309297535714575, ""mrr5"": 0.5, ""hit3"": 1, ""hit1"": 0, ""first_relevant_rank"": 2}, {""entry_id"": ""E045"", ""category"": ""ADR (Consequences)"", ""ndcg5"": 0.0, ""mrr5"": 0.0, ""hit3"": 0, ""hit1"": 0, ""first_relevant_rank"": null}, {""entry_id"": ""E046"", ""category"": ""ADR (Content)"", ""ndcg5"": 1.0, ""mrr5"": 1.0, ""hit3"": 1, ""hit1"": 1, ""first_relevant_rank"": 1}, {""entry_id"": ""E047"", ""category"": ""ADR (Decision)"", ""ndcg5"": 0.6309297535714575, ""mrr5"": 0.5, ""hit3"": 1, ""hit1"": 0, ""first_relevant_rank"": 2}, {""entry_id"": ""E048"", ""category"": ""ADR (Consequences)"", ""ndcg5"": 0.0, ""mrr5"": 0.0, ""hit3"": 0, ""hit1"": 0, ""first_relevant_rank"": null}, {""entry_id"": ""E049"", ""category"": ""ADR (Context)"", ""ndcg5"": 1.0, ""mrr5"": 1.0, ""hit3"": 1, ""hit1"": 1, ""first_relevant_rank"": 1}, {""entry_id"": ""E050"", ""category"": ""ADR (Decision)"", ""ndcg5"": 0.0, ""mrr5"": 0.0, ""hit3"": 0, ""hit1"": 0, ""first_relevant_rank"": null}, {""entry_id"": ""E051"", ""category"": ""ADR (Consequences)"", ""ndcg5"": 0.0, ""mrr5"": 0.0, ""hit3"": 0, ""hit1"": 0, ""first_relevant_rank"": null}, {""entry_id"": ""E052"", ""category"": ""ADR (Context)"", ""ndcg5"": 1.0, ""mrr5"": 1.0, ""hit3"": 1, ""hit1"": 1, ""first_relevant_rank"": 1}, {""entry_id"": ""E053"", ""category"": ""ADR (Decision)"", ""ndcg5"": 1.0, ""mrr5"": 1.0, ""hit3"": 1, ""hit1"": 1, ""first_relevant_rank"": 1}, {""entry_id"": ""E054"", ""category"": ""ADR (Consequences)"", ""ndcg5"": 1.0, ""mrr5"": 1.0, ""hit3"": 1, ""hit1"": 1, ""first_relevant_rank"": 1}, {""entry_id"": ""E055"", ""category"": ""ADR (Context)"", ""ndcg5"": 1.0, ""mrr5"": 1.0, ""hit3"": 1, ""hit1"": 1, ""first_relevant_rank"": 1}, {""entry_id"": ""E056"", ""category"": ""ADR (Decision)"", ""ndcg5"": 0.0, ""mrr5"": 0.0, ""hit3"": 0, ""hit1"": 0, ""first_relevant_rank"": null}, {""entry_id"": ""E057"", ""category"": ""ADR (Content)"", ""ndcg5"": 0.0, ""mrr5"": 0.0, ""hit3"": 0, ""hit1"": 0, ""first_relevant_rank"": null}, {""entry_id"": ""E058"", ""category"": ""ADR (Context)"", ""ndcg5"": 1.0, ""mrr5"": 1.0, ""hit3"": 1, ""hit1"": 1, ""first_relevant_rank"": 1}, {""entry_id"": ""E059"", ""category"": ""ADR (Decision)"", ""ndcg5"": 1.0, ""mrr5"": 1.0, ""hit3"": 1, ""hit1"": 1, ""first_relevant_rank"": 1}, {""entry_id"": ""E060"", ""category"": ""ADR (Consequences)"", ""ndcg5"": 0.6309297535714575, ""mrr5"": 0.5, ""hit3"": 1, ""hit1"": 0, ""first_relevant_rank"": 2}, {""entry_id"": ""E061"", ""category"": ""ADR (Context)"", ""ndcg5"": 1.0, ""mrr5"": 1.0, ""hit3"": 1, ""hit1"": 1, ""first_relevant_rank"": 1}, {""entry_id"": ""E062"", ""category"": ""ADR (Decision)"", ""ndcg5"": 0.38685280723454163, ""mrr5"": 0.2, ""hit3"": 0, ""hit1"": 0, ""first_relevant_rank"": 5}, {""entry_id"": ""E063"", ""category"": ""ADR (Consequences)"", ""ndcg5"": 0.5, ""mrr5"": 0.3333333333333333, ""hit3"": 1, ""hit1"": 0, ""first_relevant_rank"": 3}, {""entry_id"": ""E064"", ""category"": ""ADR (Context)"", ""ndcg5"": 1.0, ""mrr5"": 1.0, ""hit3"": 1, ""hit1"": 1, ""first_relevant_rank"": 1}, {""entry_id"": ""E065"", ""category"": ""ADR (Decision)"", ""ndcg5"": 0.0, ""mrr5"": 0.0, ""hit3"": 0, ""hit1"": 0, ""first_relevant_rank"": null}, {""entry_id"": ""E066"", ""category"": ""ADR (Consequences)"", ""ndcg5"": 0.0, ""mrr5"": 0.0, ""hit3"": 0, ""hit1"": 0, ""first_relevant_rank"": null}, {""entry_id"": ""E067"", ""category"": ""ADR (Context)"", ""ndcg5"": 1.0, ""mrr5"": 1.0, ""hit3"": 1, ""hit1"": 1, ""first_relevant_rank"": 1}, {""entry_id"": ""E068"", ""category"": ""ADR (Decision)"", ""ndcg5"": 0.0, ""mrr5"": 0.0, ""hit3"": 0, ""hit1"": 0, ""first_relevant_rank"": null}, {""entry_id"": ""E069"", ""category"": ""ADR (Consequences)"", ""ndcg5"": 0.0, ""mrr5"": 0.0, ""hit3"": 0, ""hit1"": 0, ""first_relevant_rank"": null}, {""entry_id"": ""E070"", ""category"": ""ADR (Context)"", ""ndcg5"": 1.0, ""mrr5"": 1.0, ""hit3"": 1, ""hit1"": 1, ""first_relevant_rank"": 1}, {""entry_id"": ""E071"", ""category"": ""ADR (Decision)"", ""ndcg5"": 0.6309297535714575, ""mrr5"": 0.5, ""hit3"": 1, ""hit1"": 0, ""first_relevant_rank"": 2}, {""entry_id"": ""E072"", ""category"": ""ADR (Consequences)"", ""ndcg5"": 0.0, ""mrr5"": 0.0, ""hit3"": 0, ""hit1"": 0, ""first_relevant_rank"": null}, {""entry_id"": ""E073"", ""category"": ""ADR (Context)"", ""ndcg5"": 1.0, ""mrr5"": 1.0, ""hit3"": 1, ""hit1"": 1, ""first_relevant_rank"": 1}, {""entry_id"": ""E074"", ""category"": ""ADR (Decision)"", ""ndcg5"": 0.0, ""mrr5"": 0.0, ""hit3"": 0, ""hit1"": 0, ""first_relevant_rank"": null}, {""entry_id"": ""E075"", ""category"": ""ADR (Consequences)"", ""ndcg5"": 0.6309297535714575, ""mrr5"": 0.5, ""hit3"": 1, ""hit1"": 0, ""first_relevant_rank"": 2}, {""entry_id"": ""E076"", ""category"": ""Non-file (hermes transcript)"", ""ndcg5"": 1.0, ""mrr5"": 1.0, ""hit3"": 1, ""hit1"": 1, ""first_relevant_rank"": 1}, {""entry_id"": ""E077"", ""category"": ""Non-file (hermes transcript)"", ""ndcg5"": 1.0, ""mrr5"": 1.0, ""hit3"": 1, ""hit1"": 1, ""first_relevant_rank"": 1}, {""entry_id"": ""E078"", ""category"": ""Non-file (hermes transcript)"", ""ndcg5"": 1.0, ""mrr5"": 1.0, ""hit3"": 1, ""hit1"": 1, ""first_relevant_rank"": 1}, {""entry_id"": ""E079"", ""category"": ""Non-file (hermes transcript)"", ""ndcg5"": 1.0, ""mrr5"": 1.0, ""hit3"": 1, ""hit1"": 1, ""first_relevant_rank"": 1}, {""entry_id"": ""E080"", ""category"": ""Non-file (hermes transcript)"", ""ndcg5"": 0.43067655807339306, ""mrr5"": 0.25, ""hit3"": 0, ""hit1"": 0, ""first_relevant_rank"": 4}, {""entry_id"": ""E081"", ""category"": ""Non-file (hermes transcript)"", ""ndcg5"": 1.0, ""mrr5"": 1.0, ""hit3"": 1, ""hit1"": 1, ""first_relevant_rank"": 1}, {""entry_id"": ""E082"", ""category"": ""Non-file (hermes transcript)"", ""ndcg5"": 0.6309297535714575, ""mrr5"": 0.5, ""hit3"": 1, ""hit1"": 0, ""first_relevant_rank"": 2}, {""entry_id"": ""E083"", ""category"": ""Non-file (hermes transcript)"", ""ndcg5"": 1.0, ""mrr5"": 1.0, ""hit3"": 1, ""hit1"": 1, ""first_relevant_rank"": 1}, {""entry_id"": ""E084"", ""category"": ""Non-file (hermes transcript)"", ""ndcg5"": 0.0, ""mrr5"": 0.0, ""hit3"": 0, ""hit1"": 0, ""first_relevant_rank"": null}, {""entry_id"": ""E085"", ""category"": ""Non-file (hermes transcript)"", ""ndcg5"": 1.0, ""mrr5"": 1.0, ""hit3"": 1, ""hit1"": 1, ""first_relevant_rank"": 1}, {""entry_id"": ""E086"", ""category"": ""Non-file (hermes transcript)"", ""ndcg5"": 1.0, ""mrr5"": 1.0, ""hit3"": 1, ""hit1"": 1, ""first_relevant_rank"": 1}, {""entry_id"": ""E087"", ""category"": ""Non-file (hermes transcript)"", ""ndcg5"": 1.0, ""mrr5"": 1.0, ""hit3"": 1, ""hit1"": 1, ""first_relevant_rank"": 1}, {""entry_id"": ""E088"", ""category"": ""Non-file (hermes transcript)"", ""ndcg5"": 1.0, ""mrr5"": 1.0, ""hit3"": 1, ""hit1"": 1, ""first_relevant_rank"": 1}, {""entry_id"": ""E089"", ""category"": ""Non-file (hermes transcript)"", ""ndcg5"": 0.6309297535714575, ""mrr5"": 0.5, ""hit3"": 1, ""hit1"": 0, ""first_relevant_rank"": 2}, {""entry_id"": ""E090"", ""category"": ""Non-file (shared tier)"", ""ndcg5"": 1.0, ""mrr5"": 1.0, ""hit3"": 1, ""hit1"": 1, ""first_relevant_rank"": 1}, {""entry_id"": ""E091"", ""category"": ""Non-file (shared tier)"", ""ndcg5"": 1.0, ""mrr5"": 1.0, ""hit3"": 1, ""hit1"": 1, ""first_relevant_rank"": 1}, {""entry_id"": ""E092"", ""category"": ""Non-file (shared tier)"", ""ndcg5"": 1.0, ""mrr5"": 1.0, ""hit3"": 1, ""hit1"": 1, ""first_relevant_rank"": 1}, {""entry_id"": ""E093"", ""category"": ""Non-file (shared tier)"", ""ndcg5"": 1.0, ""mrr5"": 1.0, ""hit3"": 1, ""hit1"": 1, ""first_relevant_rank"": 1}, {""entry_id"": ""E094"", ""category"": ""Non-file (shared tier)"", ""ndcg5"": 1.0, ""mrr5"": 1.0, ""hit3"": 1, ""hit1"": 1, ""first_relevant_rank"": 1}, {""entry_id"": ""E095"", ""category"": ""Non-file (shared tier)"", ""ndcg5"": 1.0, ""mrr5"": 1.0, ""hit3"": 1, ""hit1"": 1, ""first_relevant_rank"": 1}, {""entry_id"": ""E096"", ""category"": ""Non-file (shared tier)"", ""ndcg5"": 1.0, ""mrr5"": 1.0, ""hit3"": 1, ""hit1"": 1, ""first_relevant_rank"": 1}, {""entry_id"": ""E097"", ""category"": ""Non-file (shared tier)"", ""ndcg5"": 1.0, ""mrr5"": 1.0, ""hit3"": 1, ""hit1"": 1, ""first_relevant_rank"": 1}, {""entry_id"": ""E098"", ""category"": ""Non-file (shared tier)"", ""ndcg5"": 1.0, ""mrr5"": 1.0, ""hit3"": 1, ""hit1"": 1, ""first_relevant_rank"": 1}, {""entry_id"": ""E099"", ""category"": ""Non-file (shared tier)"", ""ndcg5"": 1.0, ""mrr5"": 1.0, ""hit3"": 1, ""hit1"": 1, ""first_relevant_rank"": 1}, {""entry_id"": ""E100"", ""category"": ""Non-file (shared tier)"", ""ndcg5"": 1.0, ""mrr5"": 1.0, ""hit3"": 1, ""hit1"": 1, ""first_relevant_rank"": 1}]","{""ADR (Context)"": ""CategoryMetrics(category='ADR (Context)', count=24, mean_ndcg5=0.8259777424494903, mean_mrr5=0.7951388888888888, hit3_rate=0.875, hit1_rate=0.7083333333333334)"", ""ADR (Decision)"": ""CategoryMetrics(category='ADR (Decision)', count=25, mean_ndcg5=0.4171341752930548, mean_mrr5=0.3693333333333333, hit3_rate=0.48, hit1_rate=0.24)"", ""ADR (Consequences)"": ""CategoryMetrics(category='ADR (Consequences)', count=24, mean_ndcg5=0.3522664821816343, mean_mrr5=0.3159722222222222, hit3_rate=0.4166666666666667, hit1_rate=0.20833333333333334)"", ""ADR (Content)"": ""CategoryMetrics(category='ADR (Content)', count=2, mean_ndcg5=0.5, mean_mrr5=0.5, hit3_rate=0.5, hit1_rate=0.5)"", ""Non-file (hermes transcript)"": ""CategoryMetrics(category='Non-file (hermes transcript)', count=14, mean_ndcg5=0.8351811475154506, mean_mrr5=0.8035714285714286, hit3_rate=0.8571428571428571, hit1_rate=0.7142857142857143)"", ""Non-file (shared tier)"": ""CategoryMetrics(category='Non-file (shared tier)', count=11, mean_ndcg5=1.0, mean_mrr5=1.0, hit3_rate=1.0, hit1_rate=1.0)""}"
rrfK=15,rrfK,15,memory,100,0.635059625779753,0.5998333333333333,0.69,0.51,"[{""entry_id"": ""E001"", ""category"": ""ADR (Context)"", ""ndcg5"": 1.0, ""mrr5"": 1.0, ""hit3"": 1, ""hit1"": 1, ""first_relevant_rank"": 1}, {""entry_id"": ""E002"", ""category"": ""ADR (Decision)"", ""ndcg5"": 1.0, ""mrr5"": 1.0, ""hit3"": 1, ""hit1"": 1, ""first_relevant_rank"": 1}, {""entry_id"": ""E003"", ""category"": ""ADR (Consequences)"", ""ndcg5"": 0.0, ""mrr5"": 0.0, ""hit3"": 0, ""hit1"": 0, ""first_relevant_rank"": null}, {""entry_id"": ""E004"", ""category"": ""ADR (Context)"", ""ndcg5"": 1.0, ""mrr5"": 1.0, ""hit3"": 1, ""hit1"": 1, ""first_relevant_rank"": 1}, {""entry_id"": ""E005"", ""category"": ""ADR (Decision)"", ""ndcg5"": 0.5, ""mrr5"": 0.3333333333333333, ""hit3"": 1, ""hit1"": 0, ""first_relevant_rank"": 3}, {""entry_id"": ""E006"", ""category"": ""ADR (Consequences)"", ""ndcg5"": 1.0, ""mrr5"": 1.0, ""hit3"": 1, ""hit1"": 1, ""first_relevant_rank"": 1}, {""entry_id"": ""E007"", ""category"": ""ADR (Context)"", ""ndcg5"": 1.0, ""mrr5"": 1.0, ""hit3"": 1, ""hit1"": 1, ""first_relevant_rank"": 1}, {""entry_id"": ""E008"", ""category"": ""ADR (Decision)"", ""ndcg5"": 0.0, ""mrr5"": 0.0, ""hit3"": 0, ""hit1"": 0, ""first_relevant_rank"": null}, {""entry_id"": ""E009"", ""category"": ""ADR (Consequences)"", ""ndcg5"": 0.6309297535714575, ""mrr5"": 0.5, ""hit3"": 1, ""hit1"": 0, ""first_relevant_rank"": 2}, {""entry_id"": ""E010"", ""category"": ""ADR (Context)"", ""ndcg5"": 1.0, ""mrr5"": 1.0, ""hit3"": 1, ""hit1"": 1, ""first_relevant_rank"": 1}, {""entry_id"": ""E011"", ""category"": ""ADR (Decision)"", ""ndcg5"": 0.43067655807339306, ""mrr5"": 0.25, ""hit3"": 0, ""hit1"": 0, ""first_relevant_rank"": 4}, {""entry_id"": ""E012"", ""category"": ""ADR (Consequences)"", ""ndcg5"": 1.0, ""mrr5"": 1.0, ""hit3"": 1, ""hit1"": 1, ""first_relevant_rank"": 1}, {""entry_id"": ""E013"", ""category"": ""ADR (Context)"", ""ndcg5"": 0.6309297535714575, ""mrr5"": 0.5, ""hit3"": 1, ""hit1"": 0, ""first_relevant_rank"": 2}, {""entry_id"": ""E014"", ""category"": ""ADR (Decision)"", ""ndcg5"": 1.0, ""mrr5"": 1.0, ""hit3"": 1, ""hit1"": 1, ""first_relevant_rank"": 1}, {""entry_id"": ""E015"", ""category"": ""ADR (Consequences)"", ""ndcg5"": 1.0, ""mrr5"": 1.0, ""hit3"": 1, ""hit1"": 1, ""first_relevant_rank"": 1}, {""entry_id"": ""E016"", ""category"": ""ADR (Context)"", ""ndcg5"": 0.5, ""mrr5"": 0.3333333333333333, ""hit3"": 1, ""hit1"": 0, ""first_relevant_rank"": 3}, {""entry_id"": ""E017"", ""category"": ""ADR (Decision)"", ""ndcg5"": 0.0, ""mrr5"": 0.0, ""hit3"": 0, ""hit1"": 0, ""first_relevant_rank"": null}, {""entry_id"": ""E018"", ""category"": ""ADR (Consequences)"", ""ndcg5"": 1.0, ""mrr5"": 1.0, ""hit3"": 1, ""hit1"": 1, ""first_relevant_rank"": 1}, {""entry_id"": ""E019"", ""category"": ""ADR (Context)"", ""ndcg5"": 0.6309297535714575, ""mrr5"": 0.5, ""hit3"": 1, ""hit1"": 0, ""first_relevant_rank"": 2}, {""entry_id"": ""E020"", ""category"": ""ADR (Decision)"", ""ndcg5"": 0.0, ""mrr5"": 0.0, ""hit3"": 0, ""hit1"": 0, ""first_relevant_rank"": null}, {""entry_id"": ""E021"", ""category"": ""ADR (Consequences)"", ""ndcg5"": 0.0, ""mrr5"": 0.0, ""hit3"": 0, ""hit1"": 0, ""first_relevant_rank"": null}, {""entry_id"": ""E022"", ""category"": ""ADR (Context)"", ""ndcg5"": 0.0, ""mrr5"": 0.0, ""hit3"": 0, ""hit1"": 0, ""first_relevant_rank"": null}, {""entry_id"": ""E023"", ""category"": ""ADR (Decision)"", ""ndcg5"": 1.0, ""mrr5"": 1.0, ""hit3"": 1, ""hit1"": 1, ""first_relevant_rank"": 1}, {""entry_id"": ""E024"", ""category"": ""ADR (Consequences)"", ""ndcg5"": 0.0, ""mrr5"": 0.0, ""hit3"": 0, ""hit1"": 0, ""first_relevant_rank"": null}, {""entry_id"": ""E025"", ""category"": ""ADR (Context)"", ""ndcg5"": 1.0, ""mrr5"": 1.0, ""hit3"": 1, ""hit1"": 1, ""first_relevant_rank"": 1}, {""entry_id"": ""E026"", ""category"": ""ADR (Decision)"", ""ndcg5"": 1.0, ""mrr5"": 1.0, ""hit3"": 1, ""hit1"": 1, ""first_relevant_rank"": 1}, {""entry_id"": ""E027"", ""category"": ""ADR (Consequences)"", ""ndcg5"": 0.0, ""mrr5"": 0.0, ""hit3"": 0, ""hit1"": 0, ""first_relevant_rank"": null}, {""entry_id"": ""E028"", ""category"": ""ADR (Context)"", ""ndcg5"": 1.0, ""mrr5"": 1.0, ""hit3"": 1, ""hit1"": 1, ""first_relevant_rank"": 1}, {""entry_id"": ""E029"", ""category"": ""ADR (Decision)"", ""ndcg5"": 0.0, ""mrr5"": 0.0, ""hit3"": 0, ""hit1"": 0, ""first_relevant_rank"": null}, {""entry_id"": ""E030"", ""category"": ""ADR (Consequences)"", ""ndcg5"": 0.0, ""mrr5"": 0.0, ""hit3"": 0, ""hit1"": 0, ""first_relevant_rank"": null}, {""entry_id"": ""E031"", ""category"": ""ADR (Context)"", ""ndcg5"": 1.0, ""mrr5"": 1.0, ""hit3"": 1, ""hit1"": 1, ""first_relevant_rank"": 1}, {""entry_id"": ""E032"", ""category"": ""ADR (Decision)"", ""ndcg5"": 0.0, ""mrr5"": 0.0, ""hit3"": 0, ""hit1"": 0, ""first_relevant_rank"": null}, {""entry_id"": ""E033"", ""category"": ""ADR (Consequences)"", ""ndcg5"": 0.0, ""mrr5"": 0.0, ""hit3"": 0, ""hit1"": 0, ""first_relevant_rank"": null}, {""entry_id"": ""E034"", ""category"": ""ADR (Context)"", ""ndcg5"": 0.0, ""mrr5"": 0.0, ""hit3"": 0, ""hit1"": 0, ""first_relevant_rank"": null}, {""entry_id"": ""E035"", ""category"": ""ADR (Decision)"", ""ndcg5"": 0.0, ""mrr5"": 0.0, ""hit3"": 0, ""hit1"": 0, ""first_relevant_rank"": null}, {""entry_id"": ""E036"", ""category"": ""ADR (Consequences)"", ""ndcg5"": 0.0, ""mrr5"": 0.0, ""hit3"": 0, ""hit1"": 0, ""first_relevant_rank"": null}, {""entry_id"": ""E037"", ""category"": ""ADR (Context)"", ""ndcg5"": 1.0, ""mrr5"": 1.0, ""hit3"": 1, ""hit1"": 1, ""first_relevant_rank"": 1}, {""entry_id"": ""E038"", ""category"": ""ADR (Decision)"", ""ndcg5"": 0.6309297535714575, ""mrr5"": 0.5, ""hit3"": 1, ""hit1"": 0, ""first_relevant_rank"": 2}, {""entry_id"": ""E039"", ""category"": ""ADR (Consequences)"", ""ndcg5"": 0.5, ""mrr5"": 0.3333333333333333, ""hit3"": 1, ""hit1"": 0, ""first_relevant_rank"": 3}, {""entry_id"": ""E040"", ""category"": ""ADR (Context)"", ""ndcg5"": 0.6309297535714575, ""mrr5"": 0.5, ""hit3"": 1, ""hit1"": 0, ""first_relevant_rank"": 2}, {""entry_id"": ""E041"", ""category"": ""ADR (Decision)"", ""ndcg5"": 0.5, ""mrr5"": 0.3333333333333333, ""hit3"": 1, ""hit1"": 0, ""first_relevant_rank"": 3}, {""entry_id"": ""E042"", ""category"": ""ADR (Consequences)"", ""ndcg5"": 0.43067655807339306, ""mrr5"": 0.25, ""hit3"": 0, ""hit1"": 0, ""first_relevant_rank"": 4}, {""entry_id"": ""E043"", ""category"": ""ADR (Context)"", ""ndcg5"": 0.6309297535714575, ""mrr5"": 0.5, ""hit3"": 1, ""hit1"": 0, ""first_relevant_rank"": 2}, {""entry_id"": ""E044"", ""category"": ""ADR (Decision)"", ""ndcg5"": 0.6309297535714575, ""mrr5"": 0.5, ""hit3"": 1, ""hit1"": 0, ""first_relevant_rank"": 2}, {""entry_id"": ""E045"", ""category"": ""ADR (Consequences)"", ""ndcg5"": 0.0, ""mrr5"": 0.0, ""hit3"": 0, ""hit1"": 0, ""first_relevant_rank"": null}, {""entry_id"": ""E046"", ""category"": ""ADR (Content)"", ""ndcg5"": 1.0, ""mrr5"": 1.0, ""hit3"": 1, ""hit1"": 1, ""first_relevant_rank"": 1}, {""entry_id"": ""E047"", ""category"": ""ADR (Decision)"", ""ndcg5"": 0.5, ""mrr5"": 0.3333333333333333, ""hit3"": 1, ""hit1"": 0, ""first_relevant_rank"": 3}, {""entry_id"": ""E048"", ""category"": ""ADR (Consequences)"", ""ndcg5"": 0.5, ""mrr5"": 0.3333333333333333, ""hit3"": 1, ""hit1"": 0, ""first_relevant_rank"": 3}, {""entry_id"": ""E049"", ""category"": ""ADR (Context)"", ""ndcg5"": 1.0, ""mrr5"": 1.0, ""hit3"": 1, ""hit1"": 1, ""first_relevant_rank"": 1}, {""entry_id"": ""E050"", ""category"": ""ADR (Decision)"", ""ndcg5"": 0.0, ""mrr5"": 0.0, ""hit3"": 0, ""hit1"": 0, ""first_relevant_rank"": null}, {""entry_id"": ""E051"", ""category"": ""ADR (Consequences)"", ""ndcg5"": 0.38685280723454163, ""mrr5"": 0.2, ""hit3"": 0, ""hit1"": 0, ""first_relevant_rank"": 5}, {""entry_id"": ""E052"", ""category"": ""ADR (Context)"", ""ndcg5"": 1.0, ""mrr5"": 1.0, ""hit3"": 1, ""hit1"": 1, ""first_relevant_rank"": 1}, {""entry_id"": ""E053"", ""category"": ""ADR (Decision)"", ""ndcg5"": 1.0, ""mrr5"": 1.0, ""hit3"": 1, ""hit1"": 1, ""first_relevant_rank"": 1}, {""entry_id"": ""E054"", ""category"": ""ADR (Consequences)"", ""ndcg5"": 1.0, ""mrr5"": 1.0, ""hit3"": 1, ""hit1"": 1, ""first_relevant_rank"": 1}, {""entry_id"": ""E055"", ""category"": ""ADR (Context)"", ""ndcg5"": 1.0, ""mrr5"": 1.0, ""hit3"": 1, ""hit1"": 1, ""first_relevant_rank"": 1}, {""entry_id"": ""E056"", ""category"": ""ADR (Decision)"", ""ndcg5"": 0.6309297535714575, ""mrr5"": 0.5, ""hit3"": 1, ""hit1"": 0, ""first_relevant_rank"": 2}, {""entry_id"": ""E057"", ""category"": ""ADR (Content)"", ""ndcg5"": 0.0, ""mrr5"": 0.0, ""hit3"": 0, ""hit1"": 0, ""first_relevant_rank"": null}, {""entry_id"": ""E058"", ""category"": ""ADR (Context)"", ""ndcg5"": 1.0, ""mrr5"": 1.0, ""hit3"": 1, ""hit1"": 1, ""first_relevant_rank"": 1}, {""entry_id"": ""E059"", ""category"": ""ADR (Decision)"", ""ndcg5"": 1.0, ""mrr5"": 1.0, ""hit3"": 1, ""hit1"": 1, ""first_relevant_rank"": 1}, {""entry_id"": ""E060"", ""category"": ""ADR (Consequences)"", ""ndcg5"": 0.6309297535714575, ""mrr5"": 0.5, ""hit3"": 1, ""hit1"": 0, ""first_relevant_rank"": 2}, {""entry_id"": ""E061"", ""category"": ""ADR (Context)"", ""ndcg5"": 1.0, ""mrr5"": 1.0, ""hit3"": 1, ""hit1"": 1, ""first_relevant_rank"": 1}, {""entry_id"": ""E062"", ""category"": ""ADR (Decision)"", ""ndcg5"": 0.0, ""mrr5"": 0.0, ""hit3"": 0, ""hit1"": 0, ""first_relevant_rank"": null}, {""entry_id"": ""E063"", ""category"": ""ADR (Consequences)"", ""ndcg5"": 0.43067655807339306, ""mrr5"": 0.25, ""hit3"": 0, ""hit1"": 0, ""first_relevant_rank"": 4}, {""entry_id"": ""E064"", ""category"": ""ADR (Context)"", ""ndcg5"": 1.0, ""mrr5"": 1.0, ""hit3"": 1, ""hit1"": 1, ""first_relevant_rank"": 1}, {""entry_id"": ""E065"", ""category"": ""ADR (Decision)"", ""ndcg5"": 0.0, ""mrr5"": 0.0, ""hit3"": 0, ""hit1"": 0, ""first_relevant_rank"": null}, {""entry_id"": ""E066"", ""category"": ""ADR (Consequences)"", ""ndcg5"": 0.0, ""mrr5"": 0.0, ""hit3"": 0, ""hit1"": 0, ""first_relevant_rank"": null}, {""entry_id"": ""E067"", ""category"": ""ADR (Context)"", ""ndcg5"": 1.0, ""mrr5"": 1.0, ""hit3"": 1, ""hit1"": 1, ""first_relevant_rank"": 1}, {""entry_id"": ""E068"", ""category"": ""ADR (Decision)"", ""ndcg5"": 0.38685280723454163, ""mrr5"": 0.2, ""hit3"": 0, ""hit1"": 0, ""first_relevant_rank"": 5}, {""entry_id"": ""E069"", ""category"": ""ADR (Consequences)"", ""ndcg5"": 0.0, ""mrr5"": 0.0, ""hit3"": 0, ""hit1"": 0, ""first_relevant_rank"": null}, {""entry_id"": ""E070"", ""category"": ""ADR (Context)"", ""ndcg5"": 1.0, ""mrr5"": 1.0, ""hit3"": 1, ""hit1"": 1, ""first_relevant_rank"": 1}, {""entry_id"": ""E071"", ""category"": ""ADR (Decision)"", ""ndcg5"": 0.5, ""mrr5"": 0.3333333333333333, ""hit3"": 1, ""hit1"": 0, ""first_relevant_rank"": 3}, {""entry_id"": ""E072"", ""category"": ""ADR (Consequences)"", ""ndcg5"": 0.0, ""mrr5"": 0.0, ""hit3"": 0, ""hit1"": 0, ""first_relevant_rank"": null}, {""entry_id"": ""E073"", ""category"": ""ADR (Context)"", ""ndcg5"": 1.0, ""mrr5"": 1.0, ""hit3"": 1, ""hit1"": 1, ""first_relevant_rank"": 1}, {""entry_id"": ""E074"", ""category"": ""ADR (Decision)"", ""ndcg5"": 0.0, ""mrr5"": 0.0, ""hit3"": 0, ""hit1"": 0, ""first_relevant_rank"": null}, {""entry_id"": ""E075"", ""category"": ""ADR (Consequences)"", ""ndcg5"": 1.0, ""mrr5"": 1.0, ""hit3"": 1, ""hit1"": 1, ""first_relevant_rank"": 1}, {""entry_id"": ""E076"", ""category"": ""Non-file (hermes transcript)"", ""ndcg5"": 1.0, ""mrr5"": 1.0, ""hit3"": 1, ""hit1"": 1, ""first_relevant_rank"": 1}, {""entry_id"": ""E077"", ""category"": ""Non-file (hermes transcript)"", ""ndcg5"": 1.0, ""mrr5"": 1.0, ""hit3"": 1, ""hit1"": 1, ""first_relevant_rank"": 1}, {""entry_id"": ""E078"", ""category"": ""Non-file (hermes transcript)"", ""ndcg5"": 1.0, ""mrr5"": 1.0, ""hit3"": 1, ""hit1"": 1, ""first_relevant_rank"": 1}, {""entry_id"": ""E079"", ""category"": ""Non-file (hermes transcript)"", ""ndcg5"": 1.0, ""mrr5"": 1.0, ""hit3"": 1, ""hit1"": 1, ""first_relevant_rank"": 1}, {""entry_id"": ""E080"", ""category"": ""Non-file (hermes transcript)"", ""ndcg5"": 0.0, ""mrr5"": 0.0, ""hit3"": 0, ""hit1"": 0, ""first_relevant_rank"": null}, {""entry_id"": ""E081"", ""category"": ""Non-file (hermes transcript)"", ""ndcg5"": 1.0, ""mrr5"": 1.0, ""hit3"": 1, ""hit1"": 1, ""first_relevant_rank"": 1}, {""entry_id"": ""E082"", ""category"": ""Non-file (hermes transcript)"", ""ndcg5"": 0.6309297535714575, ""mrr5"": 0.5, ""hit3"": 1, ""hit1"": 0, ""first_relevant_rank"": 2}, {""entry_id"": ""E083"", ""category"": ""Non-file (hermes transcript)"", ""ndcg5"": 1.0, ""mrr5"": 1.0, ""hit3"": 1, ""hit1"": 1, ""first_relevant_rank"": 1}, {""entry_id"": ""E084"", ""category"": ""Non-file (hermes transcript)"", ""ndcg5"": 0.0, ""mrr5"": 0.0, ""hit3"": 0, ""hit1"": 0, ""first_relevant_rank"": null}, {""entry_id"": ""E085"", ""category"": ""Non-file (hermes transcript)"", ""ndcg5"": 1.0, ""mrr5"": 1.0, ""hit3"": 1, ""hit1"": 1, ""first_relevant_rank"": 1}, {""entry_id"": ""E086"", ""category"": ""Non-file (hermes transcript)"", ""ndcg5"": 1.0, ""mrr5"": 1.0, ""hit3"": 1, ""hit1"": 1, ""first_relevant_rank"": 1}, {""entry_id"": ""E087"", ""category"": ""Non-file (hermes transcript)"", ""ndcg5"": 1.0, ""mrr5"": 1.0, ""hit3"": 1, ""hit1"": 1, ""first_relevant_rank"": 1}, {""entry_id"": ""E088"", ""category"": ""Non-file (hermes transcript)"", ""ndcg5"": 1.0, ""mrr5"": 1.0, ""hit3"": 1, ""hit1"": 1, ""first_relevant_rank"": 1}, {""entry_id"": ""E089"", ""category"": ""Non-file (hermes transcript)"", ""ndcg5"": 0.6309297535714575, ""mrr5"": 0.5, ""hit3"": 1, ""hit1"": 0, ""first_relevant_rank"": 2}, {""entry_id"": ""E090"", ""category"": ""Non-file (shared tier)"", ""ndcg5"": 1.0, ""mrr5"": 1.0, ""hit3"": 1, ""hit1"": 1, ""first_relevant_rank"": 1}, {""entry_id"": ""E091"", ""category"": ""Non-file (shared tier)"", ""ndcg5"": 1.0, ""mrr5"": 1.0, ""hit3"": 1, ""hit1"": 1, ""first_relevant_rank"": 1}, {""entry_id"": ""E092"", ""category"": ""Non-file (shared tier)"", ""ndcg5"": 1.0, ""mrr5"": 1.0, ""hit3"": 1, ""hit1"": 1, ""first_relevant_rank"": 1}, {""entry_id"": ""E093"", ""category"": ""Non-file (shared tier)"", ""ndcg5"": 1.0, ""mrr5"": 1.0, ""hit3"": 1, ""hit1"": 1, ""first_relevant_rank"": 1}, {""entry_id"": ""E094"", ""category"": ""Non-file (shared tier)"", ""ndcg5"": 1.0, ""mrr5"": 1.0, ""hit3"": 1, ""hit1"": 1, ""first_relevant_rank"": 1}, {""entry_id"": ""E095"", ""category"": ""Non-file (shared tier)"", ""ndcg5"": 1.0, ""mrr5"": 1.0, ""hit3"": 1, ""hit1"": 1, ""first_relevant_rank"": 1}, {""entry_id"": ""E096"", ""category"": ""Non-file (shared tier)"", ""ndcg5"": 1.0, ""mrr5"": 1.0, ""hit3"": 1, ""hit1"": 1, ""first_relevant_rank"": 1}, {""entry_id"": ""E097"", ""category"": ""Non-file (shared tier)"", ""ndcg5"": 1.0, ""mrr5"": 1.0, ""hit3"": 1, ""hit1"": 1, ""first_relevant_rank"": 1}, {""entry_id"": ""E098"", ""category"": ""Non-file (shared tier)"", ""ndcg5"": 1.0, ""mrr5"": 1.0, ""hit3"": 1, ""hit1"": 1, ""first_relevant_rank"": 1}, {""entry_id"": ""E099"", ""category"": ""Non-file (shared tier)"", ""ndcg5"": 1.0, ""mrr5"": 1.0, ""hit3"": 1, ""hit1"": 1, ""first_relevant_rank"": 1}, {""entry_id"": ""E100"", ""category"": ""Non-file (shared tier)"", ""ndcg5"": 1.0, ""mrr5"": 1.0, ""hit3"": 1, ""hit1"": 1, ""first_relevant_rank"": 1}]","{""ADR (Context)"": ""CategoryMetrics(category='ADR (Context)', count=24, mean_ndcg5=0.8343216255952429, mean_mrr5=0.8055555555555555, hit3_rate=0.9166666666666666, hit1_rate=0.7083333333333334)"", ""ADR (Decision)"": ""CategoryMetrics(category='ADR (Decision)', count=25, mean_ndcg5=0.4284127450408923, mean_mrr5=0.37133333333333335, hit3_rate=0.52, hit1_rate=0.24)"", ""ADR (Consequences)"": ""CategoryMetrics(category='ADR (Consequences)', count=24, mean_ndcg5=0.39625272627184344, mean_mrr5=0.34861111111111115, hit3_rate=0.4166666666666667, hit1_rate=0.25)"", ""ADR (Content)"": ""CategoryMetrics(category='ADR (Content)', count=2, mean_ndcg5=0.5, mean_mrr5=0.5, hit3_rate=0.5, hit1_rate=0.5)"", ""Non-file (hermes transcript)"": ""CategoryMetrics(category='Non-file (hermes transcript)', count=14, mean_ndcg5=0.804418536224494, mean_mrr5=0.7857142857142857, hit3_rate=0.8571428571428571, hit1_rate=0.7142857142857143)"", ""Non-file (shared tier)"": ""CategoryMetrics(category='Non-file (shared tier)', count=11, mean_ndcg5=1.0, mean_mrr5=1.0, hit3_rate=1.0, hit1_rate=1.0)""}"
rrfK=60,rrfK,60,memory,100,0.6105391530585856,0.5676666666666667,0.65,0.47,"[{""entry_id"": ""E001"", ""category"": ""ADR (Context)"", ""ndcg5"": 1.0, ""mrr5"": 1.0, ""hit3"": 1, ""hit1"": 1, ""first_relevant_rank"": 1}, {""entry_id"": ""E002"", ""category"": ""ADR (Decision)"", ""ndcg5"": 1.0, ""mrr5"": 1.0, ""hit3"": 1, ""hit1"": 1, ""first_relevant_rank"": 1}, {""entry_id"": ""E003"", ""category"": ""ADR (Consequences)"", ""ndcg5"": 0.0, ""mrr5"": 0.0, ""hit3"": 0, ""hit1"": 0, ""first_relevant_rank"": null}, {""entry_id"": ""E004"", ""category"": ""ADR (Context)"", ""ndcg5"": 0.38685280723454163, ""mrr5"": 0.2, ""hit3"": 0, ""hit1"": 0, ""first_relevant_rank"": 5}, {""entry_id"": ""E005"", ""category"": ""ADR (Decision)"", ""ndcg5"": 0.38685280723454163, ""mrr5"": 0.2, ""hit3"": 0, ""hit1"": 0, ""first_relevant_rank"": 5}, {""entry_id"": ""E006"", ""category"": ""ADR (Consequences)"", ""ndcg5"": 1.0, ""mrr5"": 1.0, ""hit3"": 1, ""hit1"": 1, ""first_relevant_rank"": 1}, {""entry_id"": ""E007"", ""category"": ""ADR (Context)"", ""ndcg5"": 0.5, ""mrr5"": 0.3333333333333333, ""hit3"": 1, ""hit1"": 0, ""first_relevant_rank"": 3}, {""entry_id"": ""E008"", ""category"": ""ADR (Decision)"", ""ndcg5"": 0.0, ""mrr5"": 0.0, ""hit3"": 0, ""hit1"": 0, ""first_relevant_rank"": null}, {""entry_id"": ""E009"", ""category"": ""ADR (Consequences)"", ""ndcg5"": 0.6309297535714575, ""mrr5"": 0.5, ""hit3"": 1, ""hit1"": 0, ""first_relevant_rank"": 2}, {""entry_id"": ""E010"", ""category"": ""ADR (Context)"", ""ndcg5"": 0.6309297535714575, ""mrr5"": 0.5, ""hit3"": 1, ""hit1"": 0, ""first_relevant_rank"": 2}, {""entry_id"": ""E011"", ""category"": ""ADR (Decision)"", ""ndcg5"": 0.5, ""mrr5"": 0.3333333333333333, ""hit3"": 1, ""hit1"": 0, ""first_relevant_rank"": 3}, {""entry_id"": ""E012"", ""category"": ""ADR (Consequences)"", ""ndcg5"": 1.0, ""mrr5"": 1.0, ""hit3"": 1, ""hit1"": 1, ""first_relevant_rank"": 1}, {""entry_id"": ""E013"", ""category"": ""ADR (Context)"", ""ndcg5"": 0.43067655807339306, ""mrr5"": 0.25, ""hit3"": 0, ""hit1"": 0, ""first_relevant_rank"": 4}, {""entry_id"": ""E014"", ""category"": ""ADR (Decision)"", ""ndcg5"": 1.0, ""mrr5"": 1.0, ""hit3"": 1, ""hit1"": 1, ""first_relevant_rank"": 1}, {""entry_id"": ""E015"", ""category"": ""ADR (Consequences)"", ""ndcg5"": 1.0, ""mrr5"": 1.0, ""hit3"": 1, ""hit1"": 1, ""first_relevant_rank"": 1}, {""entry_id"": ""E016"", ""category"": ""ADR (Context)"", ""ndcg5"": 0.43067655807339306, ""mrr5"": 0.25, ""hit3"": 0, ""hit1"": 0, ""first_relevant_rank"": 4}, {""entry_id"": ""E017"", ""category"": ""ADR (Decision)"", ""ndcg5"": 0.0, ""mrr5"": 0.0, ""hit3"": 0, ""hit1"": 0, ""first_relevant_rank"": null}, {""entry_id"": ""E018"", ""category"": ""ADR (Consequences)"", ""ndcg5"": 0.6309297535714575, ""mrr5"": 0.5, ""hit3"": 1, ""hit1"": 0, ""first_relevant_rank"": 2}, {""entry_id"": ""E019"", ""category"": ""ADR (Context)"", ""ndcg5"": 0.6309297535714575, ""mrr5"": 0.5, ""hit3"": 1, ""hit1"": 0, ""first_relevant_rank"": 2}, {""entry_id"": ""E020"", ""category"": ""ADR (Decision)"", ""ndcg5"": 0.0, ""mrr5"": 0.0, ""hit3"": 0, ""hit1"": 0, ""first_relevant_rank"": null}, {""entry_id"": ""E021"", ""category"": ""ADR (Consequences)"", ""ndcg5"": 0.0, ""mrr5"": 0.0, ""hit3"": 0, ""hit1"": 0, ""first_relevant_rank"": null}, {""entry_id"": ""E022"", ""category"": ""ADR (Context)"", ""ndcg5"": 0.0, ""mrr5"": 0.0, ""hit3"": 0, ""hit1"": 0, ""first_relevant_rank"": null}, {""entry_id"": ""E023"", ""category"": ""ADR (Decision)"", ""ndcg5"": 1.0, ""mrr5"": 1.0, ""hit3"": 1, ""hit1"": 1, ""first_relevant_rank"": 1}, {""entry_id"": ""E024"", ""category"": ""ADR (Consequences)"", ""ndcg5"": 0.0, ""mrr5"": 0.0, ""hit3"": 0, ""hit1"": 0, ""first_relevant_rank"": null}, {""entry_id"": ""E025"", ""category"": ""ADR (Context)"", ""ndcg5"": 0.43067655807339306, ""mrr5"": 0.25, ""hit3"": 0, ""hit1"": 0, ""first_relevant_rank"": 4}, {""entry_id"": ""E026"", ""category"": ""ADR (Decision)"", ""ndcg5"": 1.0, ""mrr5"": 1.0, ""hit3"": 1, ""hit1"": 1, ""first_relevant_rank"": 1}, {""entry_id"": ""E027"", ""category"": ""ADR (Consequences)"", ""ndcg5"": 0.0, ""mrr5"": 0.0, ""hit3"": 0, ""hit1"": 0, ""first_relevant_rank"": null}, {""entry_id"": ""E028"", ""category"": ""ADR (Context)"", ""ndcg5"": 1.0, ""mrr5"": 1.0, ""hit3"": 1, ""hit1"": 1, ""first_relevant_rank"": 1}, {""entry_id"": ""E029"", ""category"": ""ADR (Decision)"", ""ndcg5"": 0.0, ""mrr5"": 0.0, ""hit3"": 0, ""hit1"": 0, ""first_relevant_rank"": null}, {""entry_id"": ""E030"", ""category"": ""ADR (Consequences)"", ""ndcg5"": 0.0, ""mrr5"": 0.0, ""hit3"": 0, ""hit1"": 0, ""first_relevant_rank"": null}, {""entry_id"": ""E031"", ""category"": ""ADR (Context)"", ""ndcg5"": 0.6309297535714575, ""mrr5"": 0.5, ""hit3"": 1, ""hit1"": 0, ""first_relevant_rank"": 2}, {""entry_id"": ""E032"", ""category"": ""ADR (Decision)"", ""ndcg5"": 0.38685280723454163, ""mrr5"": 0.2, ""hit3"": 0, ""hit1"": 0, ""first_relevant_rank"": 5}, {""entry_id"": ""E033"", ""category"": ""ADR (Consequences)"", ""ndcg5"": 0.0, ""mrr5"": 0.0, ""hit3"": 0, ""hit1"": 0, ""first_relevant_rank"": null}, {""entry_id"": ""E034"", ""category"": ""ADR (Context)"", ""ndcg5"": 0.0, ""mrr5"": 0.0, ""hit3"": 0, ""hit1"": 0, ""first_relevant_rank"": null}, {""entry_id"": ""E035"", ""category"": ""ADR (Decision)"", ""ndcg5"": 0.0, ""mrr5"": 0.0, ""hit3"": 0, ""hit1"": 0, ""first_relevant_rank"": null}, {""entry_id"": ""E036"", ""category"": ""ADR (Consequences)"", ""ndcg5"": 0.0, ""mrr5"": 0.0, ""hit3"": 0, ""hit1"": 0, ""first_relevant_rank"": null}, {""entry_id"": ""E037"", ""category"": ""ADR (Context)"", ""ndcg5"": 0.6309297535714575, ""mrr5"": 0.5, ""hit3"": 1, ""hit1"": 0, ""first_relevant_rank"": 2}, {""entry_id"": ""E038"", ""category"": ""ADR (Decision)"", ""ndcg5"": 1.0, ""mrr5"": 1.0, ""hit3"": 1, ""hit1"": 1, ""first_relevant_rank"": 1}, {""entry_id"": ""E039"", ""category"": ""ADR (Consequences)"", ""ndcg5"": 0.6309297535714575, ""mrr5"": 0.5, ""hit3"": 1, ""hit1"": 0, ""first_relevant_rank"": 2}, {""entry_id"": ""E040"", ""category"": ""ADR (Context)"", ""ndcg5"": 0.43067655807339306, ""mrr5"": 0.25, ""hit3"": 0, ""hit1"": 0, ""first_relevant_rank"": 4}, {""entry_id"": ""E041"", ""category"": ""ADR (Decision)"", ""ndcg5"": 1.0, ""mrr5"": 1.0, ""hit3"": 1, ""hit1"": 1, ""first_relevant_rank"": 1}, {""entry_id"": ""E042"", ""category"": ""ADR (Consequences)"", ""ndcg5"": 1.0, ""mrr5"": 1.0, ""hit3"": 1, ""hit1"": 1, ""first_relevant_rank"": 1}, {""entry_id"": ""E043"", ""category"": ""ADR (Context)"", ""ndcg5"": 0.0, ""mrr5"": 0.0, ""hit3"": 0, ""hit1"": 0, ""first_relevant_rank"": null}, {""entry_id"": ""E044"", ""category"": ""ADR (Decision)"", ""ndcg5"": 0.6309297535714575, ""mrr5"": 0.5, ""hit3"": 1, ""hit1"": 0, ""first_relevant_rank"": 2}, {""entry_id"": ""E045"", ""category"": ""ADR (Consequences)"", ""ndcg5"": 0.0, ""mrr5"": 0.0, ""hit3"": 0, ""hit1"": 0, ""first_relevant_rank"": null}, {""entry_id"": ""E046"", ""category"": ""ADR (Content)"", ""ndcg5"": 1.0, ""mrr5"": 1.0, ""hit3"": 1, ""hit1"": 1, ""first_relevant_rank"": 1}, {""entry_id"": ""E047"", ""category"": ""ADR (Decision)"", ""ndcg5"": 1.0, ""mrr5"": 1.0, ""hit3"": 1, ""hit1"": 1, ""first_relevant_rank"": 1}, {""entry_id"": ""E048"", ""category"": ""ADR (Consequences)"", ""ndcg5"": 1.0, ""mrr5"": 1.0, ""hit3"": 1, ""hit1"": 1, ""first_relevant_rank"": 1}, {""entry_id"": ""E049"", ""category"": ""ADR (Context)"", ""ndcg5"": 1.0, ""mrr5"": 1.0, ""hit3"": 1, ""hit1"": 1, ""first_relevant_rank"": 1}, {""entry_id"": ""E050"", ""category"": ""ADR (Decision)"", ""ndcg5"": 0.5, ""mrr5"": 0.3333333333333333, ""hit3"": 1, ""hit1"": 0, ""first_relevant_rank"": 3}, {""entry_id"": ""E051"", ""category"": ""ADR (Consequences)"", ""ndcg5"": 1.0, ""mrr5"": 1.0, ""hit3"": 1, ""hit1"": 1, ""first_relevant_rank"": 1}, {""entry_id"": ""E052"", ""category"": ""ADR (Context)"", ""ndcg5"": 1.0, ""mrr5"": 1.0, ""hit3"": 1, ""hit1"": 1, ""first_relevant_rank"": 1}, {""entry_id"": ""E053"", ""category"": ""ADR (Decision)"", ""ndcg5"": 1.0, ""mrr5"": 1.0, ""hit3"": 1, ""hit1"": 1, ""first_relevant_rank"": 1}, {""entry_id"": ""E054"", ""category"": ""ADR (Consequences)"", ""ndcg5"": 1.0, ""mrr5"": 1.0, ""hit3"": 1, ""hit1"": 1, ""first_relevant_rank"": 1}, {""entry_id"": ""E055"", ""category"": ""ADR (Context)"", ""ndcg5"": 1.0, ""mrr5"": 1.0, ""hit3"": 1, ""hit1"": 1, ""first_relevant_rank"": 1}, {""entry_id"": ""E056"", ""category"": ""ADR (Decision)"", ""ndcg5"": 0.5, ""mrr5"": 0.3333333333333333, ""hit3"": 1, ""hit1"": 0, ""first_relevant_rank"": 3}, {""entry_id"": ""E057"", ""category"": ""ADR (Content)"", ""ndcg5"": 0.0, ""mrr5"": 0.0, ""hit3"": 0, ""hit1"": 0, ""first_relevant_rank"": null}, {""entry_id"": ""E058"", ""category"": ""ADR (Context)"", ""ndcg5"": 1.0, ""mrr5"": 1.0, ""hit3"": 1, ""hit1"": 1, ""first_relevant_rank"": 1}, {""entry_id"": ""E059"", ""category"": ""ADR (Decision)"", ""ndcg5"": 0.5, ""mrr5"": 0.3333333333333333, ""hit3"": 1, ""hit1"": 0, ""first_relevant_rank"": 3}, {""entry_id"": ""E060"", ""category"": ""ADR (Consequences)"", ""ndcg5"": 0.43067655807339306, ""mrr5"": 0.25, ""hit3"": 0, ""hit1"": 0, ""first_relevant_rank"": 4}, {""entry_id"": ""E061"", ""category"": ""ADR (Context)"", ""ndcg5"": 1.0, ""mrr5"": 1.0, ""hit3"": 1, ""hit1"": 1, ""first_relevant_rank"": 1}, {""entry_id"": ""E062"", ""category"": ""ADR (Decision)"", ""ndcg5"": 0.0, ""mrr5"": 0.0, ""hit3"": 0, ""hit1"": 0, ""first_relevant_rank"": null}, {""entry_id"": ""E063"", ""category"": ""ADR (Consequences)"", ""ndcg5"": 0.0, ""mrr5"": 0.0, ""hit3"": 0, ""hit1"": 0, ""first_relevant_rank"": null}, {""entry_id"": ""E064"", ""category"": ""ADR (Context)"", ""ndcg5"": 0.5, ""mrr5"": 0.3333333333333333, ""hit3"": 1, ""hit1"": 0, ""first_relevant_rank"": 3}, {""entry_id"": ""E065"", ""category"": ""ADR (Decision)"", ""ndcg5"": 0.0, ""mrr5"": 0.0, ""hit3"": 0, ""hit1"": 0, ""first_relevant_rank"": null}, {""entry_id"": ""E066"", ""category"": ""ADR (Consequences)"", ""ndcg5"": 0.0, ""mrr5"": 0.0, ""hit3"": 0, ""hit1"": 0, ""first_relevant_rank"": null}, {""entry_id"": ""E067"", ""category"": ""ADR (Context)"", ""ndcg5"": 1.0, ""mrr5"": 1.0, ""hit3"": 1, ""hit1"": 1, ""first_relevant_rank"": 1}, {""entry_id"": ""E068"", ""category"": ""ADR (Decision)"", ""ndcg5"": 0.5, ""mrr5"": 0.3333333333333333, ""hit3"": 1, ""hit1"": 0, ""first_relevant_rank"": 3}, {""entry_id"": ""E069"", ""category"": ""ADR (Consequences)"", ""ndcg5"": 0.0, ""mrr5"": 0.0, ""hit3"": 0, ""hit1"": 0, ""first_relevant_rank"": null}, {""entry_id"": ""E070"", ""category"": ""ADR (Context)"", ""ndcg5"": 1.0, ""mrr5"": 1.0, ""hit3"": 1, ""hit1"": 1, ""first_relevant_rank"": 1}, {""entry_id"": ""E071"", ""category"": ""ADR (Decision)"", ""ndcg5"": 0.0, ""mrr5"": 0.0, ""hit3"": 0, ""hit1"": 0, ""first_relevant_rank"": null}, {""entry_id"": ""E072"", ""category"": ""ADR (Consequences)"", ""ndcg5"": 0.0, ""mrr5"": 0.0, ""hit3"": 0, ""hit1"": 0, ""first_relevant_rank"": null}, {""entry_id"": ""E073"", ""category"": ""ADR (Context)"", ""ndcg5"": 0.5, ""mrr5"": 0.3333333333333333, ""hit3"": 1, ""hit1"": 0, ""first_relevant_rank"": 3}, {""entry_id"": ""E074"", ""category"": ""ADR (Decision)"", ""ndcg5"": 0.6309297535714575, ""mrr5"": 0.5, ""hit3"": 1, ""hit1"": 0, ""first_relevant_rank"": 2}, {""entry_id"": ""E075"", ""category"": ""ADR (Consequences)"", ""ndcg5"": 1.0, ""mrr5"": 1.0, ""hit3"": 1, ""hit1"": 1, ""first_relevant_rank"": 1}, {""entry_id"": ""E076"", ""category"": ""Non-file (hermes transcript)"", ""ndcg5"": 1.0, ""mrr5"": 1.0, ""hit3"": 1, ""hit1"": 1, ""first_relevant_rank"": 1}, {""entry_id"": ""E077"", ""category"": ""Non-file (hermes transcript)"", ""ndcg5"": 1.0, ""mrr5"": 1.0, ""hit3"": 1, ""hit1"": 1, ""first_relevant_rank"": 1}, {""entry_id"": ""E078"", ""category"": ""Non-file (hermes transcript)"", ""ndcg5"": 1.0, ""mrr5"": 1.0, ""hit3"": 1, ""hit1"": 1, ""first_relevant_rank"": 1}, {""entry_id"": ""E079"", ""category"": ""Non-file (hermes transcript)"", ""ndcg5"": 1.0, ""mrr5"": 1.0, ""hit3"": 1, ""hit1"": 1, ""first_relevant_rank"": 1}, {""entry_id"": ""E080"", ""category"": ""Non-file (hermes transcript)"", ""ndcg5"": 0.0, ""mrr5"": 0.0, ""hit3"": 0, ""hit1"": 0, ""first_relevant_rank"": null}, {""entry_id"": ""E081"", ""category"": ""Non-file (hermes transcript)"", ""ndcg5"": 1.0, ""mrr5"": 1.0, ""hit3"": 1, ""hit1"": 1, ""first_relevant_rank"": 1}, {""entry_id"": ""E082"", ""category"": ""Non-file (hermes transcript)"", ""ndcg5"": 0.43067655807339306, ""mrr5"": 0.25, ""hit3"": 0, ""hit1"": 0, ""first_relevant_rank"": 4}, {""entry_id"": ""E083"", ""category"": ""Non-file (hermes transcript)"", ""ndcg5"": 1.0, ""mrr5"": 1.0, ""hit3"": 1, ""hit1"": 1, ""first_relevant_rank"": 1}, {""entry_id"": ""E084"", ""category"": ""Non-file (hermes transcript)"", ""ndcg5"": 0.0, ""mrr5"": 0.0, ""hit3"": 0, ""hit1"": 0, ""first_relevant_rank"": null}, {""entry_id"": ""E085"", ""category"": ""Non-file (hermes transcript)"", ""ndcg5"": 1.0, ""mrr5"": 1.0, ""hit3"": 1, ""hit1"": 1, ""first_relevant_rank"": 1}, {""entry_id"": ""E086"", ""category"": ""Non-file (hermes transcript)"", ""ndcg5"": 1.0, ""mrr5"": 1.0, ""hit3"": 1, ""hit1"": 1, ""first_relevant_rank"": 1}, {""entry_id"": ""E087"", ""category"": ""Non-file (hermes transcript)"", ""ndcg5"": 1.0, ""mrr5"": 1.0, ""hit3"": 1, ""hit1"": 1, ""first_relevant_rank"": 1}, {""entry_id"": ""E088"", ""category"": ""Non-file (hermes transcript)"", ""ndcg5"": 1.0, ""mrr5"": 1.0, ""hit3"": 1, ""hit1"": 1, ""first_relevant_rank"": 1}, {""entry_id"": ""E089"", ""category"": ""Non-file (hermes transcript)"", ""ndcg5"": 0.6309297535714575, ""mrr5"": 0.5, ""hit3"": 1, ""hit1"": 0, ""first_relevant_rank"": 2}, {""entry_id"": ""E090"", ""category"": ""Non-file (shared tier)"", ""ndcg5"": 1.0, ""mrr5"": 1.0, ""hit3"": 1, ""hit1"": 1, ""first_relevant_rank"": 1}, {""entry_id"": ""E091"", ""category"": ""Non-file (shared tier)"", ""ndcg5"": 1.0, ""mrr5"": 1.0, ""hit3"": 1, ""hit1"": 1, ""first_relevant_rank"": 1}, {""entry_id"": ""E092"", ""category"": ""Non-file (shared tier)"", ""ndcg5"": 1.0, ""mrr5"": 1.0, ""hit3"": 1, ""hit1"": 1, ""first_relevant_rank"": 1}, {""entry_id"": ""E093"", ""category"": ""Non-file (shared tier)"", ""ndcg5"": 1.0, ""mrr5"": 1.0, ""hit3"": 1, ""hit1"": 1, ""first_relevant_rank"": 1}, {""entry_id"": ""E094"", ""category"": ""Non-file (shared tier)"", ""ndcg5"": 1.0, ""mrr5"": 1.0, ""hit3"": 1, ""hit1"": 1, ""first_relevant_rank"": 1}, {""entry_id"": ""E095"", ""category"": ""Non-file (shared tier)"", ""ndcg5"": 1.0, ""mrr5"": 1.0, ""hit3"": 1, ""hit1"": 1, ""first_relevant_rank"": 1}, {""entry_id"": ""E096"", ""category"": ""Non-file (shared tier)"", ""ndcg5"": 1.0, ""mrr5"": 1.0, ""hit3"": 1, ""hit1"": 1, ""first_relevant_rank"": 1}, {""entry_id"": ""E097"", ""category"": ""Non-file (shared tier)"", ""ndcg5"": 1.0, ""mrr5"": 1.0, ""hit3"": 1, ""hit1"": 1, ""first_relevant_rank"": 1}, {""entry_id"": ""E098"", ""category"": ""Non-file (shared tier)"", ""ndcg5"": 1.0, ""mrr5"": 1.0, ""hit3"": 1, ""hit1"": 1, ""first_relevant_rank"": 1}, {""entry_id"": ""E099"", ""category"": ""Non-file (shared tier)"", ""ndcg5"": 1.0, ""mrr5"": 1.0, ""hit3"": 1, ""hit1"": 1, ""first_relevant_rank"": 1}, {""entry_id"": ""E100"", ""category"": ""Non-file (shared tier)"", ""ndcg5"": 1.0, ""mrr5"": 1.0, ""hit3"": 1, ""hit1"": 1, ""first_relevant_rank"": 1}]","{""ADR (Context)"": ""CategoryMetrics(category='ADR (Context)', count=24, mean_ndcg5=0.6305532522422477, mean_mrr5=0.5499999999999999, hit3_rate=0.6666666666666666, hit1_rate=0.375)"", ""ADR (Decision)"": ""CategoryMetrics(category='ADR (Decision)', count=25, mean_ndcg5=0.50142260486448, mean_mrr5=0.44266666666666665, hit3_rate=0.6, hit1_rate=0.32)"", ""ADR (Consequences)"": ""CategoryMetrics(category='ADR (Consequences)', count=24, mean_ndcg5=0.43014440911615687, mean_mrr5=0.40625, hit3_rate=0.4583333333333333, hit1_rate=0.3333333333333333)"", ""ADR (Content)"": ""CategoryMetrics(category='ADR (Content)', count=2, mean_ndcg5=0.5, mean_mrr5=0.5, hit3_rate=0.5, hit1_rate=0.5)"", ""Non-file (hermes transcript)"": ""CategoryMetrics(category='Non-file (hermes transcript)', count=14, mean_ndcg5=0.7901147365460607, mean_mrr5=0.7678571428571429, hit3_rate=0.7857142857142857, hit1_rate=0.7142857142857143)"", ""Non-file (shared tier)"": ""CategoryMetrics(category='Non-file (shared tier)', count=11, mean_ndcg5=1.0, mean_mrr5=1.0, hit3_rate=1.0, hit1_rate=1.0)""}"
rrfK=120,rrfK,120,memory,100,0.5565699639296174,0.5001666666666666,0.58,0.39,"[{""entry_id"": ""E001"", ""category"": ""ADR (Context)"", ""ndcg5"": 0.5, ""mrr5"": 0.3333333333333333, ""hit3"": 1, ""hit1"": 0, ""first_relevant_rank"": 3}, {""entry_id"": ""E002"", ""category"": ""ADR (Decision)"", ""ndcg5"": 0.38685280723454163, ""mrr5"": 0.2, ""hit3"": 0, ""hit1"": 0, ""first_relevant_rank"": 5}, {""entry_id"": ""E003"", ""category"": ""ADR (Consequences)"", ""ndcg5"": 0.0, ""mrr5"": 0.0, ""hit3"": 0, ""hit1"": 0, ""first_relevant_rank"": null}, {""entry_id"": ""E004"", ""category"": ""ADR (Context)"", ""ndcg5"": 0.0, ""mrr5"": 0.0, ""hit3"": 0, ""hit1"": 0, ""first_relevant_rank"": null}, {""entry_id"": ""E005"", ""category"": ""ADR (Decision)"", ""ndcg5"": 0.38685280723454163, ""mrr5"": 0.2, ""hit3"": 0, ""hit1"": 0, ""first_relevant_rank"": 5}, {""entry_id"": ""E006"", ""category"": ""ADR (Consequences)"", ""ndcg5"": 1.0, ""mrr5"": 1.0, ""hit3"": 1, ""hit1"": 1, ""first_relevant_rank"": 1}, {""entry_id"": ""E007"", ""category"": ""ADR (Context)"", ""ndcg5"": 0.43067655807339306, ""mrr5"": 0.25, ""hit3"": 0, ""hit1"": 0, ""first_relevant_rank"": 4}, {""entry_id"": ""E008"", ""category"": ""ADR (Decision)"", ""ndcg5"": 0.0, ""mrr5"": 0.0, ""hit3"": 0, ""hit1"": 0, ""first_relevant_rank"": null}, {""entry_id"": ""E009"", ""category"": ""ADR (Consequences)"", ""ndcg5"": 0.6309297535714575, ""mrr5"": 0.5, ""hit3"": 1, ""hit1"": 0, ""first_relevant_rank"": 2}, {""entry_id"": ""E010"", ""category"": ""ADR (Context)"", ""ndcg5"": 0.43067655807339306, ""mrr5"": 0.25, ""hit3"": 0, ""hit1"": 0, ""first_relevant_rank"": 4}, {""entry_id"": ""E011"", ""category"": ""ADR (Decision)"", ""ndcg5"": 0.5, ""mrr5"": 0.3333333333333333, ""hit3"": 1, ""hit1"": 0, ""first_relevant_rank"": 3}, {""entry_id"": ""E012"", ""category"": ""ADR (Consequences)"", ""ndcg5"": 1.0, ""mrr5"": 1.0, ""hit3"": 1, ""hit1"": 1, ""first_relevant_rank"": 1}, {""entry_id"": ""E013"", ""category"": ""ADR (Context)"", ""ndcg5"": 1.0, ""mrr5"": 1.0, ""hit3"": 1, ""hit1"": 1, ""first_relevant_rank"": 1}, {""entry_id"": ""E014"", ""category"": ""ADR (Decision)"", ""ndcg5"": 1.0, ""mrr5"": 1.0, ""hit3"": 1, ""hit1"": 1, ""first_relevant_rank"": 1}, {""entry_id"": ""E015"", ""category"": ""ADR (Consequences)"", ""ndcg5"": 1.0, ""mrr5"": 1.0, ""hit3"": 1, ""hit1"": 1, ""first_relevant_rank"": 1}, {""entry_id"": ""E016"", ""category"": ""ADR (Context)"", ""ndcg5"": 0.38685280723454163, ""mrr5"": 0.2, ""hit3"": 0, ""hit1"": 0, ""first_relevant_rank"": 5}, {""entry_id"": ""E017"", ""category"": ""ADR (Decision)"", ""ndcg5"": 0.0, ""mrr5"": 0.0, ""hit3"": 0, ""hit1"": 0, ""first_relevant_rank"": null}, {""entry_id"": ""E018"", ""category"": ""ADR (Consequences)"", ""ndcg5"": 0.43067655807339306, ""mrr5"": 0.25, ""hit3"": 0, ""hit1"": 0, ""first_relevant_rank"": 4}, {""entry_id"": ""E019"", ""category"": ""ADR (Context)"", ""ndcg5"": 0.0, ""mrr5"": 0.0, ""hit3"": 0, ""hit1"": 0, ""first_relevant_rank"": null}, {""entry_id"": ""E020"", ""category"": ""ADR (Decision)"", ""ndcg5"": 0.0, ""mrr5"": 0.0, ""hit3"": 0, ""hit1"": 0, ""first_relevant_rank"": null}, {""entry_id"": ""E021"", ""category"": ""ADR (Consequences)"", ""ndcg5"": 0.0, ""mrr5"": 0.0, ""hit3"": 0, ""hit1"": 0, ""first_relevant_rank"": null}, {""entry_id"": ""E022"", ""category"": ""ADR (Context)"", ""ndcg5"": 0.0, ""mrr5"": 0.0, ""hit3"": 0, ""hit1"": 0, ""first_relevant_rank"": null}, {""entry_id"": ""E023"", ""category"": ""ADR (Decision)"", ""ndcg5"": 0.5, ""mrr5"": 0.3333333333333333, ""hit3"": 1, ""hit1"": 0, ""first_relevant_rank"": 3}, {""entry_id"": ""E024"", ""category"": ""ADR (Consequences)"", ""ndcg5"": 0.38685280723454163, ""mrr5"": 0.2, ""hit3"": 0, ""hit1"": 0, ""first_relevant_rank"": 5}, {""entry_id"": ""E025"", ""category"": ""ADR (Context)"", ""ndcg5"": 0.0, ""mrr5"": 0.0, ""hit3"": 0, ""hit1"": 0, ""first_relevant_rank"": null}, {""entry_id"": ""E026"", ""category"": ""ADR (Decision)"", ""ndcg5"": 1.0, ""mrr5"": 1.0, ""hit3"": 1, ""hit1"": 1, ""first_relevant_rank"": 1}, {""entry_id"": ""E027"", ""category"": ""ADR (Consequences)"", ""ndcg5"": 0.0, ""mrr5"": 0.0, ""hit3"": 0, ""hit1"": 0, ""first_relevant_rank"": null}, {""entry_id"": ""E028"", ""category"": ""ADR (Context)"", ""ndcg5"": 0.5, ""mrr5"": 0.3333333333333333, ""hit3"": 1, ""hit1"": 0, ""first_relevant_rank"": 3}, {""entry_id"": ""E029"", ""category"": ""ADR (Decision)"", ""ndcg5"": 0.38685280723454163, ""mrr5"": 0.2, ""hit3"": 0, ""hit1"": 0, ""first_relevant_rank"": 5}, {""entry_id"": ""E030"", ""category"": ""ADR (Consequences)"", ""ndcg5"": 0.0, ""mrr5"": 0.0, ""hit3"": 0, ""hit1"": 0, ""first_relevant_rank"": null}, {""entry_id"": ""E031"", ""category"": ""ADR (Context)"", ""ndcg5"": 0.43067655807339306, ""mrr5"": 0.25, ""hit3"": 0, ""hit1"": 0, ""first_relevant_rank"": 4}, {""entry_id"": ""E032"", ""category"": ""ADR (Decision)"", ""ndcg5"": 0.6309297535714575, ""mrr5"": 0.5, ""hit3"": 1, ""hit1"": 0, ""first_relevant_rank"": 2}, {""entry_id"": ""E033"", ""category"": ""ADR (Consequences)"", ""ndcg5"": 0.0, ""mrr5"": 0.0, ""hit3"": 0, ""hit1"": 0, ""first_relevant_rank"": null}, {""entry_id"": ""E034"", ""category"": ""ADR (Context)"", ""ndcg5"": 0.0, ""mrr5"": 0.0, ""hit3"": 0, ""hit1"": 0, ""first_relevant_rank"": null}, {""entry_id"": ""E035"", ""category"": ""ADR (Decision)"", ""ndcg5"": 0.0, ""mrr5"": 0.0, ""hit3"": 0, ""hit1"": 0, ""first_relevant_rank"": null}, {""entry_id"": ""E036"", ""category"": ""ADR (Consequences)"", ""ndcg5"": 0.0, ""mrr5"": 0.0, ""hit3"": 0, ""hit1"": 0, ""first_relevant_rank"": null}, {""entry_id"": ""E037"", ""category"": ""ADR (Context)"", ""ndcg5"": 0.5, ""mrr5"": 0.3333333333333333, ""hit3"": 1, ""hit1"": 0, ""first_relevant_rank"": 3}, {""entry_id"": ""E038"", ""category"": ""ADR (Decision)"", ""ndcg5"": 1.0, ""mrr5"": 1.0, ""hit3"": 1, ""hit1"": 1, ""first_relevant_rank"": 1}, {""entry_id"": ""E039"", ""category"": ""ADR (Consequences)"", ""ndcg5"": 0.6309297535714575, ""mrr5"": 0.5, ""hit3"": 1, ""hit1"": 0, ""first_relevant_rank"": 2}, {""entry_id"": ""E040"", ""category"": ""ADR (Context)"", ""ndcg5"": 0.0, ""mrr5"": 0.0, ""hit3"": 0, ""hit1"": 0, ""first_relevant_rank"": null}, {""entry_id"": ""E041"", ""category"": ""ADR (Decision)"", ""ndcg5"": 1.0, ""mrr5"": 1.0, ""hit3"": 1, ""hit1"": 1, ""first_relevant_rank"": 1}, {""entry_id"": ""E042"", ""category"": ""ADR (Consequences)"", ""ndcg5"": 0.5, ""mrr5"": 0.3333333333333333, ""hit3"": 1, ""hit1"": 0, ""first_relevant_rank"": 3}, {""entry_id"": ""E043"", ""category"": ""ADR (Context)"", ""ndcg5"": 0.43067655807339306, ""mrr5"": 0.25, ""hit3"": 0, ""hit1"": 0, ""first_relevant_rank"": 4}, {""entry_id"": ""E044"", ""category"": ""ADR (Decision)"", ""ndcg5"": 1.0, ""mrr5"": 1.0, ""hit3"": 1, ""hit1"": 1, ""first_relevant_rank"": 1}, {""entry_id"": ""E045"", ""category"": ""ADR (Consequences)"", ""ndcg5"": 0.0, ""mrr5"": 0.0, ""hit3"": 0, ""hit1"": 0, ""first_relevant_rank"": null}, {""entry_id"": ""E046"", ""category"": ""ADR (Content)"", ""ndcg5"": 1.0, ""mrr5"": 1.0, ""hit3"": 1, ""hit1"": 1, ""first_relevant_rank"": 1}, {""entry_id"": ""E047"", ""category"": ""ADR (Decision)"", ""ndcg5"": 0.5, ""mrr5"": 0.3333333333333333, ""hit3"": 1, ""hit1"": 0, ""first_relevant_rank"": 3}, {""entry_id"": ""E048"", ""category"": ""ADR (Consequences)"", ""ndcg5"": 1.0, ""mrr5"": 1.0, ""hit3"": 1, ""hit1"": 1, ""first_relevant_rank"": 1}, {""entry_id"": ""E049"", ""category"": ""ADR (Context)"", ""ndcg5"": 0.5, ""mrr5"": 0.3333333333333333, ""hit3"": 1, ""hit1"": 0, ""first_relevant_rank"": 3}, {""entry_id"": ""E050"", ""category"": ""ADR (Decision)"", ""ndcg5"": 0.6309297535714575, ""mrr5"": 0.5, ""hit3"": 1, ""hit1"": 0, ""first_relevant_rank"": 2}, {""entry_id"": ""E051"", ""category"": ""ADR (Consequences)"", ""ndcg5"": 1.0, ""mrr5"": 1.0, ""hit3"": 1, ""hit1"": 1, ""first_relevant_rank"": 1}, {""entry_id"": ""E052"", ""category"": ""ADR (Context)"", ""ndcg5"": 1.0, ""mrr5"": 1.0, ""hit3"": 1, ""hit1"": 1, ""first_relevant_rank"": 1}, {""entry_id"": ""E053"", ""category"": ""ADR (Decision)"", ""ndcg5"": 1.0, ""mrr5"": 1.0, ""hit3"": 1, ""hit1"": 1, ""first_relevant_rank"": 1}, {""entry_id"": ""E054"", ""category"": ""ADR (Consequences)"", ""ndcg5"": 1.0, ""mrr5"": 1.0, ""hit3"": 1, ""hit1"": 1, ""first_relevant_rank"": 1}, {""entry_id"": ""E055"", ""category"": ""ADR (Context)"", ""ndcg5"": 0.6309297535714575, ""mrr5"": 0.5, ""hit3"": 1, ""hit1"": 0, ""first_relevant_rank"": 2}, {""entry_id"": ""E056"", ""category"": ""ADR (Decision)"", ""ndcg5"": 0.5, ""mrr5"": 0.3333333333333333, ""hit3"": 1, ""hit1"": 0, ""first_relevant_rank"": 3}, {""entry_id"": ""E057"", ""category"": ""ADR (Content)"", ""ndcg5"": 0.0, ""mrr5"": 0.0, ""hit3"": 0, ""hit1"": 0, ""first_relevant_rank"": null}, {""entry_id"": ""E058"", ""category"": ""ADR (Context)"", ""ndcg5"": 1.0, ""mrr5"": 1.0, ""hit3"": 1, ""hit1"": 1, ""first_relevant_rank"": 1}, {""entry_id"": ""E059"", ""category"": ""ADR (Decision)"", ""ndcg5"": 0.43067655807339306, ""mrr5"": 0.25, ""hit3"": 0, ""hit1"": 0, ""first_relevant_rank"": 4}, {""entry_id"": ""E060"", ""category"": ""ADR (Consequences)"", ""ndcg5"": 0.0, ""mrr5"": 0.0, ""hit3"": 0, ""hit1"": 0, ""first_relevant_rank"": null}, {""entry_id"": ""E061"", ""category"": ""ADR (Context)"", ""ndcg5"": 0.0, ""mrr5"": 0.0, ""hit3"": 0, ""hit1"": 0, ""first_relevant_rank"": null}, {""entry_id"": ""E062"", ""category"": ""ADR (Decision)"", ""ndcg5"": 0.5, ""mrr5"": 0.3333333333333333, ""hit3"": 1, ""hit1"": 0, ""first_relevant_rank"": 3}, {""entry_id"": ""E063"", ""category"": ""ADR (Consequences)"", ""ndcg5"": 0.38685280723454163, ""mrr5"": 0.2, ""hit3"": 0, ""hit1"": 0, ""first_relevant_rank"": 5}, {""entry_id"": ""E064"", ""category"": ""ADR (Context)"", ""ndcg5"": 0.38685280723454163, ""mrr5"": 0.2, ""hit3"": 0, ""hit1"": 0, ""first_relevant_rank"": 5}, {""entry_id"": ""E065"", ""category"": ""ADR (Decision)"", ""ndcg5"": 0.0, ""mrr5"": 0.0, ""hit3"": 0, ""hit1"": 0, ""first_relevant_rank"": null}, {""entry_id"": ""E066"", ""category"": ""ADR (Consequences)"", ""ndcg5"": 0.0, ""mrr5"": 0.0, ""hit3"": 0, ""hit1"": 0, ""first_relevant_rank"": null}, {""entry_id"": ""E067"", ""category"": ""ADR (Context)"", ""ndcg5"": 0.6309297535714575, ""mrr5"": 0.5, ""hit3"": 1, ""hit1"": 0, ""first_relevant_rank"": 2}, {""entry_id"": ""E068"", ""category"": ""ADR (Decision)"", ""ndcg5"": 0.5, ""mrr5"": 0.3333333333333333, ""hit3"": 1, ""hit1"": 0, ""first_relevant_rank"": 3}, {""entry_id"": ""E069"", ""category"": ""ADR (Consequences)"", ""ndcg5"": 0.0, ""mrr5"": 0.0, ""hit3"": 0, ""hit1"": 0, ""first_relevant_rank"": null}, {""entry_id"": ""E070"", ""category"": ""ADR (Context)"", ""ndcg5"": 1.0, ""mrr5"": 1.0, ""hit3"": 1, ""hit1"": 1, ""first_relevant_rank"": 1}, {""entry_id"": ""E071"", ""category"": ""ADR (Decision)"", ""ndcg5"": 0.38685280723454163, ""mrr5"": 0.2, ""hit3"": 0, ""hit1"": 0, ""first_relevant_rank"": 5}, {""entry_id"": ""E072"", ""category"": ""ADR (Consequences)"", ""ndcg5"": 0.0, ""mrr5"": 0.0, ""hit3"": 0, ""hit1"": 0, ""first_relevant_rank"": null}, {""entry_id"": ""E073"", ""category"": ""ADR (Context)"", ""ndcg5"": 0.0, ""mrr5"": 0.0, ""hit3"": 0, ""hit1"": 0, ""first_relevant_rank"": null}, {""entry_id"": ""E074"", ""category"": ""ADR (Decision)"", ""ndcg5"": 0.6309297535714575, ""mrr5"": 0.5, ""hit3"": 1, ""hit1"": 0, ""first_relevant_rank"": 2}, {""entry_id"": ""E075"", ""category"": ""ADR (Consequences)"", ""ndcg5"": 1.0, ""mrr5"": 1.0, ""hit3"": 1, ""hit1"": 1, ""first_relevant_rank"": 1}, {""entry_id"": ""E076"", ""category"": ""Non-file (hermes transcript)"", ""ndcg5"": 1.0, ""mrr5"": 1.0, ""hit3"": 1, ""hit1"": 1, ""first_relevant_rank"": 1}, {""entry_id"": ""E077"", ""category"": ""Non-file (hermes transcript)"", ""ndcg5"": 1.0, ""mrr5"": 1.0, ""hit3"": 1, ""hit1"": 1, ""first_relevant_rank"": 1}, {""entry_id"": ""E078"", ""category"": ""Non-file (hermes transcript)"", ""ndcg5"": 1.0, ""mrr5"": 1.0, ""hit3"": 1, ""hit1"": 1, ""first_relevant_rank"": 1}, {""entry_id"": ""E079"", ""category"": ""Non-file (hermes transcript)"", ""ndcg5"": 1.0, ""mrr5"": 1.0, ""hit3"": 1, ""hit1"": 1, ""first_relevant_rank"": 1}, {""entry_id"": ""E080"", ""category"": ""Non-file (hermes transcript)"", ""ndcg5"": 0.0, ""mrr5"": 0.0, ""hit3"": 0, ""hit1"": 0, ""first_relevant_rank"": null}, {""entry_id"": ""E081"", ""category"": ""Non-file (hermes transcript)"", ""ndcg5"": 1.0, ""mrr5"": 1.0, ""hit3"": 1, ""hit1"": 1, ""first_relevant_rank"": 1}, {""entry_id"": ""E082"", ""category"": ""Non-file (hermes transcript)"", ""ndcg5"": 0.43067655807339306, ""mrr5"": 0.25, ""hit3"": 0, ""hit1"": 0, ""first_relevant_rank"": 4}, {""entry_id"": ""E083"", ""category"": ""Non-file (hermes transcript)"", ""ndcg5"": 1.0, ""mrr5"": 1.0, ""hit3"": 1, ""hit1"": 1, ""first_relevant_rank"": 1}, {""entry_id"": ""E084"", ""category"": ""Non-file (hermes transcript)"", ""ndcg5"": 0.0, ""mrr5"": 0.0, ""hit3"": 0, ""hit1"": 0, ""first_relevant_rank"": null}, {""entry_id"": ""E085"", ""category"": ""Non-file (hermes transcript)"", ""ndcg5"": 1.0, ""mrr5"": 1.0, ""hit3"": 1, ""hit1"": 1, ""first_relevant_rank"": 1}, {""entry_id"": ""E086"", ""category"": ""Non-file (hermes transcript)"", ""ndcg5"": 1.0, ""mrr5"": 1.0, ""hit3"": 1, ""hit1"": 1, ""first_relevant_rank"": 1}, {""entry_id"": ""E087"", ""category"": ""Non-file (hermes transcript)"", ""ndcg5"": 1.0, ""mrr5"": 1.0, ""hit3"": 1, ""hit1"": 1, ""first_relevant_rank"": 1}, {""entry_id"": ""E088"", ""category"": ""Non-file (hermes transcript)"", ""ndcg5"": 1.0, ""mrr5"": 1.0, ""hit3"": 1, ""hit1"": 1, ""first_relevant_rank"": 1}, {""entry_id"": ""E089"", ""category"": ""Non-file (hermes transcript)"", ""ndcg5"": 0.6309297535714575, ""mrr5"": 0.5, ""hit3"": 1, ""hit1"": 0, ""first_relevant_rank"": 2}, {""entry_id"": ""E090"", ""category"": ""Non-file (shared tier)"", ""ndcg5"": 1.0, ""mrr5"": 1.0, ""hit3"": 1, ""hit1"": 1, ""first_relevant_rank"": 1}, {""entry_id"": ""E091"", ""category"": ""Non-file (shared tier)"", ""ndcg5"": 1.0, ""mrr5"": 1.0, ""hit3"": 1, ""hit1"": 1, ""first_relevant_rank"": 1}, {""entry_id"": ""E092"", ""category"": ""Non-file (shared tier)"", ""ndcg5"": 1.0, ""mrr5"": 1.0, ""hit3"": 1, ""hit1"": 1, ""first_relevant_rank"": 1}, {""entry_id"": ""E093"", ""category"": ""Non-file (shared tier)"", ""ndcg5"": 1.0, ""mrr5"": 1.0, ""hit3"": 1, ""hit1"": 1, ""first_relevant_rank"": 1}, {""entry_id"": ""E094"", ""category"": ""Non-file (shared tier)"", ""ndcg5"": 1.0, ""mrr5"": 1.0, ""hit3"": 1, ""hit1"": 1, ""first_relevant_rank"": 1}, {""entry_id"": ""E095"", ""category"": ""Non-file (shared tier)"", ""ndcg5"": 1.0, ""mrr5"": 1.0, ""hit3"": 1, ""hit1"": 1, ""first_relevant_rank"": 1}, {""entry_id"": ""E096"", ""category"": ""Non-file (shared tier)"", ""ndcg5"": 1.0, ""mrr5"": 1.0, ""hit3"": 1, ""hit1"": 1, ""first_relevant_rank"": 1}, {""entry_id"": ""E097"", ""category"": ""Non-file (shared tier)"", ""ndcg5"": 1.0, ""mrr5"": 1.0, ""hit3"": 1, ""hit1"": 1, ""first_relevant_rank"": 1}, {""entry_id"": ""E098"", ""category"": ""Non-file (shared tier)"", ""ndcg5"": 1.0, ""mrr5"": 1.0, ""hit3"": 1, ""hit1"": 1, ""first_relevant_rank"": 1}, {""entry_id"": ""E099"", ""category"": ""Non-file (shared tier)"", ""ndcg5"": 1.0, ""mrr5"": 1.0, ""hit3"": 1, ""hit1"": 1, ""first_relevant_rank"": 1}, {""entry_id"": ""E100"", ""category"": ""Non-file (shared tier)"", ""ndcg5"": 1.0, ""mrr5"": 1.0, ""hit3"": 1, ""hit1"": 1, ""first_relevant_rank"": 1}]","{""ADR (Context)"": ""CategoryMetrics(category='ADR (Context)', count=24, mean_ndcg5=0.4065946397460654, mean_mrr5=0.32222222222222224, hit3_rate=0.4166666666666667, hit1_rate=0.16666666666666666)"", ""ADR (Decision)"": ""CategoryMetrics(category='ADR (Decision)', count=25, mean_ndcg5=0.5148350819090373, mean_mrr5=0.42200000000000004, hit3_rate=0.6, hit1_rate=0.24)"", ""ADR (Consequences)"": ""CategoryMetrics(category='ADR (Consequences)', count=24, mean_ndcg5=0.4152600699868913, mean_mrr5=0.3743055555555555, hit3_rate=0.4166666666666667, hit1_rate=0.2916666666666667)"", ""ADR (Content)"": ""CategoryMetrics(category='ADR (Content)', count=2, mean_ndcg5=0.5, mean_mrr5=0.5, hit3_rate=0.5, hit1_rate=0.5)"", ""Non-file (hermes transcript)"": ""CategoryMetrics(category='Non-file (hermes transcript)', count=14, mean_ndcg5=0.7901147365460607, mean_mrr5=0.7678571428571429, hit3_rate=0.7857142857142857, hit1_rate=0.7142857142857143)"", ""Non-file (shared tier)"": ""CategoryMetrics(category='Non-file (shared tier)', count=11, mean_ndcg5=1.0, mean_mrr5=1.0, hit3_rate=1.0, hit1_rate=1.0)""}"
rrfK=200,rrfK,200,memory,100,0.5213562635405643,0.4756666666666667,0.56,0.38,"[{""entry_id"": ""E001"", ""category"": ""ADR (Context)"", ""ndcg5"": 0.0, ""mrr5"": 0.0, ""hit3"": 0, ""hit1"": 0, ""first_relevant_rank"": null}, {""entry_id"": ""E002"", ""category"": ""ADR (Decision)"", ""ndcg5"": 1.0, ""mrr5"": 1.0, ""hit3"": 1, ""hit1"": 1, ""first_relevant_rank"": 1}, {""entry_id"": ""E003"", ""category"": ""ADR (Consequences)"", ""ndcg5"": 0.0, ""mrr5"": 0.0, ""hit3"": 0, ""hit1"": 0, ""first_relevant_rank"": null}, {""entry_id"": ""E004"", ""category"": ""ADR (Context)"", ""ndcg5"": 0.0, ""mrr5"": 0.0, ""hit3"": 0, ""hit1"": 0, ""first_relevant_rank"": null}, {""entry_id"": ""E005"", ""category"": ""ADR (Decision)"", ""ndcg5"": 1.0, ""mrr5"": 1.0, ""hit3"": 1, ""hit1"": 1, ""first_relevant_rank"": 1}, {""entry_id"": ""E006"", ""category"": ""ADR (Consequences)"", ""ndcg5"": 1.0, ""mrr5"": 1.0, ""hit3"": 1, ""hit1"": 1, ""first_relevant_rank"": 1}, {""entry_id"": ""E007"", ""category"": ""ADR (Context)"", ""ndcg5"": 0.43067655807339306, ""mrr5"": 0.25, ""hit3"": 0, ""hit1"": 0, ""first_relevant_rank"": 4}, {""entry_id"": ""E008"", ""category"": ""ADR (Decision)"", ""ndcg5"": 0.0, ""mrr5"": 0.0, ""hit3"": 0, ""hit1"": 0, ""first_relevant_rank"": null}, {""entry_id"": ""E009"", ""category"": ""ADR (Consequences)"", ""ndcg5"": 0.6309297535714575, ""mrr5"": 0.5, ""hit3"": 1, ""hit1"": 0, ""first_relevant_rank"": 2}, {""entry_id"": ""E010"", ""category"": ""ADR (Context)"", ""ndcg5"": 0.0, ""mrr5"": 0.0, ""hit3"": 0, ""hit1"": 0, ""first_relevant_rank"": null}, {""entry_id"": ""E011"", ""category"": ""ADR (Decision)"", ""ndcg5"": 0.5, ""mrr5"": 0.3333333333333333, ""hit3"": 1, ""hit1"": 0, ""first_relevant_rank"": 3}, {""entry_id"": ""E012"", ""category"": ""ADR (Consequences)"", ""ndcg5"": 1.0, ""mrr5"": 1.0, ""hit3"": 1, ""hit1"": 1, ""first_relevant_rank"": 1}, {""entry_id"": ""E013"", ""category"": ""ADR (Context)"", ""ndcg5"": 1.0, ""mrr5"": 1.0, ""hit3"": 1, ""hit1"": 1, ""first_relevant_rank"": 1}, {""entry_id"": ""E014"", ""category"": ""ADR (Decision)"", ""ndcg5"": 1.0, ""mrr5"": 1.0, ""hit3"": 1, ""hit1"": 1, ""first_relevant_rank"": 1}, {""entry_id"": ""E015"", ""category"": ""ADR (Consequences)"", ""ndcg5"": 1.0, ""mrr5"": 1.0, ""hit3"": 1, ""hit1"": 1, ""first_relevant_rank"": 1}, {""entry_id"": ""E016"", ""category"": ""ADR (Context)"", ""ndcg5"": 0.0, ""mrr5"": 0.0, ""hit3"": 0, ""hit1"": 0, ""first_relevant_rank"": null}, {""entry_id"": ""E017"", ""category"": ""ADR (Decision)"", ""ndcg5"": 0.5, ""mrr5"": 0.3333333333333333, ""hit3"": 1, ""hit1"": 0, ""first_relevant_rank"": 3}, {""entry_id"": ""E018"", ""category"": ""ADR (Consequences)"", ""ndcg5"": 0.43067655807339306, ""mrr5"": 0.25, ""hit3"": 0, ""hit1"": 0, ""first_relevant_rank"": 4}, {""entry_id"": ""E019"", ""category"": ""ADR (Context)"", ""ndcg5"": 0.0, ""mrr5"": 0.0, ""hit3"": 0, ""hit1"": 0, ""first_relevant_rank"": null}, {""entry_id"": ""E020"", ""category"": ""ADR (Decision)"", ""ndcg5"": 0.0, ""mrr5"": 0.0, ""hit3"": 0, ""hit1"": 0, ""first_relevant_rank"": null}, {""entry_id"": ""E021"", ""category"": ""ADR (Consequences)"", ""ndcg5"": 0.0, ""mrr5"": 0.0, ""hit3"": 0, ""hit1"": 0, ""first_relevant_rank"": null}, {""entry_id"": ""E022"", ""category"": ""ADR (Context)"", ""ndcg5"": 0.0, ""mrr5"": 0.0, ""hit3"": 0, ""hit1"": 0, ""first_relevant_rank"": null}, {""entry_id"": ""E023"", ""category"": ""ADR (Decision)"", ""ndcg5"": 0.0, ""mrr5"": 0.0, ""hit3"": 0, ""hit1"": 0, ""first_relevant_rank"": null}, {""entry_id"": ""E024"", ""category"": ""ADR (Consequences)"", ""ndcg5"": 0.0, ""mrr5"": 0.0, ""hit3"": 0, ""hit1"": 0, ""first_relevant_rank"": null}, {""entry_id"": ""E025"", ""category"": ""ADR (Context)"", ""ndcg5"": 0.43067655807339306, ""mrr5"": 0.25, ""hit3"": 0, ""hit1"": 0, ""first_relevant_rank"": 4}, {""entry_id"": ""E026"", ""category"": ""ADR (Decision)"", ""ndcg5"": 1.0, ""mrr5"": 1.0, ""hit3"": 1, ""hit1"": 1, ""first_relevant_rank"": 1}, {""entry_id"": ""E027"", ""category"": ""ADR (Consequences)"", ""ndcg5"": 0.0, ""mrr5"": 0.0, ""hit3"": 0, ""hit1"": 0, ""first_relevant_rank"": null}, {""entry_id"": ""E028"", ""category"": ""ADR (Context)"", ""ndcg5"": 0.0, ""mrr5"": 0.0, ""hit3"": 0, ""hit1"": 0, ""first_relevant_rank"": null}, {""entry_id"": ""E029"", ""category"": ""ADR (Decision)"", ""ndcg5"": 0.38685280723454163, ""mrr5"": 0.2, ""hit3"": 0, ""hit1"": 0, ""first_relevant_rank"": 5}, {""entry_id"": ""E030"", ""category"": ""ADR (Consequences)"", ""ndcg5"": 0.0, ""mrr5"": 0.0, ""hit3"": 0, ""hit1"": 0, ""first_relevant_rank"": null}, {""entry_id"": ""E031"", ""category"": ""ADR (Context)"", ""ndcg5"": 0.38685280723454163, ""mrr5"": 0.2, ""hit3"": 0, ""hit1"": 0, ""first_relevant_rank"": 5}, {""entry_id"": ""E032"", ""category"": ""ADR (Decision)"", ""ndcg5"": 0.5, ""mrr5"": 0.3333333333333333, ""hit3"": 1, ""hit1"": 0, ""first_relevant_rank"": 3}, {""entry_id"": ""E033"", ""category"": ""ADR (Consequences)"", ""ndcg5"": 0.0, ""mrr5"": 0.0, ""hit3"": 0, ""hit1"": 0, ""first_relevant_rank"": null}, {""entry_id"": ""E034"", ""category"": ""ADR (Context)"", ""ndcg5"": 0.0, ""mrr5"": 0.0, ""hit3"": 0, ""hit1"": 0, ""first_relevant_rank"": null}, {""entry_id"": ""E035"", ""category"": ""ADR (Decision)"", ""ndcg5"": 0.0, ""mrr5"": 0.0, ""hit3"": 0, ""hit1"": 0, ""first_relevant_rank"": null}, {""entry_id"": ""E036"", ""category"": ""ADR (Consequences)"", ""ndcg5"": 0.0, ""mrr5"": 0.0, ""hit3"": 0, ""hit1"": 0, ""first_relevant_rank"": null}, {""entry_id"": ""E037"", ""category"": ""ADR (Context)"", ""ndcg5"": 0.5, ""mrr5"": 0.3333333333333333, ""hit3"": 1, ""hit1"": 0, ""first_relevant_rank"": 3}, {""entry_id"": ""E038"", ""category"": ""ADR (Decision)"", ""ndcg5"": 1.0, ""mrr5"": 1.0, ""hit3"": 1, ""hit1"": 1, ""first_relevant_rank"": 1}, {""entry_id"": ""E039"", ""category"": ""ADR (Consequences)"", ""ndcg5"": 0.6309297535714575, ""mrr5"": 0.5, ""hit3"": 1, ""hit1"": 0, ""first_relevant_rank"": 2}, {""entry_id"": ""E040"", ""category"": ""ADR (Context)"", ""ndcg5"": 0.0, ""mrr5"": 0.0, ""hit3"": 0, ""hit1"": 0, ""first_relevant_rank"": null}, {""entry_id"": ""E041"", ""category"": ""ADR (Decision)"", ""ndcg5"": 1.0, ""mrr5"": 1.0, ""hit3"": 1, ""hit1"": 1, ""first_relevant_rank"": 1}, {""entry_id"": ""E042"", ""category"": ""ADR (Consequences)"", ""ndcg5"": 0.5, ""mrr5"": 0.3333333333333333, ""hit3"": 1, ""hit1"": 0, ""first_relevant_rank"": 3}, {""entry_id"": ""E043"", ""category"": ""ADR (Context)"", ""ndcg5"": 0.0, ""mrr5"": 0.0, ""hit3"": 0, ""hit1"": 0, ""first_relevant_rank"": null}, {""entry_id"": ""E044"", ""category"": ""ADR (Decision)"", ""ndcg5"": 0.6309297535714575, ""mrr5"": 0.5, ""hit3"": 1, ""hit1"": 0, ""first_relevant_rank"": 2}, {""entry_id"": ""E045"", ""category"": ""ADR (Consequences)"", ""ndcg5"": 0.0, ""mrr5"": 0.0, ""hit3"": 0, ""hit1"": 0, ""first_relevant_rank"": null}, {""entry_id"": ""E046"", ""category"": ""ADR (Content)"", ""ndcg5"": 0.43067655807339306, ""mrr5"": 0.25, ""hit3"": 0, ""hit1"": 0, ""first_relevant_rank"": 4}, {""entry_id"": ""E047"", ""category"": ""ADR (Decision)"", ""ndcg5"": 0.43067655807339306, ""mrr5"": 0.25, ""hit3"": 0, ""hit1"": 0, ""first_relevant_rank"": 4}, {""entry_id"": ""E048"", ""category"": ""ADR (Consequences)"", ""ndcg5"": 1.0, ""mrr5"": 1.0, ""hit3"": 1, ""hit1"": 1, ""first_relevant_rank"": 1}, {""entry_id"": ""E049"", ""category"": ""ADR (Context)"", ""ndcg5"": 0.5, ""mrr5"": 0.3333333333333333, ""hit3"": 1, ""hit1"": 0, ""first_relevant_rank"": 3}, {""entry_id"": ""E050"", ""category"": ""ADR (Decision)"", ""ndcg5"": 0.43067655807339306, ""mrr5"": 0.25, ""hit3"": 0, ""hit1"": 0, ""first_relevant_rank"": 4}, {""entry_id"": ""E051"", ""category"": ""ADR (Consequences)"", ""ndcg5"": 1.0, ""mrr5"": 1.0, ""hit3"": 1, ""hit1"": 1, ""first_relevant_rank"": 1}, {""entry_id"": ""E052"", ""category"": ""ADR (Context)"", ""ndcg5"": 0.43067655807339306, ""mrr5"": 0.25, ""hit3"": 0, ""hit1"": 0, ""first_relevant_rank"": 4}, {""entry_id"": ""E053"", ""category"": ""ADR (Decision)"", ""ndcg5"": 1.0, ""mrr5"": 1.0, ""hit3"": 1, ""hit1"": 1, ""first_relevant_rank"": 1}, {""entry_id"": ""E054"", ""category"": ""ADR (Consequences)"", ""ndcg5"": 1.0, ""mrr5"": 1.0, ""hit3"": 1, ""hit1"": 1, ""first_relevant_rank"": 1}, {""entry_id"": ""E055"", ""category"": ""ADR (Context)"", ""ndcg5"": 0.5, ""mrr5"": 0.3333333333333333, ""hit3"": 1, ""hit1"": 0, ""first_relevant_rank"": 3}, {""entry_id"": ""E056"", ""category"": ""ADR (Decision)"", ""ndcg5"": 0.5, ""mrr5"": 0.3333333333333333, ""hit3"": 1, ""hit1"": 0, ""first_relevant_rank"": 3}, {""entry_id"": ""E057"", ""category"": ""ADR (Content)"", ""ndcg5"": 0.0, ""mrr5"": 0.0, ""hit3"": 0, ""hit1"": 0, ""first_relevant_rank"": null}, {""entry_id"": ""E058"", ""category"": ""ADR (Context)"", ""ndcg5"": 1.0, ""mrr5"": 1.0, ""hit3"": 1, ""hit1"": 1, ""first_relevant_rank"": 1}, {""entry_id"": ""E059"", ""category"": ""ADR (Decision)"", ""ndcg5"": 1.0, ""mrr5"": 1.0, ""hit3"": 1, ""hit1"": 1, ""first_relevant_rank"": 1}, {""entry_id"": ""E060"", ""category"": ""ADR (Consequences)"", ""ndcg5"": 0.0, ""mrr5"": 0.0, ""hit3"": 0, ""hit1"": 0, ""first_relevant_rank"": null}, {""entry_id"": ""E061"", ""category"": ""ADR (Context)"", ""ndcg5"": 1.0, ""mrr5"": 1.0, ""hit3"": 1, ""hit1"": 1, ""first_relevant_rank"": 1}, {""entry_id"": ""E062"", ""category"": ""ADR (Decision)"", ""ndcg5"": 0.5, ""mrr5"": 0.3333333333333333, ""hit3"": 1, ""hit1"": 0, ""first_relevant_rank"": 3}, {""entry_id"": ""E063"", ""category"": ""ADR (Consequences)"", ""ndcg5"": 1.0, ""mrr5"": 1.0, ""hit3"": 1, ""hit1"": 1, ""first_relevant_rank"": 1}, {""entry_id"": ""E064"", ""category"": ""ADR (Context)"", ""ndcg5"": 0.0, ""mrr5"": 0.0, ""hit3"": 0, ""hit1"": 0, ""first_relevant_rank"": null}, {""entry_id"": ""E065"", ""category"": ""ADR (Decision)"", ""ndcg5"": 0.0, ""mrr5"": 0.0, ""hit3"": 0, ""hit1"": 0, ""first_relevant_rank"": null}, {""entry_id"": ""E066"", ""category"": ""ADR (Consequences)"", ""ndcg5"": 0.0, ""mrr5"": 0.0, ""hit3"": 0, ""hit1"": 0, ""first_relevant_rank"": null}, {""entry_id"": ""E067"", ""category"": ""ADR (Context)"", ""ndcg5"": 0.6309297535714575, ""mrr5"": 0.5, ""hit3"": 1, ""hit1"": 0, ""first_relevant_rank"": 2}, {""entry_id"": ""E068"", ""category"": ""ADR (Decision)"", ""ndcg5"": 0.0, ""mrr5"": 0.0, ""hit3"": 0, ""hit1"": 0, ""first_relevant_rank"": null}, {""entry_id"": ""E069"", ""category"": ""ADR (Consequences)"", ""ndcg5"": 0.0, ""mrr5"": 0.0, ""hit3"": 0, ""hit1"": 0, ""first_relevant_rank"": null}, {""entry_id"": ""E070"", ""category"": ""ADR (Context)"", ""ndcg5"": 0.6309297535714575, ""mrr5"": 0.5, ""hit3"": 1, ""hit1"": 0, ""first_relevant_rank"": 2}, {""entry_id"": ""E071"", ""category"": ""ADR (Decision)"", ""ndcg5"": 0.0, ""mrr5"": 0.0, ""hit3"": 0, ""hit1"": 0, ""first_relevant_rank"": null}, {""entry_id"": ""E072"", ""category"": ""ADR (Consequences)"", ""ndcg5"": 0.0, ""mrr5"": 0.0, ""hit3"": 0, ""hit1"": 0, ""first_relevant_rank"": null}, {""entry_id"": ""E073"", ""category"": ""ADR (Context)"", ""ndcg5"": 0.0, ""mrr5"": 0.0, ""hit3"": 0, ""hit1"": 0, ""first_relevant_rank"": null}, {""entry_id"": ""E074"", ""category"": ""ADR (Decision)"", ""ndcg5"": 0.6309297535714575, ""mrr5"": 0.5, ""hit3"": 1, ""hit1"": 0, ""first_relevant_rank"": 2}, {""entry_id"": ""E075"", ""category"": ""ADR (Consequences)"", ""ndcg5"": 1.0, ""mrr5"": 1.0, ""hit3"": 1, ""hit1"": 1, ""first_relevant_rank"": 1}, {""entry_id"": ""E076"", ""category"": ""Non-file (hermes transcript)"", ""ndcg5"": 0.5, ""mrr5"": 0.3333333333333333, ""hit3"": 1, ""hit1"": 0, ""first_relevant_rank"": 3}, {""entry_id"": ""E077"", ""category"": ""Non-file (hermes transcript)"", ""ndcg5"": 1.0, ""mrr5"": 1.0, ""hit3"": 1, ""hit1"": 1, ""first_relevant_rank"": 1}, {""entry_id"": ""E078"", ""category"": ""Non-file (hermes transcript)"", ""ndcg5"": 1.0, ""mrr5"": 1.0, ""hit3"": 1, ""hit1"": 1, ""first_relevant_rank"": 1}, {""entry_id"": ""E079"", ""category"": ""Non-file (hermes transcript)"", ""ndcg5"": 1.0, ""mrr5"": 1.0, ""hit3"": 1, ""hit1"": 1, ""first_relevant_rank"": 1}, {""entry_id"": ""E080"", ""category"": ""Non-file (hermes transcript)"", ""ndcg5"": 0.0, ""mrr5"": 0.0, ""hit3"": 0, ""hit1"": 0, ""first_relevant_rank"": null}, {""entry_id"": ""E081"", ""category"": ""Non-file (hermes transcript)"", ""ndcg5"": 1.0, ""mrr5"": 1.0, ""hit3"": 1, ""hit1"": 1, ""first_relevant_rank"": 1}, {""entry_id"": ""E082"", ""category"": ""Non-file (hermes transcript)"", ""ndcg5"": 0.43067655807339306, ""mrr5"": 0.25, ""hit3"": 0, ""hit1"": 0, ""first_relevant_rank"": 4}, {""entry_id"": ""E083"", ""category"": ""Non-file (hermes transcript)"", ""ndcg5"": 1.0, ""mrr5"": 1.0, ""hit3"": 1, ""hit1"": 1, ""first_relevant_rank"": 1}, {""entry_id"": ""E084"", ""category"": ""Non-file (hermes transcript)"", ""ndcg5"": 0.0, ""mrr5"": 0.0, ""hit3"": 0, ""hit1"": 0, ""first_relevant_rank"": null}, {""entry_id"": ""E085"", ""category"": ""Non-file (hermes transcript)"", ""ndcg5"": 1.0, ""mrr5"": 1.0, ""hit3"": 1, ""hit1"": 1, ""first_relevant_rank"": 1}, {""entry_id"": ""E086"", ""category"": ""Non-file (hermes transcript)"", ""ndcg5"": 1.0, ""mrr5"": 1.0, ""hit3"": 1, ""hit1"": 1, ""first_relevant_rank"": 1}, {""entry_id"": ""E087"", ""category"": ""Non-file (hermes transcript)"", ""ndcg5"": 1.0, ""mrr5"": 1.0, ""hit3"": 1, ""hit1"": 1, ""first_relevant_rank"": 1}, {""entry_id"": ""E088"", ""category"": ""Non-file (hermes transcript)"", ""ndcg5"": 0.5, ""mrr5"": 0.3333333333333333, ""hit3"": 1, ""hit1"": 0, ""first_relevant_rank"": 3}, {""entry_id"": ""E089"", ""category"": ""Non-file (hermes transcript)"", ""ndcg5"": 0.6309297535714575, ""mrr5"": 0.5, ""hit3"": 1, ""hit1"": 0, ""first_relevant_rank"": 2}, {""entry_id"": ""E090"", ""category"": ""Non-file (shared tier)"", ""ndcg5"": 1.0, ""mrr5"": 1.0, ""hit3"": 1, ""hit1"": 1, ""first_relevant_rank"": 1}, {""entry_id"": ""E091"", ""category"": ""Non-file (shared tier)"", ""ndcg5"": 1.0, ""mrr5"": 1.0, ""hit3"": 1, ""hit1"": 1, ""first_relevant_rank"": 1}, {""entry_id"": ""E092"", ""category"": ""Non-file (shared tier)"", ""ndcg5"": 1.0, ""mrr5"": 1.0, ""hit3"": 1, ""hit1"": 1, ""first_relevant_rank"": 1}, {""entry_id"": ""E093"", ""category"": ""Non-file (shared tier)"", ""ndcg5"": 1.0, ""mrr5"": 1.0, ""hit3"": 1, ""hit1"": 1, ""first_relevant_rank"": 1}, {""entry_id"": ""E094"", ""category"": ""Non-file (shared tier)"", ""ndcg5"": 1.0, ""mrr5"": 1.0, ""hit3"": 1, ""hit1"": 1, ""first_relevant_rank"": 1}, {""entry_id"": ""E095"", ""category"": ""Non-file (shared tier)"", ""ndcg5"": 1.0, ""mrr5"": 1.0, ""hit3"": 1, ""hit1"": 1, ""first_relevant_rank"": 1}, {""entry_id"": ""E096"", ""category"": ""Non-file (shared tier)"", ""ndcg5"": 1.0, ""mrr5"": 1.0, ""hit3"": 1, ""hit1"": 1, ""first_relevant_rank"": 1}, {""entry_id"": ""E097"", ""category"": ""Non-file (shared tier)"", ""ndcg5"": 1.0, ""mrr5"": 1.0, ""hit3"": 1, ""hit1"": 1, ""first_relevant_rank"": 1}, {""entry_id"": ""E098"", ""category"": ""Non-file (shared tier)"", ""ndcg5"": 1.0, ""mrr5"": 1.0, ""hit3"": 1, ""hit1"": 1, ""first_relevant_rank"": 1}, {""entry_id"": ""E099"", ""category"": ""Non-file (shared tier)"", ""ndcg5"": 1.0, ""mrr5"": 1.0, ""hit3"": 1, ""hit1"": 1, ""first_relevant_rank"": 1}, {""entry_id"": ""E100"", ""category"": ""Non-file (shared tier)"", ""ndcg5"": 1.0, ""mrr5"": 1.0, ""hit3"": 1, ""hit1"": 1, ""first_relevant_rank"": 1}]","{""ADR (Context)"": ""CategoryMetrics(category='ADR (Context)', count=24, mean_ndcg5=0.31003091619156814, mean_mrr5=0.24791666666666667, hit3_rate=0.3333333333333333, hit1_rate=0.125)"", ""ADR (Decision)"": ""CategoryMetrics(category='ADR (Decision)', count=25, mean_ndcg5=0.5204026172209697, mean_mrr5=0.45466666666666666, hit3_rate=0.6, hit1_rate=0.32)"", ""ADR (Consequences)"": ""CategoryMetrics(category='ADR (Consequences)', count=24, mean_ndcg5=0.42468900271734616, mean_mrr5=0.3993055555555556, hit3_rate=0.4583333333333333, hit1_rate=0.3333333333333333)"", ""ADR (Content)"": ""CategoryMetrics(category='ADR (Content)', count=2, mean_ndcg5=0.21533827903669653, mean_mrr5=0.125, hit3_rate=0.0, hit1_rate=0.0)"", ""Non-file (hermes transcript)"": ""CategoryMetrics(category='Non-file (hermes transcript)', count=14, mean_ndcg5=0.7186861651174893, mean_mrr5=0.6726190476190476, hit3_rate=0.7857142857142857, hit1_rate=0.5714285714285714)"", ""Non-file (shared tier)"": ""CategoryMetrics(category='Non-file (shared tier)', count=11, mean_ndcg5=1.0, mean_mrr5=1.0, hit3_rate=1.0, hit1_rate=1.0)""}"
ftsWeight=0,ftsWeight,0,memory,100,0.42369096370924003,0.3918333333333333,0.46,0.32,"[{""entry_id"": ""E001"", ""category"": ""ADR (Context)"", ""ndcg5"": 0.0, ""mrr5"": 0.0, ""hit3"": 0, ""hit1"": 0, ""first_relevant_rank"": null}, {""entry_id"": ""E002"", ""category"": ""ADR (Decision)"", ""ndcg5"": 0.0, ""mrr5"": 0.0, ""hit3"": 0, ""hit1"": 0, ""first_relevant_rank"": null}, {""entry_id"": ""E003"", ""category"": ""ADR (Consequences)"", ""ndcg5"": 0.0, ""mrr5"": 0.0, ""hit3"": 0, ""hit1"": 0, ""first_relevant_rank"": null}, {""entry_id"": ""E004"", ""category"": ""ADR (Context)"", ""ndcg5"": 0.5, ""mrr5"": 0.3333333333333333, ""hit3"": 1, ""hit1"": 0, ""first_relevant_rank"": 3}, {""entry_id"": ""E005"", ""category"": ""ADR (Decision)"", ""ndcg5"": 0.38685280723454163, ""mrr5"": 0.2, ""hit3"": 0, ""hit1"": 0, ""first_relevant_rank"": 5}, {""entry_id"": ""E006"", ""category"": ""ADR (Consequences)"", ""ndcg5"": 0.0, ""mrr5"": 0.0, ""hit3"": 0, ""hit1"": 0, ""first_relevant_rank"": null}, {""entry_id"": ""E007"", ""category"": ""ADR (Context)"", ""ndcg5"": 1.0, ""mrr5"": 1.0, ""hit3"": 1, ""hit1"": 1, ""first_relevant_rank"": 1}, {""entry_id"": ""E008"", ""category"": ""ADR (Decision)"", ""ndcg5"": 0.0, ""mrr5"": 0.0, ""hit3"": 0, ""hit1"": 0, ""first_relevant_rank"": null}, {""entry_id"": ""E009"", ""category"": ""ADR (Consequences)"", ""ndcg5"": 0.43067655807339306, ""mrr5"": 0.25, ""hit3"": 0, ""hit1"": 0, ""first_relevant_rank"": 4}, {""entry_id"": ""E010"", ""category"": ""ADR (Context)"", ""ndcg5"": 1.0, ""mrr5"": 1.0, ""hit3"": 1, ""hit1"": 1, ""first_relevant_rank"": 1}, {""entry_id"": ""E011"", ""category"": ""ADR (Decision)"", ""ndcg5"": 0.5, ""mrr5"": 0.3333333333333333, ""hit3"": 1, ""hit1"": 0, ""first_relevant_rank"": 3}, {""entry_id"": ""E012"", ""category"": ""ADR (Consequences)"", ""ndcg5"": 1.0, ""mrr5"": 1.0, ""hit3"": 1, ""hit1"": 1, ""first_relevant_rank"": 1}, {""entry_id"": ""E013"", ""category"": ""ADR (Context)"", ""ndcg5"": 0.0, ""mrr5"": 0.0, ""hit3"": 0, ""hit1"": 0, ""first_relevant_rank"": null}, {""entry_id"": ""E014"", ""category"": ""ADR (Decision)"", ""ndcg5"": 1.0, ""mrr5"": 1.0, ""hit3"": 1, ""hit1"": 1, ""first_relevant_rank"": 1}, {""entry_id"": ""E015"", ""category"": ""ADR (Consequences)"", ""ndcg5"": 0.43067655807339306, ""mrr5"": 0.25, ""hit3"": 0, ""hit1"": 0, ""first_relevant_rank"": 4}, {""entry_id"": ""E016"", ""category"": ""ADR (Context)"", ""ndcg5"": 0.0, ""mrr5"": 0.0, ""hit3"": 0, ""hit1"": 0, ""first_relevant_rank"": null}, {""entry_id"": ""E017"", ""category"": ""ADR (Decision)"", ""ndcg5"": 0.0, ""mrr5"": 0.0, ""hit3"": 0, ""hit1"": 0, ""first_relevant_rank"": null}, {""entry_id"": ""E018"", ""category"": ""ADR (Consequences)"", ""ndcg5"": 0.0, ""mrr5"": 0.0, ""hit3"": 0, ""hit1"": 0, ""first_relevant_rank"": null}, {""entry_id"": ""E019"", ""category"": ""ADR (Context)"", ""ndcg5"": 0.0, ""mrr5"": 0.0, ""hit3"": 0, ""hit1"": 0, ""first_relevant_rank"": null}, {""entry_id"": ""E020"", ""category"": ""ADR (Decision)"", ""ndcg5"": 0.0, ""mrr5"": 0.0, ""hit3"": 0, ""hit1"": 0, ""first_relevant_rank"": null}, {""entry_id"": ""E021"", ""category"": ""ADR (Consequences)"", ""ndcg5"": 0.0, ""mrr5"": 0.0, ""hit3"": 0, ""hit1"": 0, ""first_relevant_rank"": null}, {""entry_id"": ""E022"", ""category"": ""ADR (Context)"", ""ndcg5"": 0.0, ""mrr5"": 0.0, ""hit3"": 0, ""hit1"": 0, ""first_relevant_rank"": null}, {""entry_id"": ""E023"", ""category"": ""ADR (Decision)"", ""ndcg5"": 0.5, ""mrr5"": 0.3333333333333333, ""hit3"": 1, ""hit1"": 0, ""first_relevant_rank"": 3}, {""entry_id"": ""E024"", ""category"": ""ADR (Consequences)"", ""ndcg5"": 0.0, ""mrr5"": 0.0, ""hit3"": 0, ""hit1"": 0, ""first_relevant_rank"": null}, {""entry_id"": ""E025"", ""category"": ""ADR (Context)"", ""ndcg5"": 1.0, ""mrr5"": 1.0, ""hit3"": 1, ""hit1"": 1, ""first_relevant_rank"": 1}, {""entry_id"": ""E026"", ""category"": ""ADR (Decision)"", ""ndcg5"": 0.6309297535714575, ""mrr5"": 0.5, ""hit3"": 1, ""hit1"": 0, ""first_relevant_rank"": 2}, {""entry_id"": ""E027"", ""category"": ""ADR (Consequences)"", ""ndcg5"": 0.0, ""mrr5"": 0.0, ""hit3"": 0, ""hit1"": 0, ""first_relevant_rank"": null}, {""entry_id"": ""E028"", ""category"": ""ADR (Context)"", ""ndcg5"": 1.0, ""mrr5"": 1.0, ""hit3"": 1, ""hit1"": 1, ""first_relevant_rank"": 1}, {""entry_id"": ""E029"", ""category"": ""ADR (Decision)"", ""ndcg5"": 0.0, ""mrr5"": 0.0, ""hit3"": 0, ""hit1"": 0, ""first_relevant_rank"": null}, {""entry_id"": ""E030"", ""category"": ""ADR (Consequences)"", ""ndcg5"": 0.0, ""mrr5"": 0.0, ""hit3"": 0, ""hit1"": 0, ""first_relevant_rank"": null}, {""entry_id"": ""E031"", ""category"": ""ADR (Context)"", ""ndcg5"": 1.0, ""mrr5"": 1.0, ""hit3"": 1, ""hit1"": 1, ""first_relevant_rank"": 1}, {""entry_id"": ""E032"", ""category"": ""ADR (Decision)"", ""ndcg5"": 0.0, ""mrr5"": 0.0, ""hit3"": 0, ""hit1"": 0, ""first_relevant_rank"": null}, {""entry_id"": ""E033"", ""category"": ""ADR (Consequences)"", ""ndcg5"": 0.0, ""mrr5"": 0.0, ""hit3"": 0, ""hit1"": 0, ""first_relevant_rank"": null}, {""entry_id"": ""E034"", ""category"": ""ADR (Context)"", ""ndcg5"": 0.0, ""mrr5"": 0.0, ""hit3"": 0, ""hit1"": 0, ""first_relevant_rank"": null}, {""entry_id"": ""E035"", ""category"": ""ADR (Decision)"", ""ndcg5"": 0.0, ""mrr5"": 0.0, ""hit3"": 0, ""hit1"": 0, ""first_relevant_rank"": null}, {""entry_id"": ""E036"", ""category"": ""ADR (Consequences)"", ""ndcg5"": 0.0, ""mrr5"": 0.0, ""hit3"": 0, ""hit1"": 0, ""first_relevant_rank"": null}, {""entry_id"": ""E037"", ""category"": ""ADR (Context)"", ""ndcg5"": 1.0, ""mrr5"": 1.0, ""hit3"": 1, ""hit1"": 1, ""first_relevant_rank"": 1}, {""entry_id"": ""E038"", ""category"": ""ADR (Decision)"", ""ndcg5"": 0.6309297535714575, ""mrr5"": 0.5, ""hit3"": 1, ""hit1"": 0, ""first_relevant_rank"": 2}, {""entry_id"": ""E039"", ""category"": ""ADR (Consequences)"", ""ndcg5"": 0.0, ""mrr5"": 0.0, ""hit3"": 0, ""hit1"": 0, ""first_relevant_rank"": null}, {""entry_id"": ""E040"", ""category"": ""ADR (Context)"", ""ndcg5"": 0.0, ""mrr5"": 0.0, ""hit3"": 0, ""hit1"": 0, ""first_relevant_rank"": null}, {""entry_id"": ""E041"", ""category"": ""ADR (Decision)"", ""ndcg5"": 0.0, ""mrr5"": 0.0, ""hit3"": 0, ""hit1"": 0, ""first_relevant_rank"": null}, {""entry_id"": ""E042"", ""category"": ""ADR (Consequences)"", ""ndcg5"": 0.0, ""mrr5"": 0.0, ""hit3"": 0, ""hit1"": 0, ""first_relevant_rank"": null}, {""entry_id"": ""E043"", ""category"": ""ADR (Context)"", ""ndcg5"": 1.0, ""mrr5"": 1.0, ""hit3"": 1, ""hit1"": 1, ""first_relevant_rank"": 1}, {""entry_id"": ""E044"", ""category"": ""ADR (Decision)"", ""ndcg5"": 0.5, ""mrr5"": 0.3333333333333333, ""hit3"": 1, ""hit1"": 0, ""first_relevant_rank"": 3}, {""entry_id"": ""E045"", ""category"": ""ADR (Consequences)"", ""ndcg5"": 0.0, ""mrr5"": 0.0, ""hit3"": 0, ""hit1"": 0, ""first_relevant_rank"": null}, {""entry_id"": ""E046"", ""category"": ""ADR (Content)"", ""ndcg5"": 1.0, ""mrr5"": 1.0, ""hit3"": 1, ""hit1"": 1, ""first_relevant_rank"": 1}, {""entry_id"": ""E047"", ""category"": ""ADR (Decision)"", ""ndcg5"": 0.0, ""mrr5"": 0.0, ""hit3"": 0, ""hit1"": 0, ""first_relevant_rank"": null}, {""entry_id"": ""E048"", ""category"": ""ADR (Consequences)"", ""ndcg5"": 0.43067655807339306, ""mrr5"": 0.25, ""hit3"": 0, ""hit1"": 0, ""first_relevant_rank"": 4}, {""entry_id"": ""E049"", ""category"": ""ADR (Context)"", ""ndcg5"": 1.0, ""mrr5"": 1.0, ""hit3"": 1, ""hit1"": 1, ""first_relevant_rank"": 1}, {""entry_id"": ""E050"", ""category"": ""ADR (Decision)"", ""ndcg5"": 0.0, ""mrr5"": 0.0, ""hit3"": 0, ""hit1"": 0, ""first_relevant_rank"": null}, {""entry_id"": ""E051"", ""category"": ""ADR (Consequences)"", ""ndcg5"": 0.0, ""mrr5"": 0.0, ""hit3"": 0, ""hit1"": 0, ""first_relevant_rank"": null}, {""entry_id"": ""E052"", ""category"": ""ADR (Context)"", ""ndcg5"": 1.0, ""mrr5"": 1.0, ""hit3"": 1, ""hit1"": 1, ""first_relevant_rank"": 1}, {""entry_id"": ""E053"", ""category"": ""ADR (Decision)"", ""ndcg5"": 0.6309297535714575, ""mrr5"": 0.5, ""hit3"": 1, ""hit1"": 0, ""first_relevant_rank"": 2}, {""entry_id"": ""E054"", ""category"": ""ADR (Consequences)"", ""ndcg5"": 0.0, ""mrr5"": 0.0, ""hit3"": 0, ""hit1"": 0, ""first_relevant_rank"": null}, {""entry_id"": ""E055"", ""category"": ""ADR (Context)"", ""ndcg5"": 1.0, ""mrr5"": 1.0, ""hit3"": 1, ""hit1"": 1, ""first_relevant_rank"": 1}, {""entry_id"": ""E056"", ""category"": ""ADR (Decision)"", ""ndcg5"": 0.0, ""mrr5"": 0.0, ""hit3"": 0, ""hit1"": 0, ""first_relevant_rank"": null}, {""entry_id"": ""E057"", ""category"": ""ADR (Content)"", ""ndcg5"": 0.0, ""mrr5"": 0.0, ""hit3"": 0, ""hit1"": 0, ""first_relevant_rank"": null}, {""entry_id"": ""E058"", ""category"": ""ADR (Context)"", ""ndcg5"": 1.0, ""mrr5"": 1.0, ""hit3"": 1, ""hit1"": 1, ""first_relevant_rank"": 1}, {""entry_id"": ""E059"", ""category"": ""ADR (Decision)"", ""ndcg5"": 0.38685280723454163, ""mrr5"": 0.2, ""hit3"": 0, ""hit1"": 0, ""first_relevant_rank"": 5}, {""entry_id"": ""E060"", ""category"": ""ADR (Consequences)"", ""ndcg5"": 0.0, ""mrr5"": 0.0, ""hit3"": 0, ""hit1"": 0, ""first_relevant_rank"": null}, {""entry_id"": ""E061"", ""category"": ""ADR (Context)"", ""ndcg5"": 1.0, ""mrr5"": 1.0, ""hit3"": 1, ""hit1"": 1, ""first_relevant_rank"": 1}, {""entry_id"": ""E062"", ""category"": ""ADR (Decision)"", ""ndcg5"": 0.0, ""mrr5"": 0.0, ""hit3"": 0, ""hit1"": 0, ""first_relevant_rank"": null}, {""entry_id"": ""E063"", ""category"": ""ADR (Consequences)"", ""ndcg5"": 0.0, ""mrr5"": 0.0, ""hit3"": 0, ""hit1"": 0, ""first_relevant_rank"": null}, {""entry_id"": ""E064"", ""category"": ""ADR (Context)"", ""ndcg5"": 1.0, ""mrr5"": 1.0, ""hit3"": 1, ""hit1"": 1, ""first_relevant_rank"": 1}, {""entry_id"": ""E065"", ""category"": ""ADR (Decision)"", ""ndcg5"": 0.0, ""mrr5"": 0.0, ""hit3"": 0, ""hit1"": 0, ""first_relevant_rank"": null}, {""entry_id"": ""E066"", ""category"": ""ADR (Consequences)"", ""ndcg5"": 0.0, ""mrr5"": 0.0, ""hit3"": 0, ""hit1"": 0, ""first_relevant_rank"": null}, {""entry_id"": ""E067"", ""category"": ""ADR (Context)"", ""ndcg5"": 0.5, ""mrr5"": 0.3333333333333333, ""hit3"": 1, ""hit1"": 0, ""first_relevant_rank"": 3}, {""entry_id"": ""E068"", ""category"": ""ADR (Decision)"", ""ndcg5"": 0.0, ""mrr5"": 0.0, ""hit3"": 0, ""hit1"": 0, ""first_relevant_rank"": null}, {""entry_id"": ""E069"", ""category"": ""ADR (Consequences)"", ""ndcg5"": 0.0, ""mrr5"": 0.0, ""hit3"": 0, ""hit1"": 0, ""first_relevant_rank"": null}, {""entry_id"": ""E070"", ""category"": ""ADR (Context)"", ""ndcg5"": 1.0, ""mrr5"": 1.0, ""hit3"": 1, ""hit1"": 1, ""first_relevant_rank"": 1}, {""entry_id"": ""E071"", ""category"": ""ADR (Decision)"", ""ndcg5"": 0.0, ""mrr5"": 0.0, ""hit3"": 0, ""hit1"": 0, ""first_relevant_rank"": null}, {""entry_id"": ""E072"", ""category"": ""ADR (Consequences)"", ""ndcg5"": 0.0, ""mrr5"": 0.0, ""hit3"": 0, ""hit1"": 0, ""first_relevant_rank"": null}, {""entry_id"": ""E073"", ""category"": ""ADR (Context)"", ""ndcg5"": 1.0, ""mrr5"": 1.0, ""hit3"": 1, ""hit1"": 1, ""first_relevant_rank"": 1}, {""entry_id"": ""E074"", ""category"": ""ADR (Decision)"", ""ndcg5"": 0.38685280723454163, ""mrr5"": 0.2, ""hit3"": 0, ""hit1"": 0, ""first_relevant_rank"": 5}, {""entry_id"": ""E075"", ""category"": ""ADR (Consequences)"", ""ndcg5"": 0.0, ""mrr5"": 0.0, ""hit3"": 0, ""hit1"": 0, ""first_relevant_rank"": null}, {""entry_id"": ""E076"", ""category"": ""Non-file (hermes transcript)"", ""ndcg5"": 1.0, ""mrr5"": 1.0, ""hit3"": 1, ""hit1"": 1, ""first_relevant_rank"": 1}, {""entry_id"": ""E077"", ""category"": ""Non-file (hermes transcript)"", ""ndcg5"": 1.0, ""mrr5"": 1.0, ""hit3"": 1, ""hit1"": 1, ""first_relevant_rank"": 1}, {""entry_id"": ""E078"", ""category"": ""Non-file (hermes transcript)"", ""ndcg5"": 1.0, ""mrr5"": 1.0, ""hit3"": 1, ""hit1"": 1, ""first_relevant_rank"": 1}, {""entry_id"": ""E079"", ""category"": ""Non-file (hermes transcript)"", ""ndcg5"": 0.6309297535714575, ""mrr5"": 0.5, ""hit3"": 1, ""hit1"": 0, ""first_relevant_rank"": 2}, {""entry_id"": ""E080"", ""category"": ""Non-file (hermes transcript)"", ""ndcg5"": 0.0, ""mrr5"": 0.0, ""hit3"": 0, ""hit1"": 0, ""first_relevant_rank"": null}, {""entry_id"": ""E081"", ""category"": ""Non-file (hermes transcript)"", ""ndcg5"": 1.0, ""mrr5"": 1.0, ""hit3"": 1, ""hit1"": 1, ""first_relevant_rank"": 1}, {""entry_id"": ""E082"", ""category"": ""Non-file (hermes transcript)"", ""ndcg5"": 0.0, ""mrr5"": 0.0, ""hit3"": 0, ""hit1"": 0, ""first_relevant_rank"": null}, {""entry_id"": ""E083"", ""category"": ""Non-file (hermes transcript)"", ""ndcg5"": 0.0, ""mrr5"": 0.0, ""hit3"": 0, ""hit1"": 0, ""first_relevant_rank"": null}, {""entry_id"": ""E084"", ""category"": ""Non-file (hermes transcript)"", ""ndcg5"": 0.0, ""mrr5"": 0.0, ""hit3"": 0, ""hit1"": 0, ""first_relevant_rank"": null}, {""entry_id"": ""E085"", ""category"": ""Non-file (hermes transcript)"", ""ndcg5"": 1.0, ""mrr5"": 1.0, ""hit3"": 1, ""hit1"": 1, ""first_relevant_rank"": 1}, {""entry_id"": ""E086"", ""category"": ""Non-file (hermes transcript)"", ""ndcg5"": 1.0, ""mrr5"": 1.0, ""hit3"": 1, ""hit1"": 1, ""first_relevant_rank"": 1}, {""entry_id"": ""E087"", ""category"": ""Non-file (hermes transcript)"", ""ndcg5"": 0.0, ""mrr5"": 0.0, ""hit3"": 0, ""hit1"": 0, ""first_relevant_rank"": null}, {""entry_id"": ""E088"", ""category"": ""Non-file (hermes transcript)"", ""ndcg5"": 1.0, ""mrr5"": 1.0, ""hit3"": 1, ""hit1"": 1, ""first_relevant_rank"": 1}, {""entry_id"": ""E089"", ""category"": ""Non-file (hermes transcript)"", ""ndcg5"": 0.5, ""mrr5"": 0.3333333333333333, ""hit3"": 1, ""hit1"": 0, ""first_relevant_rank"": 3}, {""entry_id"": ""E090"", ""category"": ""Non-file (shared tier)"", ""ndcg5"": 1.0, ""mrr5"": 1.0, ""hit3"": 1, ""hit1"": 1, ""first_relevant_rank"": 1}, {""entry_id"": ""E091"", ""category"": ""Non-file (shared tier)"", ""ndcg5"": 1.0, ""mrr5"": 1.0, ""hit3"": 1, ""hit1"": 1, ""first_relevant_rank"": 1}, {""entry_id"": ""E092"", ""category"": ""Non-file (shared tier)"", ""ndcg5"": 1.0, ""mrr5"": 1.0, ""hit3"": 1, ""hit1"": 1, ""first_relevant_rank"": 1}, {""entry_id"": ""E093"", ""category"": ""Non-file (shared tier)"", ""ndcg5"": 0.5, ""mrr5"": 0.3333333333333333, ""hit3"": 1, ""hit1"": 0, ""first_relevant_rank"": 3}, {""entry_id"": ""E094"", ""category"": ""Non-file (shared tier)"", ""ndcg5"": 0.6309297535714575, ""mrr5"": 0.5, ""hit3"": 1, ""hit1"": 0, ""first_relevant_rank"": 2}, {""entry_id"": ""E095"", ""category"": ""Non-file (shared tier)"", ""ndcg5"": 1.0, ""mrr5"": 1.0, ""hit3"": 1, ""hit1"": 1, ""first_relevant_rank"": 1}, {""entry_id"": ""E096"", ""category"": ""Non-file (shared tier)"", ""ndcg5"": 0.6309297535714575, ""mrr5"": 0.5, ""hit3"": 1, ""hit1"": 0, ""first_relevant_rank"": 2}, {""entry_id"": ""E097"", ""category"": ""Non-file (shared tier)"", ""ndcg5"": 1.0, ""mrr5"": 1.0, ""hit3"": 1, ""hit1"": 1, ""first_relevant_rank"": 1}, {""entry_id"": ""E098"", ""category"": ""Non-file (shared tier)"", ""ndcg5"": 0.6309297535714575, ""mrr5"": 0.5, ""hit3"": 1, ""hit1"": 0, ""first_relevant_rank"": 2}, {""entry_id"": ""E099"", ""category"": ""Non-file (shared tier)"", ""ndcg5"": 1.0, ""mrr5"": 1.0, ""hit3"": 1, ""hit1"": 1, ""first_relevant_rank"": 1}, {""entry_id"": ""E100"", ""category"": ""Non-file (shared tier)"", ""ndcg5"": 1.0, ""mrr5"": 1.0, ""hit3"": 1, ""hit1"": 1, ""first_relevant_rank"": 1}]","{""ADR (Context)"": ""CategoryMetrics(category='ADR (Context)', count=24, mean_ndcg5=0.6666666666666666, mean_mrr5=0.6527777777777778, hit3_rate=0.7083333333333334, hit1_rate=0.625)"", ""ADR (Decision)"": ""CategoryMetrics(category='ADR (Decision)', count=25, mean_ndcg5=0.2221339072967199, mean_mrr5=0.16399999999999998, hit3_rate=0.28, hit1_rate=0.04)"", ""ADR (Consequences)"": ""CategoryMetrics(category='ADR (Consequences)', count=24, mean_ndcg5=0.0955012364258408, mean_mrr5=0.07291666666666667, hit3_rate=0.041666666666666664, hit1_rate=0.041666666666666664)"", ""ADR (Content)"": ""CategoryMetrics(category='ADR (Content)', count=2, mean_ndcg5=0.5, mean_mrr5=0.5, hit3_rate=0.5, hit1_rate=0.5)"", ""Non-file (hermes transcript)"": ""CategoryMetrics(category='Non-file (hermes transcript)', count=14, mean_ndcg5=0.5807806966836756, mean_mrr5=0.5595238095238095, hit3_rate=0.6428571428571429, hit1_rate=0.5)"", ""Non-file (shared tier)"": ""CategoryMetrics(category='Non-file (shared tier)', count=11, mean_ndcg5=0.8538899327922157, mean_mrr5=0.8030303030303031, hit3_rate=1.0, hit1_rate=0.6363636363636364)""}"
ftsWeight=1,ftsWeight,1,memory,100,0.6105391530585856,0.5676666666666667,0.65,0.47,"[{""entry_id"": ""E001"", ""category"": ""ADR (Context)"", ""ndcg5"": 1.0, ""mrr5"": 1.0, ""hit3"": 1, ""hit1"": 1, ""first_relevant_rank"": 1}, {""entry_id"": ""E002"", ""category"": ""ADR (Decision)"", ""ndcg5"": 1.0, ""mrr5"": 1.0, ""hit3"": 1, ""hit1"": 1, ""first_relevant_rank"": 1}, {""entry_id"": ""E003"", ""category"": ""ADR (Consequences)"", ""ndcg5"": 0.0, ""mrr5"": 0.0, ""hit3"": 0, ""hit1"": 0, ""first_relevant_rank"": null}, {""entry_id"": ""E004"", ""category"": ""ADR (Context)"", ""ndcg5"": 0.38685280723454163, ""mrr5"": 0.2, ""hit3"": 0, ""hit1"": 0, ""first_relevant_rank"": 5}, {""entry_id"": ""E005"", ""category"": ""ADR (Decision)"", ""ndcg5"": 0.38685280723454163, ""mrr5"": 0.2, ""hit3"": 0, ""hit1"": 0, ""first_relevant_rank"": 5}, {""entry_id"": ""E006"", ""category"": ""ADR (Consequences)"", ""ndcg5"": 1.0, ""mrr5"": 1.0, ""hit3"": 1, ""hit1"": 1, ""first_relevant_rank"": 1}, {""entry_id"": ""E007"", ""category"": ""ADR (Context)"", ""ndcg5"": 0.5, ""mrr5"": 0.3333333333333333, ""hit3"": 1, ""hit1"": 0, ""first_relevant_rank"": 3}, {""entry_id"": ""E008"", ""category"": ""ADR (Decision)"", ""ndcg5"": 0.0, ""mrr5"": 0.0, ""hit3"": 0, ""hit1"": 0, ""first_relevant_rank"": null}, {""entry_id"": ""E009"", ""category"": ""ADR (Consequences)"", ""ndcg5"": 0.6309297535714575, ""mrr5"": 0.5, ""hit3"": 1, ""hit1"": 0, ""first_relevant_rank"": 2}, {""entry_id"": ""E010"", ""category"": ""ADR (Context)"", ""ndcg5"": 0.6309297535714575, ""mrr5"": 0.5, ""hit3"": 1, ""hit1"": 0, ""first_relevant_rank"": 2}, {""entry_id"": ""E011"", ""category"": ""ADR (Decision)"", ""ndcg5"": 0.5, ""mrr5"": 0.3333333333333333, ""hit3"": 1, ""hit1"": 0, ""first_relevant_rank"": 3}, {""entry_id"": ""E012"", ""category"": ""ADR (Consequences)"", ""ndcg5"": 1.0, ""mrr5"": 1.0, ""hit3"": 1, ""hit1"": 1, ""first_relevant_rank"": 1}, {""entry_id"": ""E013"", ""category"": ""ADR (Context)"", ""ndcg5"": 0.43067655807339306, ""mrr5"": 0.25, ""hit3"": 0, ""hit1"": 0, ""first_relevant_rank"": 4}, {""entry_id"": ""E014"", ""category"": ""ADR (Decision)"", ""ndcg5"": 1.0, ""mrr5"": 1.0, ""hit3"": 1, ""hit1"": 1, ""first_relevant_rank"": 1}, {""entry_id"": ""E015"", ""category"": ""ADR (Consequences)"", ""ndcg5"": 1.0, ""mrr5"": 1.0, ""hit3"": 1, ""hit1"": 1, ""first_relevant_rank"": 1}, {""entry_id"": ""E016"", ""category"": ""ADR (Context)"", ""ndcg5"": 0.43067655807339306, ""mrr5"": 0.25, ""hit3"": 0, ""hit1"": 0, ""first_relevant_rank"": 4}, {""entry_id"": ""E017"", ""category"": ""ADR (Decision)"", ""ndcg5"": 0.0, ""mrr5"": 0.0, ""hit3"": 0, ""hit1"": 0, ""first_relevant_rank"": null}, {""entry_id"": ""E018"", ""category"": ""ADR (Consequences)"", ""ndcg5"": 0.6309297535714575, ""mrr5"": 0.5, ""hit3"": 1, ""hit1"": 0, ""first_relevant_rank"": 2}, {""entry_id"": ""E019"", ""category"": ""ADR (Context)"", ""ndcg5"": 0.6309297535714575, ""mrr5"": 0.5, ""hit3"": 1, ""hit1"": 0, ""first_relevant_rank"": 2}, {""entry_id"": ""E020"", ""category"": ""ADR (Decision)"", ""ndcg5"": 0.0, ""mrr5"": 0.0, ""hit3"": 0, ""hit1"": 0, ""first_relevant_rank"": null}, {""entry_id"": ""E021"", ""category"": ""ADR (Consequences)"", ""ndcg5"": 0.0, ""mrr5"": 0.0, ""hit3"": 0, ""hit1"": 0, ""first_relevant_rank"": null}, {""entry_id"": ""E022"", ""category"": ""ADR (Context)"", ""ndcg5"": 0.0, ""mrr5"": 0.0, ""hit3"": 0, ""hit1"": 0, ""first_relevant_rank"": null}, {""entry_id"": ""E023"", ""category"": ""ADR (Decision)"", ""ndcg5"": 1.0, ""mrr5"": 1.0, ""hit3"": 1, ""hit1"": 1, ""first_relevant_rank"": 1}, {""entry_id"": ""E024"", ""category"": ""ADR (Consequences)"", ""ndcg5"": 0.0, ""mrr5"": 0.0, ""hit3"": 0, ""hit1"": 0, ""first_relevant_rank"": null}, {""entry_id"": ""E025"", ""category"": ""ADR (Context)"", ""ndcg5"": 0.43067655807339306, ""mrr5"": 0.25, ""hit3"": 0, ""hit1"": 0, ""first_relevant_rank"": 4}, {""entry_id"": ""E026"", ""category"": ""ADR (Decision)"", ""ndcg5"": 1.0, ""mrr5"": 1.0, ""hit3"": 1, ""hit1"": 1, ""first_relevant_rank"": 1}, {""entry_id"": ""E027"", ""category"": ""ADR (Consequences)"", ""ndcg5"": 0.0, ""mrr5"": 0.0, ""hit3"": 0, ""hit1"": 0, ""first_relevant_rank"": null}, {""entry_id"": ""E028"", ""category"": ""ADR (Context)"", ""ndcg5"": 1.0, ""mrr5"": 1.0, ""hit3"": 1, ""hit1"": 1, ""first_relevant_rank"": 1}, {""entry_id"": ""E029"", ""category"": ""ADR (Decision)"", ""ndcg5"": 0.0, ""mrr5"": 0.0, ""hit3"": 0, ""hit1"": 0, ""first_relevant_rank"": null}, {""entry_id"": ""E030"", ""category"": ""ADR (Consequences)"", ""ndcg5"": 0.0, ""mrr5"": 0.0, ""hit3"": 0, ""hit1"": 0, ""first_relevant_rank"": null}, {""entry_id"": ""E031"", ""category"": ""ADR (Context)"", ""ndcg5"": 0.6309297535714575, ""mrr5"": 0.5, ""hit3"": 1, ""hit1"": 0, ""first_relevant_rank"": 2}, {""entry_id"": ""E032"", ""category"": ""ADR (Decision)"", ""ndcg5"": 0.38685280723454163, ""mrr5"": 0.2, ""hit3"": 0, ""hit1"": 0, ""first_relevant_rank"": 5}, {""entry_id"": ""E033"", ""category"": ""ADR (Consequences)"", ""ndcg5"": 0.0, ""mrr5"": 0.0, ""hit3"": 0, ""hit1"": 0, ""first_relevant_rank"": null}, {""entry_id"": ""E034"", ""category"": ""ADR (Context)"", ""ndcg5"": 0.0, ""mrr5"": 0.0, ""hit3"": 0, ""hit1"": 0, ""first_relevant_rank"": null}, {""entry_id"": ""E035"", ""category"": ""ADR (Decision)"", ""ndcg5"": 0.0, ""mrr5"": 0.0, ""hit3"": 0, ""hit1"": 0, ""first_relevant_rank"": null}, {""entry_id"": ""E036"", ""category"": ""ADR (Consequences)"", ""ndcg5"": 0.0, ""mrr5"": 0.0, ""hit3"": 0, ""hit1"": 0, ""first_relevant_rank"": null}, {""entry_id"": ""E037"", ""category"": ""ADR (Context)"", ""ndcg5"": 0.6309297535714575, ""mrr5"": 0.5, ""hit3"": 1, ""hit1"": 0, ""first_relevant_rank"": 2}, {""entry_id"": ""E038"", ""category"": ""ADR (Decision)"", ""ndcg5"": 1.0, ""mrr5"": 1.0, ""hit3"": 1, ""hit1"": 1, ""first_relevant_rank"": 1}, {""entry_id"": ""E039"", ""category"": ""ADR (Consequences)"", ""ndcg5"": 0.6309297535714575, ""mrr5"": 0.5, ""hit3"": 1, ""hit1"": 0, ""first_relevant_rank"": 2}, {""entry_id"": ""E040"", ""category"": ""ADR (Context)"", ""ndcg5"": 0.43067655807339306, ""mrr5"": 0.25, ""hit3"": 0, ""hit1"": 0, ""first_relevant_rank"": 4}, {""entry_id"": ""E041"", ""category"": ""ADR (Decision)"", ""ndcg5"": 1.0, ""mrr5"": 1.0, ""hit3"": 1, ""hit1"": 1, ""first_relevant_rank"": 1}, {""entry_id"": ""E042"", ""category"": ""ADR (Consequences)"", ""ndcg5"": 1.0, ""mrr5"": 1.0, ""hit3"": 1, ""hit1"": 1, ""first_relevant_rank"": 1}, {""entry_id"": ""E043"", ""category"": ""ADR (Context)"", ""ndcg5"": 0.0, ""mrr5"": 0.0, ""hit3"": 0, ""hit1"": 0, ""first_relevant_rank"": null}, {""entry_id"": ""E044"", ""category"": ""ADR (Decision)"", ""ndcg5"": 0.6309297535714575, ""mrr5"": 0.5, ""hit3"": 1, ""hit1"": 0, ""first_relevant_rank"": 2}, {""entry_id"": ""E045"", ""category"": ""ADR (Consequences)"", ""ndcg5"": 0.0, ""mrr5"": 0.0, ""hit3"": 0, ""hit1"": 0, ""first_relevant_rank"": null}, {""entry_id"": ""E046"", ""category"": ""ADR (Content)"", ""ndcg5"": 1.0, ""mrr5"": 1.0, ""hit3"": 1, ""hit1"": 1, ""first_relevant_rank"": 1}, {""entry_id"": ""E047"", ""category"": ""ADR (Decision)"", ""ndcg5"": 1.0, ""mrr5"": 1.0, ""hit3"": 1, ""hit1"": 1, ""first_relevant_rank"": 1}, {""entry_id"": ""E048"", ""category"": ""ADR (Consequences)"", ""ndcg5"": 1.0, ""mrr5"": 1.0, ""hit3"": 1, ""hit1"": 1, ""first_relevant_rank"": 1}, {""entry_id"": ""E049"", ""category"": ""ADR (Context)"", ""ndcg5"": 1.0, ""mrr5"": 1.0, ""hit3"": 1, ""hit1"": 1, ""first_relevant_rank"": 1}, {""entry_id"": ""E050"", ""category"": ""ADR (Decision)"", ""ndcg5"": 0.5, ""mrr5"": 0.3333333333333333, ""hit3"": 1, ""hit1"": 0, ""first_relevant_rank"": 3}, {""entry_id"": ""E051"", ""category"": ""ADR (Consequences)"", ""ndcg5"": 1.0, ""mrr5"": 1.0, ""hit3"": 1, ""hit1"": 1, ""first_relevant_rank"": 1}, {""entry_id"": ""E052"", ""category"": ""ADR (Context)"", ""ndcg5"": 1.0, ""mrr5"": 1.0, ""hit3"": 1, ""hit1"": 1, ""first_relevant_rank"": 1}, {""entry_id"": ""E053"", ""category"": ""ADR (Decision)"", ""ndcg5"": 1.0, ""mrr5"": 1.0, ""hit3"": 1, ""hit1"": 1, ""first_relevant_rank"": 1}, {""entry_id"": ""E054"", ""category"": ""ADR (Consequences)"", ""ndcg5"": 1.0, ""mrr5"": 1.0, ""hit3"": 1, ""hit1"": 1, ""first_relevant_rank"": 1}, {""entry_id"": ""E055"", ""category"": ""ADR (Context)"", ""ndcg5"": 1.0, ""mrr5"": 1.0, ""hit3"": 1, ""hit1"": 1, ""first_relevant_rank"": 1}, {""entry_id"": ""E056"", ""category"": ""ADR (Decision)"", ""ndcg5"": 0.5, ""mrr5"": 0.3333333333333333, ""hit3"": 1, ""hit1"": 0, ""first_relevant_rank"": 3}, {""entry_id"": ""E057"", ""category"": ""ADR (Content)"", ""ndcg5"": 0.0, ""mrr5"": 0.0, ""hit3"": 0, ""hit1"": 0, ""first_relevant_rank"": null}, {""entry_id"": ""E058"", ""category"": ""ADR (Context)"", ""ndcg5"": 1.0, ""mrr5"": 1.0, ""hit3"": 1, ""hit1"": 1, ""first_relevant_rank"": 1}, {""entry_id"": ""E059"", ""category"": ""ADR (Decision)"", ""ndcg5"": 0.5, ""mrr5"": 0.3333333333333333, ""hit3"": 1, ""hit1"": 0, ""first_relevant_rank"": 3}, {""entry_id"": ""E060"", ""category"": ""ADR (Consequences)"", ""ndcg5"": 0.43067655807339306, ""mrr5"": 0.25, ""hit3"": 0, ""hit1"": 0, ""first_relevant_rank"": 4}, {""entry_id"": ""E061"", ""category"": ""ADR (Context)"", ""ndcg5"": 1.0, ""mrr5"": 1.0, ""hit3"": 1, ""hit1"": 1, ""first_relevant_rank"": 1}, {""entry_id"": ""E062"", ""category"": ""ADR (Decision)"", ""ndcg5"": 0.0, ""mrr5"": 0.0, ""hit3"": 0, ""hit1"": 0, ""first_relevant_rank"": null}, {""entry_id"": ""E063"", ""category"": ""ADR (Consequences)"", ""ndcg5"": 0.0, ""mrr5"": 0.0, ""hit3"": 0, ""hit1"": 0, ""first_relevant_rank"": null}, {""entry_id"": ""E064"", ""category"": ""ADR (Context)"", ""ndcg5"": 0.5, ""mrr5"": 0.3333333333333333, ""hit3"": 1, ""hit1"": 0, ""first_relevant_rank"": 3}, {""entry_id"": ""E065"", ""category"": ""ADR (Decision)"", ""ndcg5"": 0.0, ""mrr5"": 0.0, ""hit3"": 0, ""hit1"": 0, ""first_relevant_rank"": null}, {""entry_id"": ""E066"", ""category"": ""ADR (Consequences)"", ""ndcg5"": 0.0, ""mrr5"": 0.0, ""hit3"": 0, ""hit1"": 0, ""first_relevant_rank"": null}, {""entry_id"": ""E067"", ""category"": ""ADR (Context)"", ""ndcg5"": 1.0, ""mrr5"": 1.0, ""hit3"": 1, ""hit1"": 1, ""first_relevant_rank"": 1}, {""entry_id"": ""E068"", ""category"": ""ADR (Decision)"", ""ndcg5"": 0.5, ""mrr5"": 0.3333333333333333, ""hit3"": 1, ""hit1"": 0, ""first_relevant_rank"": 3}, {""entry_id"": ""E069"", ""category"": ""ADR (Consequences)"", ""ndcg5"": 0.0, ""mrr5"": 0.0, ""hit3"": 0, ""hit1"": 0, ""first_relevant_rank"": null}, {""entry_id"": ""E070"", ""category"": ""ADR (Context)"", ""ndcg5"": 1.0, ""mrr5"": 1.0, ""hit3"": 1, ""hit1"": 1, ""first_relevant_rank"": 1}, {""entry_id"": ""E071"", ""category"": ""ADR (Decision)"", ""ndcg5"": 0.0, ""mrr5"": 0.0, ""hit3"": 0, ""hit1"": 0, ""first_relevant_rank"": null}, {""entry_id"": ""E072"", ""category"": ""ADR (Consequences)"", ""ndcg5"": 0.0, ""mrr5"": 0.0, ""hit3"": 0, ""hit1"": 0, ""first_relevant_rank"": null}, {""entry_id"": ""E073"", ""category"": ""ADR (Context)"", ""ndcg5"": 0.5, ""mrr5"": 0.3333333333333333, ""hit3"": 1, ""hit1"": 0, ""first_relevant_rank"": 3}, {""entry_id"": ""E074"", ""category"": ""ADR (Decision)"", ""ndcg5"": 0.6309297535714575, ""mrr5"": 0.5, ""hit3"": 1, ""hit1"": 0, ""first_relevant_rank"": 2}, {""entry_id"": ""E075"", ""category"": ""ADR (Consequences)"", ""ndcg5"": 1.0, ""mrr5"": 1.0, ""hit3"": 1, ""hit1"": 1, ""first_relevant_rank"": 1}, {""entry_id"": ""E076"", ""category"": ""Non-file (hermes transcript)"", ""ndcg5"": 1.0, ""mrr5"": 1.0, ""hit3"": 1, ""hit1"": 1, ""first_relevant_rank"": 1}, {""entry_id"": ""E077"", ""category"": ""Non-file (hermes transcript)"", ""ndcg5"": 1.0, ""mrr5"": 1.0, ""hit3"": 1, ""hit1"": 1, ""first_relevant_rank"": 1}, {""entry_id"": ""E078"", ""category"": ""Non-file (hermes transcript)"", ""ndcg5"": 1.0, ""mrr5"": 1.0, ""hit3"": 1, ""hit1"": 1, ""first_relevant_rank"": 1}, {""entry_id"": ""E079"", ""category"": ""Non-file (hermes transcript)"", ""ndcg5"": 1.0, ""mrr5"": 1.0, ""hit3"": 1, ""hit1"": 1, ""first_relevant_rank"": 1}, {""entry_id"": ""E080"", ""category"": ""Non-file (hermes transcript)"", ""ndcg5"": 0.0, ""mrr5"": 0.0, ""hit3"": 0, ""hit1"": 0, ""first_relevant_rank"": null}, {""entry_id"": ""E081"", ""category"": ""Non-file (hermes transcript)"", ""ndcg5"": 1.0, ""mrr5"": 1.0, ""hit3"": 1, ""hit1"": 1, ""first_relevant_rank"": 1}, {""entry_id"": ""E082"", ""category"": ""Non-file (hermes transcript)"", ""ndcg5"": 0.43067655807339306, ""mrr5"": 0.25, ""hit3"": 0, ""hit1"": 0, ""first_relevant_rank"": 4}, {""entry_id"": ""E083"", ""category"": ""Non-file (hermes transcript)"", ""ndcg5"": 1.0, ""mrr5"": 1.0, ""hit3"": 1, ""hit1"": 1, ""first_relevant_rank"": 1}, {""entry_id"": ""E084"", ""category"": ""Non-file (hermes transcript)"", ""ndcg5"": 0.0, ""mrr5"": 0.0, ""hit3"": 0, ""hit1"": 0, ""first_relevant_rank"": null}, {""entry_id"": ""E085"", ""category"": ""Non-file (hermes transcript)"", ""ndcg5"": 1.0, ""mrr5"": 1.0, ""hit3"": 1, ""hit1"": 1, ""first_relevant_rank"": 1}, {""entry_id"": ""E086"", ""category"": ""Non-file (hermes transcript)"", ""ndcg5"": 1.0, ""mrr5"": 1.0, ""hit3"": 1, ""hit1"": 1, ""first_relevant_rank"": 1}, {""entry_id"": ""E087"", ""category"": ""Non-file (hermes transcript)"", ""ndcg5"": 1.0, ""mrr5"": 1.0, ""hit3"": 1, ""hit1"": 1, ""first_relevant_rank"": 1}, {""entry_id"": ""E088"", ""category"": ""Non-file (hermes transcript)"", ""ndcg5"": 1.0, ""mrr5"": 1.0, ""hit3"": 1, ""hit1"": 1, ""first_relevant_rank"": 1}, {""entry_id"": ""E089"", ""category"": ""Non-file (hermes transcript)"", ""ndcg5"": 0.6309297535714575, ""mrr5"": 0.5, ""hit3"": 1, ""hit1"": 0, ""first_relevant_rank"": 2}, {""entry_id"": ""E090"", ""category"": ""Non-file (shared tier)"", ""ndcg5"": 1.0, ""mrr5"": 1.0, ""hit3"": 1, ""hit1"": 1, ""first_relevant_rank"": 1}, {""entry_id"": ""E091"", ""category"": ""Non-file (shared tier)"", ""ndcg5"": 1.0, ""mrr5"": 1.0, ""hit3"": 1, ""hit1"": 1, ""first_relevant_rank"": 1}, {""entry_id"": ""E092"", ""category"": ""Non-file (shared tier)"", ""ndcg5"": 1.0, ""mrr5"": 1.0, ""hit3"": 1, ""hit1"": 1, ""first_relevant_rank"": 1}, {""entry_id"": ""E093"", ""category"": ""Non-file (shared tier)"", ""ndcg5"": 1.0, ""mrr5"": 1.0, ""hit3"": 1, ""hit1"": 1, ""first_relevant_rank"": 1}, {""entry_id"": ""E094"", ""category"": ""Non-file (shared tier)"", ""ndcg5"": 1.0, ""mrr5"": 1.0, ""hit3"": 1, ""hit1"": 1, ""first_relevant_rank"": 1}, {""entry_id"": ""E095"", ""category"": ""Non-file (shared tier)"", ""ndcg5"": 1.0, ""mrr5"": 1.0, ""hit3"": 1, ""hit1"": 1, ""first_relevant_rank"": 1}, {""entry_id"": ""E096"", ""category"": ""Non-file (shared tier)"", ""ndcg5"": 1.0, ""mrr5"": 1.0, ""hit3"": 1, ""hit1"": 1, ""first_relevant_rank"": 1}, {""entry_id"": ""E097"", ""category"": ""Non-file (shared tier)"", ""ndcg5"": 1.0, ""mrr5"": 1.0, ""hit3"": 1, ""hit1"": 1, ""first_relevant_rank"": 1}, {""entry_id"": ""E098"", ""category"": ""Non-file (shared tier)"", ""ndcg5"": 1.0, ""mrr5"": 1.0, ""hit3"": 1, ""hit1"": 1, ""first_relevant_rank"": 1}, {""entry_id"": ""E099"", ""category"": ""Non-file (shared tier)"", ""ndcg5"": 1.0, ""mrr5"": 1.0, ""hit3"": 1, ""hit1"": 1, ""first_relevant_rank"": 1}, {""entry_id"": ""E100"", ""category"": ""Non-file (shared tier)"", ""ndcg5"": 1.0, ""mrr5"": 1.0, ""hit3"": 1, ""hit1"": 1, ""first_relevant_rank"": 1}]","{""ADR (Context)"": ""CategoryMetrics(category='ADR (Context)', count=24, mean_ndcg5=0.6305532522422477, mean_mrr5=0.5499999999999999, hit3_rate=0.6666666666666666, hit1_rate=0.375)"", ""ADR (Decision)"": ""CategoryMetrics(category='ADR (Decision)', count=25, mean_ndcg5=0.50142260486448, mean_mrr5=0.44266666666666665, hit3_rate=0.6, hit1_rate=0.32)"", ""ADR (Consequences)"": ""CategoryMetrics(category='ADR (Consequences)', count=24, mean_ndcg5=0.43014440911615687, mean_mrr5=0.40625, hit3_rate=0.4583333333333333, hit1_rate=0.3333333333333333)"", ""ADR (Content)"": ""CategoryMetrics(category='ADR (Content)', count=2, mean_ndcg5=0.5, mean_mrr5=0.5, hit3_rate=0.5, hit1_rate=0.5)"", ""Non-file (hermes transcript)"": ""CategoryMetrics(category='Non-file (hermes transcript)', count=14, mean_ndcg5=0.7901147365460607, mean_mrr5=0.7678571428571429, hit3_rate=0.7857142857142857, hit1_rate=0.7142857142857143)"", ""Non-file (shared tier)"": ""CategoryMetrics(category='Non-file (shared tier)', count=11, mean_ndcg5=1.0, mean_mrr5=1.0, hit3_rate=1.0, hit1_rate=1.0)""}"
ftsWeight=2,ftsWeight,2,memory,100,0.6192892200576694,0.5723333333333334,0.68,0.46,"[{""entry_id"": ""E001"", ""category"": ""ADR (Context)"", ""ndcg5"": 1.0, ""mrr5"": 1.0, ""hit3"": 1, ""hit1"": 1, ""first_relevant_rank"": 1}, {""entry_id"": ""E002"", ""category"": ""ADR (Decision)"", ""ndcg5"": 0.6309297535714575, ""mrr5"": 0.5, ""hit3"": 1, ""hit1"": 0, ""first_relevant_rank"": 2}, {""entry_id"": ""E003"", ""category"": ""ADR (Consequences)"", ""ndcg5"": 0.0, ""mrr5"": 0.0, ""hit3"": 0, ""hit1"": 0, ""first_relevant_rank"": null}, {""entry_id"": ""E004"", ""category"": ""ADR (Context)"", ""ndcg5"": 0.38685280723454163, ""mrr5"": 0.2, ""hit3"": 0, ""hit1"": 0, ""first_relevant_rank"": 5}, {""entry_id"": ""E005"", ""category"": ""ADR (Decision)"", ""ndcg5"": 0.43067655807339306, ""mrr5"": 0.25, ""hit3"": 0, ""hit1"": 0, ""first_relevant_rank"": 4}, {""entry_id"": ""E006"", ""category"": ""ADR (Consequences)"", ""ndcg5"": 1.0, ""mrr5"": 1.0, ""hit3"": 1, ""hit1"": 1, ""first_relevant_rank"": 1}, {""entry_id"": ""E007"", ""category"": ""ADR (Context)"", ""ndcg5"": 0.43067655807339306, ""mrr5"": 0.25, ""hit3"": 0, ""hit1"": 0, ""first_relevant_rank"": 4}, {""entry_id"": ""E008"", ""category"": ""ADR (Decision)"", ""ndcg5"": 0.0, ""mrr5"": 0.0, ""hit3"": 0, ""hit1"": 0, ""first_relevant_rank"": null}, {""entry_id"": ""E009"", ""category"": ""ADR (Consequences)"", ""ndcg5"": 0.6309297535714575, ""mrr5"": 0.5, ""hit3"": 1, ""hit1"": 0, ""first_relevant_rank"": 2}, {""entry_id"": ""E010"", ""category"": ""ADR (Context)"", ""ndcg5"": 0.6309297535714575, ""mrr5"": 0.5, ""hit3"": 1, ""hit1"": 0, ""first_relevant_rank"": 2}, {""entry_id"": ""E011"", ""category"": ""ADR (Decision)"", ""ndcg5"": 0.5, ""mrr5"": 0.3333333333333333, ""hit3"": 1, ""hit1"": 0, ""first_relevant_rank"": 3}, {""entry_id"": ""E012"", ""category"": ""ADR (Consequences)"", ""ndcg5"": 1.0, ""mrr5"": 1.0, ""hit3"": 1, ""hit1"": 1, ""first_relevant_rank"": 1}, {""entry_id"": ""E013"", ""category"": ""ADR (Context)"", ""ndcg5"": 0.43067655807339306, ""mrr5"": 0.25, ""hit3"": 0, ""hit1"": 0, ""first_relevant_rank"": 4}, {""entry_id"": ""E014"", ""category"": ""ADR (Decision)"", ""ndcg5"": 1.0, ""mrr5"": 1.0, ""hit3"": 1, ""hit1"": 1, ""first_relevant_rank"": 1}, {""entry_id"": ""E015"", ""category"": ""ADR (Consequences)"", ""ndcg5"": 1.0, ""mrr5"": 1.0, ""hit3"": 1, ""hit1"": 1, ""first_relevant_rank"": 1}, {""entry_id"": ""E016"", ""category"": ""ADR (Context)"", ""ndcg5"": 0.43067655807339306, ""mrr5"": 0.25, ""hit3"": 0, ""hit1"": 0, ""first_relevant_rank"": 4}, {""entry_id"": ""E017"", ""category"": ""ADR (Decision)"", ""ndcg5"": 0.0, ""mrr5"": 0.0, ""hit3"": 0, ""hit1"": 0, ""first_relevant_rank"": null}, {""entry_id"": ""E018"", ""category"": ""ADR (Consequences)"", ""ndcg5"": 1.0, ""mrr5"": 1.0, ""hit3"": 1, ""hit1"": 1, ""first_relevant_rank"": 1}, {""entry_id"": ""E019"", ""category"": ""ADR (Context)"", ""ndcg5"": 0.43067655807339306, ""mrr5"": 0.25, ""hit3"": 0, ""hit1"": 0, ""first_relevant_rank"": 4}, {""entry_id"": ""E020"", ""category"": ""ADR (Decision)"", ""ndcg5"": 0.0, ""mrr5"": 0.0, ""hit3"": 0, ""hit1"": 0, ""first_relevant_rank"": null}, {""entry_id"": ""E021"", ""category"": ""ADR (Consequences)"", ""ndcg5"": 0.0, ""mrr5"": 0.0, ""hit3"": 0, ""hit1"": 0, ""first_relevant_rank"": null}, {""entry_id"": ""E022"", ""category"": ""ADR (Context)"", ""ndcg5"": 0.5, ""mrr5"": 0.3333333333333333, ""hit3"": 1, ""hit1"": 0, ""first_relevant_rank"": 3}, {""entry_id"": ""E023"", ""category"": ""ADR (Decision)"", ""ndcg5"": 0.6309297535714575, ""mrr5"": 0.5, ""hit3"": 1, ""hit1"": 0, ""first_relevant_rank"": 2}, {""entry_id"": ""E024"", ""category"": ""ADR (Consequences)"", ""ndcg5"": 0.0, ""mrr5"": 0.0, ""hit3"": 0, ""hit1"": 0, ""first_relevant_rank"": null}, {""entry_id"": ""E025"", ""category"": ""ADR (Context)"", ""ndcg5"": 0.38685280723454163, ""mrr5"": 0.2, ""hit3"": 0, ""hit1"": 0, ""first_relevant_rank"": 5}, {""entry_id"": ""E026"", ""category"": ""ADR (Decision)"", ""ndcg5"": 1.0, ""mrr5"": 1.0, ""hit3"": 1, ""hit1"": 1, ""first_relevant_rank"": 1}, {""entry_id"": ""E027"", ""category"": ""ADR (Consequences)"", ""ndcg5"": 0.0, ""mrr5"": 0.0, ""hit3"": 0, ""hit1"": 0, ""first_relevant_rank"": null}, {""entry_id"": ""E028"", ""category"": ""ADR (Context)"", ""ndcg5"": 1.0, ""mrr5"": 1.0, ""hit3"": 1, ""hit1"": 1, ""first_relevant_rank"": 1}, {""entry_id"": ""E029"", ""category"": ""ADR (Decision)"", ""ndcg5"": 0.43067655807339306, ""mrr5"": 0.25, ""hit3"": 0, ""hit1"": 0, ""first_relevant_rank"": 4}, {""entry_id"": ""E030"", ""category"": ""ADR (Consequences)"", ""ndcg5"": 0.0, ""mrr5"": 0.0, ""hit3"": 0, ""hit1"": 0, ""first_relevant_rank"": null}, {""entry_id"": ""E031"", ""category"": ""ADR (Context)"", ""ndcg5"": 0.6309297535714575, ""mrr5"": 0.5, ""hit3"": 1, ""hit1"": 0, ""first_relevant_rank"": 2}, {""entry_id"": ""E032"", ""category"": ""ADR (Decision)"", ""ndcg5"": 0.5, ""mrr5"": 0.3333333333333333, ""hit3"": 1, ""hit1"": 0, ""first_relevant_rank"": 3}, {""entry_id"": ""E033"", ""category"": ""ADR (Consequences)"", ""ndcg5"": 0.0, ""mrr5"": 0.0, ""hit3"": 0, ""hit1"": 0, ""first_relevant_rank"": null}, {""entry_id"": ""E034"", ""category"": ""ADR (Context)"", ""ndcg5"": 0.0, ""mrr5"": 0.0, ""hit3"": 0, ""hit1"": 0, ""first_relevant_rank"": null}, {""entry_id"": ""E035"", ""category"": ""ADR (Decision)"", ""ndcg5"": 0.0, ""mrr5"": 0.0, ""hit3"": 0, ""hit1"": 0, ""first_relevant_rank"": null}, {""entry_id"": ""E036"", ""category"": ""ADR (Consequences)"", ""ndcg5"": 0.0, ""mrr5"": 0.0, ""hit3"": 0, ""hit1"": 0, ""first_relevant_rank"": null}, {""entry_id"": ""E037"", ""category"": ""ADR (Context)"", ""ndcg5"": 0.6309297535714575, ""mrr5"": 0.5, ""hit3"": 1, ""hit1"": 0, ""first_relevant_rank"": 2}, {""entry_id"": ""E038"", ""category"": ""ADR (Decision)"", ""ndcg5"": 1.0, ""mrr5"": 1.0, ""hit3"": 1, ""hit1"": 1, ""first_relevant_rank"": 1}, {""entry_id"": ""E039"", ""category"": ""ADR (Consequences)"", ""ndcg5"": 0.6309297535714575, ""mrr5"": 0.5, ""hit3"": 1, ""hit1"": 0, ""first_relevant_rank"": 2}, {""entry_id"": ""E040"", ""category"": ""ADR (Context)"", ""ndcg5"": 1.0, ""mrr5"": 1.0, ""hit3"": 1, ""hit1"": 1, ""first_relevant_rank"": 1}, {""entry_id"": ""E041"", ""category"": ""ADR (Decision)"", ""ndcg5"": 0.6309297535714575, ""mrr5"": 0.5, ""hit3"": 1, ""hit1"": 0, ""first_relevant_rank"": 2}, {""entry_id"": ""E042"", ""category"": ""ADR (Consequences)"", ""ndcg5"": 1.0, ""mrr5"": 1.0, ""hit3"": 1, ""hit1"": 1, ""first_relevant_rank"": 1}, {""entry_id"": ""E043"", ""category"": ""ADR (Context)"", ""ndcg5"": 0.0, ""mrr5"": 0.0, ""hit3"": 0, ""hit1"": 0, ""first_relevant_rank"": null}, {""entry_id"": ""E044"", ""category"": ""ADR (Decision)"", ""ndcg5"": 0.6309297535714575, ""mrr5"": 0.5, ""hit3"": 1, ""hit1"": 0, ""first_relevant_rank"": 2}, {""entry_id"": ""E045"", ""category"": ""ADR (Consequences)"", ""ndcg5"": 0.0, ""mrr5"": 0.0, ""hit3"": 0, ""hit1"": 0, ""first_relevant_rank"": null}, {""entry_id"": ""E046"", ""category"": ""ADR (Content)"", ""ndcg5"": 1.0, ""mrr5"": 1.0, ""hit3"": 1, ""hit1"": 1, ""first_relevant_rank"": 1}, {""entry_id"": ""E047"", ""category"": ""ADR (Decision)"", ""ndcg5"": 1.0, ""mrr5"": 1.0, ""hit3"": 1, ""hit1"": 1, ""first_relevant_rank"": 1}, {""entry_id"": ""E048"", ""category"": ""ADR (Consequences)"", ""ndcg5"": 1.0, ""mrr5"": 1.0, ""hit3"": 1, ""hit1"": 1, ""first_relevant_rank"": 1}, {""entry_id"": ""E049"", ""category"": ""ADR (Context)"", ""ndcg5"": 1.0, ""mrr5"": 1.0, ""hit3"": 1, ""hit1"": 1, ""first_relevant_rank"": 1}, {""entry_id"": ""E050"", ""category"": ""ADR (Decision)"", ""ndcg5"": 1.0, ""mrr5"": 1.0, ""hit3"": 1, ""hit1"": 1, ""first_relevant_rank"": 1}, {""entry_id"": ""E051"", ""category"": ""ADR (Consequences)"", ""ndcg5"": 1.0, ""mrr5"": 1.0, ""hit3"": 1, ""hit1"": 1, ""first_relevant_rank"": 1}, {""entry_id"": ""E052"", ""category"": ""ADR (Context)"", ""ndcg5"": 1.0, ""mrr5"": 1.0, ""hit3"": 1, ""hit1"": 1, ""first_relevant_rank"": 1}, {""entry_id"": ""E053"", ""category"": ""ADR (Decision)"", ""ndcg5"": 1.0, ""mrr5"": 1.0, ""hit3"": 1, ""hit1"": 1, ""first_relevant_rank"": 1}, {""entry_id"": ""E054"", ""category"": ""ADR (Consequences)"", ""ndcg5"": 1.0, ""mrr5"": 1.0, ""hit3"": 1, ""hit1"": 1, ""first_relevant_rank"": 1}, {""entry_id"": ""E055"", ""category"": ""ADR (Context)"", ""ndcg5"": 1.0, ""mrr5"": 1.0, ""hit3"": 1, ""hit1"": 1, ""first_relevant_rank"": 1}, {""entry_id"": ""E056"", ""category"": ""ADR (Decision)"", ""ndcg5"": 0.5, ""mrr5"": 0.3333333333333333, ""hit3"": 1, ""hit1"": 0, ""first_relevant_rank"": 3}, {""entry_id"": ""E057"", ""category"": ""ADR (Content)"", ""ndcg5"": 0.0, ""mrr5"": 0.0, ""hit3"": 0, ""hit1"": 0, ""first_relevant_rank"": null}, {""entry_id"": ""E058"", ""category"": ""ADR (Context)"", ""ndcg5"": 0.5, ""mrr5"": 0.3333333333333333, ""hit3"": 1, ""hit1"": 0, ""first_relevant_rank"": 3}, {""entry_id"": ""E059"", ""category"": ""ADR (Decision)"", ""ndcg5"": 0.5, ""mrr5"": 0.3333333333333333, ""hit3"": 1, ""hit1"": 0, ""first_relevant_rank"": 3}, {""entry_id"": ""E060"", ""category"": ""ADR (Consequences)"", ""ndcg5"": 0.5, ""mrr5"": 0.3333333333333333, ""hit3"": 1, ""hit1"": 0, ""first_relevant_rank"": 3}, {""entry_id"": ""E061"", ""category"": ""ADR (Context)"", ""ndcg5"": 0.5, ""mrr5"": 0.3333333333333333, ""hit3"": 1, ""hit1"": 0, ""first_relevant_rank"": 3}, {""entry_id"": ""E062"", ""category"": ""ADR (Decision)"", ""ndcg5"": 0.0, ""mrr5"": 0.0, ""hit3"": 0, ""hit1"": 0, ""first_relevant_rank"": null}, {""entry_id"": ""E063"", ""category"": ""ADR (Consequences)"", ""ndcg5"": 0.0, ""mrr5"": 0.0, ""hit3"": 0, ""hit1"": 0, ""first_relevant_rank"": null}, {""entry_id"": ""E064"", ""category"": ""ADR (Context)"", ""ndcg5"": 0.5, ""mrr5"": 0.3333333333333333, ""hit3"": 1, ""hit1"": 0, ""first_relevant_rank"": 3}, {""entry_id"": ""E065"", ""category"": ""ADR (Decision)"", ""ndcg5"": 0.0, ""mrr5"": 0.0, ""hit3"": 0, ""hit1"": 0, ""first_relevant_rank"": null}, {""entry_id"": ""E066"", ""category"": ""ADR (Consequences)"", ""ndcg5"": 0.0, ""mrr5"": 0.0, ""hit3"": 0, ""hit1"": 0, ""first_relevant_rank"": null}, {""entry_id"": ""E067"", ""category"": ""ADR (Context)"", ""ndcg5"": 1.0, ""mrr5"": 1.0, ""hit3"": 1, ""hit1"": 1, ""first_relevant_rank"": 1}, {""entry_id"": ""E068"", ""category"": ""ADR (Decision)"", ""ndcg5"": 0.6309297535714575, ""mrr5"": 0.5, ""hit3"": 1, ""hit1"": 0, ""first_relevant_rank"": 2}, {""entry_id"": ""E069"", ""category"": ""ADR (Consequences)"", ""ndcg5"": 0.0, ""mrr5"": 0.0, ""hit3"": 0, ""hit1"": 0, ""first_relevant_rank"": null}, {""entry_id"": ""E070"", ""category"": ""ADR (Context)"", ""ndcg5"": 1.0, ""mrr5"": 1.0, ""hit3"": 1, ""hit1"": 1, ""first_relevant_rank"": 1}, {""entry_id"": ""E071"", ""category"": ""ADR (Decision)"", ""ndcg5"": 0.0, ""mrr5"": 0.0, ""hit3"": 0, ""hit1"": 0, ""first_relevant_rank"": null}, {""entry_id"": ""E072"", ""category"": ""ADR (Consequences)"", ""ndcg5"": 0.0, ""mrr5"": 0.0, ""hit3"": 0, ""hit1"": 0, ""first_relevant_rank"": null}, {""entry_id"": ""E073"", ""category"": ""ADR (Context)"", ""ndcg5"": 0.5, ""mrr5"": 0.3333333333333333, ""hit3"": 1, ""hit1"": 0, ""first_relevant_rank"": 3}, {""entry_id"": ""E074"", ""category"": ""ADR (Decision)"", ""ndcg5"": 0.6309297535714575, ""mrr5"": 0.5, ""hit3"": 1, ""hit1"": 0, ""first_relevant_rank"": 2}, {""entry_id"": ""E075"", ""category"": ""ADR (Consequences)"", ""ndcg5"": 1.0, ""mrr5"": 1.0, ""hit3"": 1, ""hit1"": 1, ""first_relevant_rank"": 1}, {""entry_id"": ""E076"", ""category"": ""Non-file (hermes transcript)"", ""ndcg5"": 1.0, ""mrr5"": 1.0, ""hit3"": 1, ""hit1"": 1, ""first_relevant_rank"": 1}, {""entry_id"": ""E077"", ""category"": ""Non-file (hermes transcript)"", ""ndcg5"": 1.0, ""mrr5"": 1.0, ""hit3"": 1, ""hit1"": 1, ""first_relevant_rank"": 1}, {""entry_id"": ""E078"", ""category"": ""Non-file (hermes transcript)"", ""ndcg5"": 1.0, ""mrr5"": 1.0, ""hit3"": 1, ""hit1"": 1, ""first_relevant_rank"": 1}, {""entry_id"": ""E079"", ""category"": ""Non-file (hermes transcript)"", ""ndcg5"": 1.0, ""mrr5"": 1.0, ""hit3"": 1, ""hit1"": 1, ""first_relevant_rank"": 1}, {""entry_id"": ""E080"", ""category"": ""Non-file (hermes transcript)"", ""ndcg5"": 0.0, ""mrr5"": 0.0, ""hit3"": 0, ""hit1"": 0, ""first_relevant_rank"": null}, {""entry_id"": ""E081"", ""category"": ""Non-file (hermes transcript)"", ""ndcg5"": 1.0, ""mrr5"": 1.0, ""hit3"": 1, ""hit1"": 1, ""first_relevant_rank"": 1}, {""entry_id"": ""E082"", ""category"": ""Non-file (hermes transcript)"", ""ndcg5"": 0.6309297535714575, ""mrr5"": 0.5, ""hit3"": 1, ""hit1"": 0, ""first_relevant_rank"": 2}, {""entry_id"": ""E083"", ""category"": ""Non-file (hermes transcript)"", ""ndcg5"": 1.0, ""mrr5"": 1.0, ""hit3"": 1, ""hit1"": 1, ""first_relevant_rank"": 1}, {""entry_id"": ""E084"", ""category"": ""Non-file (hermes transcript)"", ""ndcg5"": 0.0, ""mrr5"": 0.0, ""hit3"": 0, ""hit1"": 0, ""first_relevant_rank"": null}, {""entry_id"": ""E085"", ""category"": ""Non-file (hermes transcript)"", ""ndcg5"": 1.0, ""mrr5"": 1.0, ""hit3"": 1, ""hit1"": 1, ""first_relevant_rank"": 1}, {""entry_id"": ""E086"", ""category"": ""Non-file (hermes transcript)"", ""ndcg5"": 1.0, ""mrr5"": 1.0, ""hit3"": 1, ""hit1"": 1, ""first_relevant_rank"": 1}, {""entry_id"": ""E087"", ""category"": ""Non-file (hermes transcript)"", ""ndcg5"": 1.0, ""mrr5"": 1.0, ""hit3"": 1, ""hit1"": 1, ""first_relevant_rank"": 1}, {""entry_id"": ""E088"", ""category"": ""Non-file (hermes transcript)"", ""ndcg5"": 1.0, ""mrr5"": 1.0, ""hit3"": 1, ""hit1"": 1, ""first_relevant_rank"": 1}, {""entry_id"": ""E089"", ""category"": ""Non-file (hermes transcript)"", ""ndcg5"": 1.0, ""mrr5"": 1.0, ""hit3"": 1, ""hit1"": 1, ""first_relevant_rank"": 1}, {""entry_id"": ""E090"", ""category"": ""Non-file (shared tier)"", ""ndcg5"": 1.0, ""mrr5"": 1.0, ""hit3"": 1, ""hit1"": 1, ""first_relevant_rank"": 1}, {""entry_id"": ""E091"", ""category"": ""Non-file (shared tier)"", ""ndcg5"": 1.0, ""mrr5"": 1.0, ""hit3"": 1, ""hit1"": 1, ""first_relevant_rank"": 1}, {""entry_id"": ""E092"", ""category"": ""Non-file (shared tier)"", ""ndcg5"": 1.0, ""mrr5"": 1.0, ""hit3"": 1, ""hit1"": 1, ""first_relevant_rank"": 1}, {""entry_id"": ""E093"", ""category"": ""Non-file (shared tier)"", ""ndcg5"": 1.0, ""mrr5"": 1.0, ""hit3"": 1, ""hit1"": 1, ""first_relevant_rank"": 1}, {""entry_id"": ""E094"", ""category"": ""Non-file (shared tier)"", ""ndcg5"": 1.0, ""mrr5"": 1.0, ""hit3"": 1, ""hit1"": 1, ""first_relevant_rank"": 1}, {""entry_id"": ""E095"", ""category"": ""Non-file (shared tier)"", ""ndcg5"": 1.0, ""mrr5"": 1.0, ""hit3"": 1, ""hit1"": 1, ""first_relevant_rank"": 1}, {""entry_id"": ""E096"", ""category"": ""Non-file (shared tier)"", ""ndcg5"": 1.0, ""mrr5"": 1.0, ""hit3"": 1, ""hit1"": 1, ""first_relevant_rank"": 1}, {""entry_id"": ""E097"", ""category"": ""Non-file (shared tier)"", ""ndcg5"": 1.0, ""mrr5"": 1.0, ""hit3"": 1, ""hit1"": 1, ""first_relevant_rank"": 1}, {""entry_id"": ""E098"", ""category"": ""Non-file (shared tier)"", ""ndcg5"": 1.0, ""mrr5"": 1.0, ""hit3"": 1, ""hit1"": 1, ""first_relevant_rank"": 1}, {""entry_id"": ""E099"", ""category"": ""Non-file (shared tier)"", ""ndcg5"": 1.0, ""mrr5"": 1.0, ""hit3"": 1, ""hit1"": 1, ""first_relevant_rank"": 1}, {""entry_id"": ""E100"", ""category"": ""Non-file (shared tier)"", ""ndcg5"": 1.0, ""mrr5"": 1.0, ""hit3"": 1, ""hit1"": 1, ""first_relevant_rank"": 1}]","{""ADR (Context)"": ""CategoryMetrics(category='ADR (Context)', count=24, mean_ndcg5=0.6203833794782095, mean_mrr5=0.5236111111111111, hit3_rate=0.6666666666666666, hit1_rate=0.3333333333333333)"", ""ADR (Decision)"": ""CategoryMetrics(category='ADR (Decision)', count=25, mean_ndcg5=0.5058772655030213, mean_mrr5=0.43333333333333335, hit3_rate=0.64, hit1_rate=0.24)"", ""ADR (Consequences)"": ""CategoryMetrics(category='ADR (Consequences)', count=24, mean_ndcg5=0.44841081279762146, mean_mrr5=0.4305555555555556, hit3_rate=0.5, hit1_rate=0.375)"", ""ADR (Content)"": ""CategoryMetrics(category='ADR (Content)', count=2, mean_ndcg5=0.5, mean_mrr5=0.5, hit3_rate=0.5, hit1_rate=0.5)"", ""Non-file (hermes transcript)"": ""CategoryMetrics(category='Non-file (hermes transcript)', count=14, mean_ndcg5=0.8307806966836756, mean_mrr5=0.8214285714285714, hit3_rate=0.8571428571428571, hit1_rate=0.7857142857142857)"", ""Non-file (shared tier)"": ""CategoryMetrics(category='Non-file (shared tier)', count=11, mean_ndcg5=1.0, mean_mrr5=1.0, hit3_rate=1.0, hit1_rate=1.0)""}"
ftsWeight=3,ftsWeight,3,memory,100,0.6021501522650728,0.5501666666666667,0.64,0.44,"[{""entry_id"": ""E001"", ""category"": ""ADR (Context)"", ""ndcg5"": 1.0, ""mrr5"": 1.0, ""hit3"": 1, ""hit1"": 1, ""first_relevant_rank"": 1}, {""entry_id"": ""E002"", ""category"": ""ADR (Decision)"", ""ndcg5"": 0.43067655807339306, ""mrr5"": 0.25, ""hit3"": 0, ""hit1"": 0, ""first_relevant_rank"": 4}, {""entry_id"": ""E003"", ""category"": ""ADR (Consequences)"", ""ndcg5"": 0.0, ""mrr5"": 0.0, ""hit3"": 0, ""hit1"": 0, ""first_relevant_rank"": null}, {""entry_id"": ""E004"", ""category"": ""ADR (Context)"", ""ndcg5"": 0.38685280723454163, ""mrr5"": 0.2, ""hit3"": 0, ""hit1"": 0, ""first_relevant_rank"": 5}, {""entry_id"": ""E005"", ""category"": ""ADR (Decision)"", ""ndcg5"": 0.43067655807339306, ""mrr5"": 0.25, ""hit3"": 0, ""hit1"": 0, ""first_relevant_rank"": 4}, {""entry_id"": ""E006"", ""category"": ""ADR (Consequences)"", ""ndcg5"": 1.0, ""mrr5"": 1.0, ""hit3"": 1, ""hit1"": 1, ""first_relevant_rank"": 1}, {""entry_id"": ""E007"", ""category"": ""ADR (Context)"", ""ndcg5"": 0.43067655807339306, ""mrr5"": 0.25, ""hit3"": 0, ""hit1"": 0, ""first_relevant_rank"": 4}, {""entry_id"": ""E008"", ""category"": ""ADR (Decision)"", ""ndcg5"": 0.0, ""mrr5"": 0.0, ""hit3"": 0, ""hit1"": 0, ""first_relevant_rank"": null}, {""entry_id"": ""E009"", ""category"": ""ADR (Consequences)"", ""ndcg5"": 0.6309297535714575, ""mrr5"": 0.5, ""hit3"": 1, ""hit1"": 0, ""first_relevant_rank"": 2}, {""entry_id"": ""E010"", ""category"": ""ADR (Context)"", ""ndcg5"": 0.6309297535714575, ""mrr5"": 0.5, ""hit3"": 1, ""hit1"": 0, ""first_relevant_rank"": 2}, {""entry_id"": ""E011"", ""category"": ""ADR (Decision)"", ""ndcg5"": 0.5, ""mrr5"": 0.3333333333333333, ""hit3"": 1, ""hit1"": 0, ""first_relevant_rank"": 3}, {""entry_id"": ""E012"", ""category"": ""ADR (Consequences)"", ""ndcg5"": 1.0, ""mrr5"": 1.0, ""hit3"": 1, ""hit1"": 1, ""first_relevant_rank"": 1}, {""entry_id"": ""E013"", ""category"": ""ADR (Context)"", ""ndcg5"": 0.43067655807339306, ""mrr5"": 0.25, ""hit3"": 0, ""hit1"": 0, ""first_relevant_rank"": 4}, {""entry_id"": ""E014"", ""category"": ""ADR (Decision)"", ""ndcg5"": 1.0, ""mrr5"": 1.0, ""hit3"": 1, ""hit1"": 1, ""first_relevant_rank"": 1}, {""entry_id"": ""E015"", ""category"": ""ADR (Consequences)"", ""ndcg5"": 1.0, ""mrr5"": 1.0, ""hit3"": 1, ""hit1"": 1, ""first_relevant_rank"": 1}, {""entry_id"": ""E016"", ""category"": ""ADR (Context)"", ""ndcg5"": 0.43067655807339306, ""mrr5"": 0.25, ""hit3"": 0, ""hit1"": 0, ""first_relevant_rank"": 4}, {""entry_id"": ""E017"", ""category"": ""ADR (Decision)"", ""ndcg5"": 0.0, ""mrr5"": 0.0, ""hit3"": 0, ""hit1"": 0, ""first_relevant_rank"": null}, {""entry_id"": ""E018"", ""category"": ""ADR (Consequences)"", ""ndcg5"": 1.0, ""mrr5"": 1.0, ""hit3"": 1, ""hit1"": 1, ""first_relevant_rank"": 1}, {""entry_id"": ""E019"", ""category"": ""ADR (Context)"", ""ndcg5"": 0.43067655807339306, ""mrr5"": 0.25, ""hit3"": 0, ""hit1"": 0, ""first_relevant_rank"": 4}, {""entry_id"": ""E020"", ""category"": ""ADR (Decision)"", ""ndcg5"": 0.0, ""mrr5"": 0.0, ""hit3"": 0, ""hit1"": 0, ""first_relevant_rank"": null}, {""entry_id"": ""E021"", ""category"": ""ADR (Consequences)"", ""ndcg5"": 0.0, ""mrr5"": 0.0, ""hit3"": 0, ""hit1"": 0, ""first_relevant_rank"": null}, {""entry_id"": ""E022"", ""category"": ""ADR (Context)"", ""ndcg5"": 0.5, ""mrr5"": 0.3333333333333333, ""hit3"": 1, ""hit1"": 0, ""first_relevant_rank"": 3}, {""entry_id"": ""E023"", ""category"": ""ADR (Decision)"", ""ndcg5"": 0.5, ""mrr5"": 0.3333333333333333, ""hit3"": 1, ""hit1"": 0, ""first_relevant_rank"": 3}, {""entry_id"": ""E024"", ""category"": ""ADR (Consequences)"", ""ndcg5"": 0.43067655807339306, ""mrr5"": 0.25, ""hit3"": 0, ""hit1"": 0, ""first_relevant_rank"": 4}, {""entry_id"": ""E025"", ""category"": ""ADR (Context)"", ""ndcg5"": 0.38685280723454163, ""mrr5"": 0.2, ""hit3"": 0, ""hit1"": 0, ""first_relevant_rank"": 5}, {""entry_id"": ""E026"", ""category"": ""ADR (Decision)"", ""ndcg5"": 1.0, ""mrr5"": 1.0, ""hit3"": 1, ""hit1"": 1, ""first_relevant_rank"": 1}, {""entry_id"": ""E027"", ""category"": ""ADR (Consequences)"", ""ndcg5"": 0.0, ""mrr5"": 0.0, ""hit3"": 0, ""hit1"": 0, ""first_relevant_rank"": null}, {""entry_id"": ""E028"", ""category"": ""ADR (Context)"", ""ndcg5"": 0.5, ""mrr5"": 0.3333333333333333, ""hit3"": 1, ""hit1"": 0, ""first_relevant_rank"": 3}, {""entry_id"": ""E029"", ""category"": ""ADR (Decision)"", ""ndcg5"": 0.38685280723454163, ""mrr5"": 0.2, ""hit3"": 0, ""hit1"": 0, ""first_relevant_rank"": 5}, {""entry_id"": ""E030"", ""category"": ""ADR (Consequences)"", ""ndcg5"": 0.0, ""mrr5"": 0.0, ""hit3"": 0, ""hit1"": 0, ""first_relevant_rank"": null}, {""entry_id"": ""E031"", ""category"": ""ADR (Context)"", ""ndcg5"": 0.6309297535714575, ""mrr5"": 0.5, ""hit3"": 1, ""hit1"": 0, ""first_relevant_rank"": 2}, {""entry_id"": ""E032"", ""category"": ""ADR (Decision)"", ""ndcg5"": 0.0, ""mrr5"": 0.0, ""hit3"": 0, ""hit1"": 0, ""first_relevant_rank"": null}, {""entry_id"": ""E033"", ""category"": ""ADR (Consequences)"", ""ndcg5"": 0.0, ""mrr5"": 0.0, ""hit3"": 0, ""hit1"": 0, ""first_relevant_rank"": null}, {""entry_id"": ""E034"", ""category"": ""ADR (Context)"", ""ndcg5"": 0.0, ""mrr5"": 0.0, ""hit3"": 0, ""hit1"": 0, ""first_relevant_rank"": null}, {""entry_id"": ""E035"", ""category"": ""ADR (Decision)"", ""ndcg5"": 0.0, ""mrr5"": 0.0, ""hit3"": 0, ""hit1"": 0, ""first_relevant_rank"": null}, {""entry_id"": ""E036"", ""category"": ""ADR (Consequences)"", ""ndcg5"": 0.0, ""mrr5"": 0.0, ""hit3"": 0, ""hit1"": 0, ""first_relevant_rank"": null}, {""entry_id"": ""E037"", ""category"": ""ADR (Context)"", ""ndcg5"": 0.5, ""mrr5"": 0.3333333333333333, ""hit3"": 1, ""hit1"": 0, ""first_relevant_rank"": 3}, {""entry_id"": ""E038"", ""category"": ""ADR (Decision)"", ""ndcg5"": 1.0, ""mrr5"": 1.0, ""hit3"": 1, ""hit1"": 1, ""first_relevant_rank"": 1}, {""entry_id"": ""E039"", ""category"": ""ADR (Consequences)"", ""ndcg5"": 0.6309297535714575, ""mrr5"": 0.5, ""hit3"": 1, ""hit1"": 0, ""first_relevant_rank"": 2}, {""entry_id"": ""E040"", ""category"": ""ADR (Context)"", ""ndcg5"": 1.0, ""mrr5"": 1.0, ""hit3"": 1, ""hit1"": 1, ""first_relevant_rank"": 1}, {""entry_id"": ""E041"", ""category"": ""ADR (Decision)"", ""ndcg5"": 0.43067655807339306, ""mrr5"": 0.25, ""hit3"": 0, ""hit1"": 0, ""first_relevant_rank"": 4}, {""entry_id"": ""E042"", ""category"": ""ADR (Consequences)"", ""ndcg5"": 1.0, ""mrr5"": 1.0, ""hit3"": 1, ""hit1"": 1, ""first_relevant_rank"": 1}, {""entry_id"": ""E043"", ""category"": ""ADR (Context)"", ""ndcg5"": 0.0, ""mrr5"": 0.0, ""hit3"": 0, ""hit1"": 0, ""first_relevant_rank"": null}, {""entry_id"": ""E044"", ""category"": ""ADR (Decision)"", ""ndcg5"": 0.6309297535714575, ""mrr5"": 0.5, ""hit3"": 1, ""hit1"": 0, ""first_relevant_rank"": 2}, {""entry_id"": ""E045"", ""category"": ""ADR (Consequences)"", ""ndcg5"": 0.0, ""mrr5"": 0.0, ""hit3"": 0, ""hit1"": 0, ""first_relevant_rank"": null}, {""entry_id"": ""E046"", ""category"": ""ADR (Content)"", ""ndcg5"": 1.0, ""mrr5"": 1.0, ""hit3"": 1, ""hit1"": 1, ""first_relevant_rank"": 1}, {""entry_id"": ""E047"", ""category"": ""ADR (Decision)"", ""ndcg5"": 1.0, ""mrr5"": 1.0, ""hit3"": 1, ""hit1"": 1, ""first_relevant_rank"": 1}, {""entry_id"": ""E048"", ""category"": ""ADR (Consequences)"", ""ndcg5"": 1.0, ""mrr5"": 1.0, ""hit3"": 1, ""hit1"": 1, ""first_relevant_rank"": 1}, {""entry_id"": ""E049"", ""category"": ""ADR (Context)"", ""ndcg5"": 1.0, ""mrr5"": 1.0, ""hit3"": 1, ""hit1"": 1, ""first_relevant_rank"": 1}, {""entry_id"": ""E050"", ""category"": ""ADR (Decision)"", ""ndcg5"": 0.6309297535714575, ""mrr5"": 0.5, ""hit3"": 1, ""hit1"": 0, ""first_relevant_rank"": 2}, {""entry_id"": ""E051"", ""category"": ""ADR (Consequences)"", ""ndcg5"": 1.0, ""mrr5"": 1.0, ""hit3"": 1, ""hit1"": 1, ""first_relevant_rank"": 1}, {""entry_id"": ""E052"", ""category"": ""ADR (Context)"", ""ndcg5"": 1.0, ""mrr5"": 1.0, ""hit3"": 1, ""hit1"": 1, ""first_relevant_rank"": 1}, {""entry_id"": ""E053"", ""category"": ""ADR (Decision)"", ""ndcg5"": 1.0, ""mrr5"": 1.0, ""hit3"": 1, ""hit1"": 1, ""first_relevant_rank"": 1}, {""entry_id"": ""E054"", ""category"": ""ADR (Consequences)"", ""ndcg5"": 1.0, ""mrr5"": 1.0, ""hit3"": 1, ""hit1"": 1, ""first_relevant_rank"": 1}, {""entry_id"": ""E055"", ""category"": ""ADR (Context)"", ""ndcg5"": 1.0, ""mrr5"": 1.0, ""hit3"": 1, ""hit1"": 1, ""first_relevant_rank"": 1}, {""entry_id"": ""E056"", ""category"": ""ADR (Decision)"", ""ndcg5"": 0.5, ""mrr5"": 0.3333333333333333, ""hit3"": 1, ""hit1"": 0, ""first_relevant_rank"": 3}, {""entry_id"": ""E057"", ""category"": ""ADR (Content)"", ""ndcg5"": 0.0, ""mrr5"": 0.0, ""hit3"": 0, ""hit1"": 0, ""first_relevant_rank"": null}, {""entry_id"": ""E058"", ""category"": ""ADR (Context)"", ""ndcg5"": 0.5, ""mrr5"": 0.3333333333333333, ""hit3"": 1, ""hit1"": 0, ""first_relevant_rank"": 3}, {""entry_id"": ""E059"", ""category"": ""ADR (Decision)"", ""ndcg5"": 0.5, ""mrr5"": 0.3333333333333333, ""hit3"": 1, ""hit1"": 0, ""first_relevant_rank"": 3}, {""entry_id"": ""E060"", ""category"": ""ADR (Consequences)"", ""ndcg5"": 0.5, ""mrr5"": 0.3333333333333333, ""hit3"": 1, ""hit1"": 0, ""first_relevant_rank"": 3}, {""entry_id"": ""E061"", ""category"": ""ADR (Context)"", ""ndcg5"": 0.5, ""mrr5"": 0.3333333333333333, ""hit3"": 1, ""hit1"": 0, ""first_relevant_rank"": 3}, {""entry_id"": ""E062"", ""category"": ""ADR (Decision)"", ""ndcg5"": 0.0, ""mrr5"": 0.0, ""hit3"": 0, ""hit1"": 0, ""first_relevant_rank"": null}, {""entry_id"": ""E063"", ""category"": ""ADR (Consequences)"", ""ndcg5"": 0.0, ""mrr5"": 0.0, ""hit3"": 0, ""hit1"": 0, ""first_relevant_rank"": null}, {""entry_id"": ""E064"", ""category"": ""ADR (Context)"", ""ndcg5"": 0.43067655807339306, ""mrr5"": 0.25, ""hit3"": 0, ""hit1"": 0, ""first_relevant_rank"": 4}, {""entry_id"": ""E065"", ""category"": ""ADR (Decision)"", ""ndcg5"": 0.0, ""mrr5"": 0.0, ""hit3"": 0, ""hit1"": 0, ""first_relevant_rank"": null}, {""entry_id"": ""E066"", ""category"": ""ADR (Consequences)"", ""ndcg5"": 0.0, ""mrr5"": 0.0, ""hit3"": 0, ""hit1"": 0, ""first_relevant_rank"": null}, {""entry_id"": ""E067"", ""category"": ""ADR (Context)"", ""ndcg5"": 1.0, ""mrr5"": 1.0, ""hit3"": 1, ""hit1"": 1, ""first_relevant_rank"": 1}, {""entry_id"": ""E068"", ""category"": ""ADR (Decision)"", ""ndcg5"": 0.6309297535714575, ""mrr5"": 0.5, ""hit3"": 1, ""hit1"": 0, ""first_relevant_rank"": 2}, {""entry_id"": ""E069"", ""category"": ""ADR (Consequences)"", ""ndcg5"": 0.0, ""mrr5"": 0.0, ""hit3"": 0, ""hit1"": 0, ""first_relevant_rank"": null}, {""entry_id"": ""E070"", ""category"": ""ADR (Context)"", ""ndcg5"": 1.0, ""mrr5"": 1.0, ""hit3"": 1, ""hit1"": 1, ""first_relevant_rank"": 1}, {""entry_id"": ""E071"", ""category"": ""ADR (Decision)"", ""ndcg5"": 0.0, ""mrr5"": 0.0, ""hit3"": 0, ""hit1"": 0, ""first_relevant_rank"": null}, {""entry_id"": ""E072"", ""category"": ""ADR (Consequences)"", ""ndcg5"": 0.0, ""mrr5"": 0.0, ""hit3"": 0, ""hit1"": 0, ""first_relevant_rank"": null}, {""entry_id"": ""E073"", ""category"": ""ADR (Context)"", ""ndcg5"": 0.5, ""mrr5"": 0.3333333333333333, ""hit3"": 1, ""hit1"": 0, ""first_relevant_rank"": 3}, {""entry_id"": ""E074"", ""category"": ""ADR (Decision)"", ""ndcg5"": 0.6309297535714575, ""mrr5"": 0.5, ""hit3"": 1, ""hit1"": 0, ""first_relevant_rank"": 2}, {""entry_id"": ""E075"", ""category"": ""ADR (Consequences)"", ""ndcg5"": 1.0, ""mrr5"": 1.0, ""hit3"": 1, ""hit1"": 1, ""first_relevant_rank"": 1}, {""entry_id"": ""E076"", ""category"": ""Non-file (hermes transcript)"", ""ndcg5"": 1.0, ""mrr5"": 1.0, ""hit3"": 1, ""hit1"": 1, ""first_relevant_rank"": 1}, {""entry_id"": ""E077"", ""category"": ""Non-file (hermes transcript)"", ""ndcg5"": 1.0, ""mrr5"": 1.0, ""hit3"": 1, ""hit1"": 1, ""first_relevant_rank"": 1}, {""entry_id"": ""E078"", ""category"": ""Non-file (hermes transcript)"", ""ndcg5"": 1.0, ""mrr5"": 1.0, ""hit3"": 1, ""hit1"": 1, ""first_relevant_rank"": 1}, {""entry_id"": ""E079"", ""category"": ""Non-file (hermes transcript)"", ""ndcg5"": 1.0, ""mrr5"": 1.0, ""hit3"": 1, ""hit1"": 1, ""first_relevant_rank"": 1}, {""entry_id"": ""E080"", ""category"": ""Non-file (hermes transcript)"", ""ndcg5"": 0.0, ""mrr5"": 0.0, ""hit3"": 0, ""hit1"": 0, ""first_relevant_rank"": null}, {""entry_id"": ""E081"", ""category"": ""Non-file (hermes transcript)"", ""ndcg5"": 1.0, ""mrr5"": 1.0, ""hit3"": 1, ""hit1"": 1, ""first_relevant_rank"": 1}, {""entry_id"": ""E082"", ""category"": ""Non-file (hermes transcript)"", ""ndcg5"": 0.6309297535714575, ""mrr5"": 0.5, ""hit3"": 1, ""hit1"": 0, ""first_relevant_rank"": 2}, {""entry_id"": ""E083"", ""category"": ""Non-file (hermes transcript)"", ""ndcg5"": 1.0, ""mrr5"": 1.0, ""hit3"": 1, ""hit1"": 1, ""first_relevant_rank"": 1}, {""entry_id"": ""E084"", ""category"": ""Non-file (hermes transcript)"", ""ndcg5"": 0.0, ""mrr5"": 0.0, ""hit3"": 0, ""hit1"": 0, ""first_relevant_rank"": null}, {""entry_id"": ""E085"", ""category"": ""Non-file (hermes transcript)"", ""ndcg5"": 1.0, ""mrr5"": 1.0, ""hit3"": 1, ""hit1"": 1, ""first_relevant_rank"": 1}, {""entry_id"": ""E086"", ""category"": ""Non-file (hermes transcript)"", ""ndcg5"": 1.0, ""mrr5"": 1.0, ""hit3"": 1, ""hit1"": 1, ""first_relevant_rank"": 1}, {""entry_id"": ""E087"", ""category"": ""Non-file (hermes transcript)"", ""ndcg5"": 1.0, ""mrr5"": 1.0, ""hit3"": 1, ""hit1"": 1, ""first_relevant_rank"": 1}, {""entry_id"": ""E088"", ""category"": ""Non-file (hermes transcript)"", ""ndcg5"": 1.0, ""mrr5"": 1.0, ""hit3"": 1, ""hit1"": 1, ""first_relevant_rank"": 1}, {""entry_id"": ""E089"", ""category"": ""Non-file (hermes transcript)"", ""ndcg5"": 1.0, ""mrr5"": 1.0, ""hit3"": 1, ""hit1"": 1, ""first_relevant_rank"": 1}, {""entry_id"": ""E090"", ""category"": ""Non-file (shared tier)"", ""ndcg5"": 1.0, ""mrr5"": 1.0, ""hit3"": 1, ""hit1"": 1, ""first_relevant_rank"": 1}, {""entry_id"": ""E091"", ""category"": ""Non-file (shared tier)"", ""ndcg5"": 1.0, ""mrr5"": 1.0, ""hit3"": 1, ""hit1"": 1, ""first_relevant_rank"": 1}, {""entry_id"": ""E092"", ""category"": ""Non-file (shared tier)"", ""ndcg5"": 1.0, ""mrr5"": 1.0, ""hit3"": 1, ""hit1"": 1, ""first_relevant_rank"": 1}, {""entry_id"": ""E093"", ""category"": ""Non-file (shared tier)"", ""ndcg5"": 1.0, ""mrr5"": 1.0, ""hit3"": 1, ""hit1"": 1, ""first_relevant_rank"": 1}, {""entry_id"": ""E094"", ""category"": ""Non-file (shared tier)"", ""ndcg5"": 1.0, ""mrr5"": 1.0, ""hit3"": 1, ""hit1"": 1, ""first_relevant_rank"": 1}, {""entry_id"": ""E095"", ""category"": ""Non-file (shared tier)"", ""ndcg5"": 1.0, ""mrr5"": 1.0, ""hit3"": 1, ""hit1"": 1, ""first_relevant_rank"": 1}, {""entry_id"": ""E096"", ""category"": ""Non-file (shared tier)"", ""ndcg5"": 1.0, ""mrr5"": 1.0, ""hit3"": 1, ""hit1"": 1, ""first_relevant_rank"": 1}, {""entry_id"": ""E097"", ""category"": ""Non-file (shared tier)"", ""ndcg5"": 1.0, ""mrr5"": 1.0, ""hit3"": 1, ""hit1"": 1, ""first_relevant_rank"": 1}, {""entry_id"": ""E098"", ""category"": ""Non-file (shared tier)"", ""ndcg5"": 1.0, ""mrr5"": 1.0, ""hit3"": 1, ""hit1"": 1, ""first_relevant_rank"": 1}, {""entry_id"": ""E099"", ""category"": ""Non-file (shared tier)"", ""ndcg5"": 1.0, ""mrr5"": 1.0, ""hit3"": 1, ""hit1"": 1, ""first_relevant_rank"": 1}, {""entry_id"": ""E100"", ""category"": ""Non-file (shared tier)"", ""ndcg5"": 1.0, ""mrr5"": 1.0, ""hit3"": 1, ""hit1"": 1, ""first_relevant_rank"": 1}]","{""ADR (Context)"": ""CategoryMetrics(category='ADR (Context)', count=24, mean_ndcg5=0.5912061629991235, mean_mrr5=0.48541666666666666, hit3_rate=0.625, hit1_rate=0.2916666666666667)"", ""ADR (Decision)"": ""CategoryMetrics(category='ADR (Decision)', count=25, mean_ndcg5=0.44810405982962204, mean_mrr5=0.37133333333333335, hit3_rate=0.52, hit1_rate=0.2)"", ""ADR (Consequences)"": ""CategoryMetrics(category='ADR (Consequences)', count=24, mean_ndcg5=0.4663556693840128, mean_mrr5=0.44097222222222227, hit3_rate=0.5, hit1_rate=0.375)"", ""ADR (Content)"": ""CategoryMetrics(category='ADR (Content)', count=2, mean_ndcg5=0.5, mean_mrr5=0.5, hit3_rate=0.5, hit1_rate=0.5)"", ""Non-file (hermes transcript)"": ""CategoryMetrics(category='Non-file (hermes transcript)', count=14, mean_ndcg5=0.8307806966836756, mean_mrr5=0.8214285714285714, hit3_rate=0.8571428571428571, hit1_rate=0.7857142857142857)"", ""Non-file (shared tier)"": ""CategoryMetrics(category='Non-file (shared tier)', count=11, mean_ndcg5=1.0, mean_mrr5=1.0, hit3_rate=1.0, hit1_rate=1.0)""}"
ftsWeight=5,ftsWeight,5,memory,100,0.5988922723197249,0.5458333333333334,0.64,0.43,"[{""entry_id"": ""E001"", ""category"": ""ADR (Context)"", ""ndcg5"": 1.0, ""mrr5"": 1.0, ""hit3"": 1, ""hit1"": 1, ""first_relevant_rank"": 1}, {""entry_id"": ""E002"", ""category"": ""ADR (Decision)"", ""ndcg5"": 0.0, ""mrr5"": 0.0, ""hit3"": 0, ""hit1"": 0, ""first_relevant_rank"": null}, {""entry_id"": ""E003"", ""category"": ""ADR (Consequences)"", ""ndcg5"": 0.0, ""mrr5"": 0.0, ""hit3"": 0, ""hit1"": 0, ""first_relevant_rank"": null}, {""entry_id"": ""E004"", ""category"": ""ADR (Context)"", ""ndcg5"": 0.38685280723454163, ""mrr5"": 0.2, ""hit3"": 0, ""hit1"": 0, ""first_relevant_rank"": 5}, {""entry_id"": ""E005"", ""category"": ""ADR (Decision)"", ""ndcg5"": 0.5, ""mrr5"": 0.3333333333333333, ""hit3"": 1, ""hit1"": 0, ""first_relevant_rank"": 3}, {""entry_id"": ""E006"", ""category"": ""ADR (Consequences)"", ""ndcg5"": 1.0, ""mrr5"": 1.0, ""hit3"": 1, ""hit1"": 1, ""first_relevant_rank"": 1}, {""entry_id"": ""E007"", ""category"": ""ADR (Context)"", ""ndcg5"": 0.43067655807339306, ""mrr5"": 0.25, ""hit3"": 0, ""hit1"": 0, ""first_relevant_rank"": 4}, {""entry_id"": ""E008"", ""category"": ""ADR (Decision)"", ""ndcg5"": 0.0, ""mrr5"": 0.0, ""hit3"": 0, ""hit1"": 0, ""first_relevant_rank"": null}, {""entry_id"": ""E009"", ""category"": ""ADR (Consequences)"", ""ndcg5"": 0.6309297535714575, ""mrr5"": 0.5, ""hit3"": 1, ""hit1"": 0, ""first_relevant_rank"": 2}, {""entry_id"": ""E010"", ""category"": ""ADR (Context)"", ""ndcg5"": 0.6309297535714575, ""mrr5"": 0.5, ""hit3"": 1, ""hit1"": 0, ""first_relevant_rank"": 2}, {""entry_id"": ""E011"", ""category"": ""ADR (Decision)"", ""ndcg5"": 0.5, ""mrr5"": 0.3333333333333333, ""hit3"": 1, ""hit1"": 0, ""first_relevant_rank"": 3}, {""entry_id"": ""E012"", ""category"": ""ADR (Consequences)"", ""ndcg5"": 1.0, ""mrr5"": 1.0, ""hit3"": 1, ""hit1"": 1, ""first_relevant_rank"": 1}, {""entry_id"": ""E013"", ""category"": ""ADR (Context)"", ""ndcg5"": 0.38685280723454163, ""mrr5"": 0.2, ""hit3"": 0, ""hit1"": 0, ""first_relevant_rank"": 5}, {""entry_id"": ""E014"", ""category"": ""ADR (Decision)"", ""ndcg5"": 1.0, ""mrr5"": 1.0, ""hit3"": 1, ""hit1"": 1, ""first_relevant_rank"": 1}, {""entry_id"": ""E015"", ""category"": ""ADR (Consequences)"", ""ndcg5"": 1.0, ""mrr5"": 1.0, ""hit3"": 1, ""hit1"": 1, ""first_relevant_rank"": 1}, {""entry_id"": ""E016"", ""category"": ""ADR (Context)"", ""ndcg5"": 0.5, ""mrr5"": 0.3333333333333333, ""hit3"": 1, ""hit1"": 0, ""first_relevant_rank"": 3}, {""entry_id"": ""E017"", ""category"": ""ADR (Decision)"", ""ndcg5"": 0.0, ""mrr5"": 0.0, ""hit3"": 0, ""hit1"": 0, ""first_relevant_rank"": null}, {""entry_id"": ""E018"", ""category"": ""ADR (Consequences)"", ""ndcg5"": 0.5, ""mrr5"": 0.3333333333333333, ""hit3"": 1, ""hit1"": 0, ""first_relevant_rank"": 3}, {""entry_id"": ""E019"", ""category"": ""ADR (Context)"", ""ndcg5"": 0.43067655807339306, ""mrr5"": 0.25, ""hit3"": 0, ""hit1"": 0, ""first_relevant_rank"": 4}, {""entry_id"": ""E020"", ""category"": ""ADR (Decision)"", ""ndcg5"": 0.0, ""mrr5"": 0.0, ""hit3"": 0, ""hit1"": 0, ""first_relevant_rank"": null}, {""entry_id"": ""E021"", ""category"": ""ADR (Consequences)"", ""ndcg5"": 0.0, ""mrr5"": 0.0, ""hit3"": 0, ""hit1"": 0, ""first_relevant_rank"": null}, {""entry_id"": ""E022"", ""category"": ""ADR (Context)"", ""ndcg5"": 0.43067655807339306, ""mrr5"": 0.25, ""hit3"": 0, ""hit1"": 0, ""first_relevant_rank"": 4}, {""entry_id"": ""E023"", ""category"": ""ADR (Decision)"", ""ndcg5"": 0.43067655807339306, ""mrr5"": 0.25, ""hit3"": 0, ""hit1"": 0, ""first_relevant_rank"": 4}, {""entry_id"": ""E024"", ""category"": ""ADR (Consequences)"", ""ndcg5"": 0.43067655807339306, ""mrr5"": 0.25, ""hit3"": 0, ""hit1"": 0, ""first_relevant_rank"": 4}, {""entry_id"": ""E025"", ""category"": ""ADR (Context)"", ""ndcg5"": 0.38685280723454163, ""mrr5"": 0.2, ""hit3"": 0, ""hit1"": 0, ""first_relevant_rank"": 5}, {""entry_id"": ""E026"", ""category"": ""ADR (Decision)"", ""ndcg5"": 1.0, ""mrr5"": 1.0, ""hit3"": 1, ""hit1"": 1, ""first_relevant_rank"": 1}, {""entry_id"": ""E027"", ""category"": ""ADR (Consequences)"", ""ndcg5"": 0.0, ""mrr5"": 0.0, ""hit3"": 0, ""hit1"": 0, ""first_relevant_rank"": null}, {""entry_id"": ""E028"", ""category"": ""ADR (Context)"", ""ndcg5"": 0.5, ""mrr5"": 0.3333333333333333, ""hit3"": 1, ""hit1"": 0, ""first_relevant_rank"": 3}, {""entry_id"": ""E029"", ""category"": ""ADR (Decision)"", ""ndcg5"": 0.38685280723454163, ""mrr5"": 0.2, ""hit3"": 0, ""hit1"": 0, ""first_relevant_rank"": 5}, {""entry_id"": ""E030"", ""category"": ""ADR (Consequences)"", ""ndcg5"": 0.0, ""mrr5"": 0.0, ""hit3"": 0, ""hit1"": 0, ""first_relevant_rank"": null}, {""entry_id"": ""E031"", ""category"": ""ADR (Context)"", ""ndcg5"": 0.6309297535714575, ""mrr5"": 0.5, ""hit3"": 1, ""hit1"": 0, ""first_relevant_rank"": 2}, {""entry_id"": ""E032"", ""category"": ""ADR (Decision)"", ""ndcg5"": 0.0, ""mrr5"": 0.0, ""hit3"": 0, ""hit1"": 0, ""first_relevant_rank"": null}, {""entry_id"": ""E033"", ""category"": ""ADR (Consequences)"", ""ndcg5"": 0.0, ""mrr5"": 0.0, ""hit3"": 0, ""hit1"": 0, ""first_relevant_rank"": null}, {""entry_id"": ""E034"", ""category"": ""ADR (Context)"", ""ndcg5"": 0.0, ""mrr5"": 0.0, ""hit3"": 0, ""hit1"": 0, ""first_relevant_rank"": null}, {""entry_id"": ""E035"", ""category"": ""ADR (Decision)"", ""ndcg5"": 0.0, ""mrr5"": 0.0, ""hit3"": 0, ""hit1"": 0, ""first_relevant_rank"": null}, {""entry_id"": ""E036"", ""category"": ""ADR (Consequences)"", ""ndcg5"": 0.0, ""mrr5"": 0.0, ""hit3"": 0, ""hit1"": 0, ""first_relevant_rank"": null}, {""entry_id"": ""E037"", ""category"": ""ADR (Context)"", ""ndcg5"": 0.5, ""mrr5"": 0.3333333333333333, ""hit3"": 1, ""hit1"": 0, ""first_relevant_rank"": 3}, {""entry_id"": ""E038"", ""category"": ""ADR (Decision)"", ""ndcg5"": 1.0, ""mrr5"": 1.0, ""hit3"": 1, ""hit1"": 1, ""first_relevant_rank"": 1}, {""entry_id"": ""E039"", ""category"": ""ADR (Consequences)"", ""ndcg5"": 0.6309297535714575, ""mrr5"": 0.5, ""hit3"": 1, ""hit1"": 0, ""first_relevant_rank"": 2}, {""entry_id"": ""E040"", ""category"": ""ADR (Context)"", ""ndcg5"": 1.0, ""mrr5"": 1.0, ""hit3"": 1, ""hit1"": 1, ""first_relevant_rank"": 1}, {""entry_id"": ""E041"", ""category"": ""ADR (Decision)"", ""ndcg5"": 0.43067655807339306, ""mrr5"": 0.25, ""hit3"": 0, ""hit1"": 0, ""first_relevant_rank"": 4}, {""entry_id"": ""E042"", ""category"": ""ADR (Consequences)"", ""ndcg5"": 1.0, ""mrr5"": 1.0, ""hit3"": 1, ""hit1"": 1, ""first_relevant_rank"": 1}, {""entry_id"": ""E043"", ""category"": ""ADR (Context)"", ""ndcg5"": 0.0, ""mrr5"": 0.0, ""hit3"": 0, ""hit1"": 0, ""first_relevant_rank"": null}, {""entry_id"": ""E044"", ""category"": ""ADR (Decision)"", ""ndcg5"": 0.6309297535714575, ""mrr5"": 0.5, ""hit3"": 1, ""hit1"": 0, ""first_relevant_rank"": 2}, {""entry_id"": ""E045"", ""category"": ""ADR (Consequences)"", ""ndcg5"": 0.0, ""mrr5"": 0.0, ""hit3"": 0, ""hit1"": 0, ""first_relevant_rank"": null}, {""entry_id"": ""E046"", ""category"": ""ADR (Content)"", ""ndcg5"": 1.0, ""mrr5"": 1.0, ""hit3"": 1, ""hit1"": 1, ""first_relevant_rank"": 1}, {""entry_id"": ""E047"", ""category"": ""ADR (Decision)"", ""ndcg5"": 1.0, ""mrr5"": 1.0, ""hit3"": 1, ""hit1"": 1, ""first_relevant_rank"": 1}, {""entry_id"": ""E048"", ""category"": ""ADR (Consequences)"", ""ndcg5"": 1.0, ""mrr5"": 1.0, ""hit3"": 1, ""hit1"": 1, ""first_relevant_rank"": 1}, {""entry_id"": ""E049"", ""category"": ""ADR (Context)"", ""ndcg5"": 0.6309297535714575, ""mrr5"": 0.5, ""hit3"": 1, ""hit1"": 0, ""first_relevant_rank"": 2}, {""entry_id"": ""E050"", ""category"": ""ADR (Decision)"", ""ndcg5"": 0.6309297535714575, ""mrr5"": 0.5, ""hit3"": 1, ""hit1"": 0, ""first_relevant_rank"": 2}, {""entry_id"": ""E051"", ""category"": ""ADR (Consequences)"", ""ndcg5"": 1.0, ""mrr5"": 1.0, ""hit3"": 1, ""hit1"": 1, ""first_relevant_rank"": 1}, {""entry_id"": ""E052"", ""category"": ""ADR (Context)"", ""ndcg5"": 1.0, ""mrr5"": 1.0, ""hit3"": 1, ""hit1"": 1, ""first_relevant_rank"": 1}, {""entry_id"": ""E053"", ""category"": ""ADR (Decision)"", ""ndcg5"": 1.0, ""mrr5"": 1.0, ""hit3"": 1, ""hit1"": 1, ""first_relevant_rank"": 1}, {""entry_id"": ""E054"", ""category"": ""ADR (Consequences)"", ""ndcg5"": 1.0, ""mrr5"": 1.0, ""hit3"": 1, ""hit1"": 1, ""first_relevant_rank"": 1}, {""entry_id"": ""E055"", ""category"": ""ADR (Context)"", ""ndcg5"": 1.0, ""mrr5"": 1.0, ""hit3"": 1, ""hit1"": 1, ""first_relevant_rank"": 1}, {""entry_id"": ""E056"", ""category"": ""ADR (Decision)"", ""ndcg5"": 0.5, ""mrr5"": 0.3333333333333333, ""hit3"": 1, ""hit1"": 0, ""first_relevant_rank"": 3}, {""entry_id"": ""E057"", ""category"": ""ADR (Content)"", ""ndcg5"": 0.0, ""mrr5"": 0.0, ""hit3"": 0, ""hit1"": 0, ""first_relevant_rank"": null}, {""entry_id"": ""E058"", ""category"": ""ADR (Context)"", ""ndcg5"": 0.5, ""mrr5"": 0.3333333333333333, ""hit3"": 1, ""hit1"": 0, ""first_relevant_rank"": 3}, {""entry_id"": ""E059"", ""category"": ""ADR (Decision)"", ""ndcg5"": 0.5, ""mrr5"": 0.3333333333333333, ""hit3"": 1, ""hit1"": 0, ""first_relevant_rank"": 3}, {""entry_id"": ""E060"", ""category"": ""ADR (Consequences)"", ""ndcg5"": 0.43067655807339306, ""mrr5"": 0.25, ""hit3"": 0, ""hit1"": 0, ""first_relevant_rank"": 4}, {""entry_id"": ""E061"", ""category"": ""ADR (Context)"", ""ndcg5"": 0.5, ""mrr5"": 0.3333333333333333, ""hit3"": 1, ""hit1"": 0, ""first_relevant_rank"": 3}, {""entry_id"": ""E062"", ""category"": ""ADR (Decision)"", ""ndcg5"": 0.0, ""mrr5"": 0.0, ""hit3"": 0, ""hit1"": 0, ""first_relevant_rank"": null}, {""entry_id"": ""E063"", ""category"": ""ADR (Consequences)"", ""ndcg5"": 0.0, ""mrr5"": 0.0, ""hit3"": 0, ""hit1"": 0, ""first_relevant_rank"": null}, {""entry_id"": ""E064"", ""category"": ""ADR (Context)"", ""ndcg5"": 0.0, ""mrr5"": 0.0, ""hit3"": 0, ""hit1"": 0, ""first_relevant_rank"": null}, {""entry_id"": ""E065"", ""category"": ""ADR (Decision)"", ""ndcg5"": 0.0, ""mrr5"": 0.0, ""hit3"": 0, ""hit1"": 0, ""first_relevant_rank"": null}, {""entry_id"": ""E066"", ""category"": ""ADR (Consequences)"", ""ndcg5"": 0.0, ""mrr5"": 0.0, ""hit3"": 0, ""hit1"": 0, ""first_relevant_rank"": null}, {""entry_id"": ""E067"", ""category"": ""ADR (Context)"", ""ndcg5"": 1.0, ""mrr5"": 1.0, ""hit3"": 1, ""hit1"": 1, ""first_relevant_rank"": 1}, {""entry_id"": ""E068"", ""category"": ""ADR (Decision)"", ""ndcg5"": 0.6309297535714575, ""mrr5"": 0.5, ""hit3"": 1, ""hit1"": 0, ""first_relevant_rank"": 2}, {""entry_id"": ""E069"", ""category"": ""ADR (Consequences)"", ""ndcg5"": 0.0, ""mrr5"": 0.0, ""hit3"": 0, ""hit1"": 0, ""first_relevant_rank"": null}, {""entry_id"": ""E070"", ""category"": ""ADR (Context)"", ""ndcg5"": 1.0, ""mrr5"": 1.0, ""hit3"": 1, ""hit1"": 1, ""first_relevant_rank"": 1}, {""entry_id"": ""E071"", ""category"": ""ADR (Decision)"", ""ndcg5"": 0.38685280723454163, ""mrr5"": 0.2, ""hit3"": 0, ""hit1"": 0, ""first_relevant_rank"": 5}, {""entry_id"": ""E072"", ""category"": ""ADR (Consequences)"", ""ndcg5"": 0.0, ""mrr5"": 0.0, ""hit3"": 0, ""hit1"": 0, ""first_relevant_rank"": null}, {""entry_id"": ""E073"", ""category"": ""ADR (Context)"", ""ndcg5"": 1.0, ""mrr5"": 1.0, ""hit3"": 1, ""hit1"": 1, ""first_relevant_rank"": 1}, {""entry_id"": ""E074"", ""category"": ""ADR (Decision)"", ""ndcg5"": 0.6309297535714575, ""mrr5"": 0.5, ""hit3"": 1, ""hit1"": 0, ""first_relevant_rank"": 2}, {""entry_id"": ""E075"", ""category"": ""ADR (Consequences)"", ""ndcg5"": 1.0, ""mrr5"": 1.0, ""hit3"": 1, ""hit1"": 1, ""first_relevant_rank"": 1}, {""entry_id"": ""E076"", ""category"": ""Non-file (hermes transcript)"", ""ndcg5"": 1.0, ""mrr5"": 1.0, ""hit3"": 1, ""hit1"": 1, ""first_relevant_rank"": 1}, {""entry_id"": ""E077"", ""category"": ""Non-file (hermes transcript)"", ""ndcg5"": 1.0, ""mrr5"": 1.0, ""hit3"": 1, ""hit1"": 1, ""first_relevant_rank"": 1}, {""entry_id"": ""E078"", ""category"": ""Non-file (hermes transcript)"", ""ndcg5"": 1.0, ""mrr5"": 1.0, ""hit3"": 1, ""hit1"": 1, ""first_relevant_rank"": 1}, {""entry_id"": ""E079"", ""category"": ""Non-file (hermes transcript)"", ""ndcg5"": 1.0, ""mrr5"": 1.0, ""hit3"": 1, ""hit1"": 1, ""first_relevant_rank"": 1}, {""entry_id"": ""E080"", ""category"": ""Non-file (hermes transcript)"", ""ndcg5"": 0.6309297535714575, ""mrr5"": 0.5, ""hit3"": 1, ""hit1"": 0, ""first_relevant_rank"": 2}, {""entry_id"": ""E081"", ""category"": ""Non-file (hermes transcript)"", ""ndcg5"": 1.0, ""mrr5"": 1.0, ""hit3"": 1, ""hit1"": 1, ""first_relevant_rank"": 1}, {""entry_id"": ""E082"", ""category"": ""Non-file (hermes transcript)"", ""ndcg5"": 0.6309297535714575, ""mrr5"": 0.5, ""hit3"": 1, ""hit1"": 0, ""first_relevant_rank"": 2}, {""entry_id"": ""E083"", ""category"": ""Non-file (hermes transcript)"", ""ndcg5"": 1.0, ""mrr5"": 1.0, ""hit3"": 1, ""hit1"": 1, ""first_relevant_rank"": 1}, {""entry_id"": ""E084"", ""category"": ""Non-file (hermes transcript)"", ""ndcg5"": 0.0, ""mrr5"": 0.0, ""hit3"": 0, ""hit1"": 0, ""first_relevant_rank"": null}, {""entry_id"": ""E085"", ""category"": ""Non-file (hermes transcript)"", ""ndcg5"": 1.0, ""mrr5"": 1.0, ""hit3"": 1, ""hit1"": 1, ""first_relevant_rank"": 1}, {""entry_id"": ""E086"", ""category"": ""Non-file (hermes transcript)"", ""ndcg5"": 1.0, ""mrr5"": 1.0, ""hit3"": 1, ""hit1"": 1, ""first_relevant_rank"": 1}, {""entry_id"": ""E087"", ""category"": ""Non-file (hermes transcript)"", ""ndcg5"": 1.0, ""mrr5"": 1.0, ""hit3"": 1, ""hit1"": 1, ""first_relevant_rank"": 1}, {""entry_id"": ""E088"", ""category"": ""Non-file (hermes transcript)"", ""ndcg5"": 1.0, ""mrr5"": 1.0, ""hit3"": 1, ""hit1"": 1, ""first_relevant_rank"": 1}, {""entry_id"": ""E089"", ""category"": ""Non-file (hermes transcript)"", ""ndcg5"": 1.0, ""mrr5"": 1.0, ""hit3"": 1, ""hit1"": 1, ""first_relevant_rank"": 1}, {""entry_id"": ""E090"", ""category"": ""Non-file (shared tier)"", ""ndcg5"": 1.0, ""mrr5"": 1.0, ""hit3"": 1, ""hit1"": 1, ""first_relevant_rank"": 1}, {""entry_id"": ""E091"", ""category"": ""Non-file (shared tier)"", ""ndcg5"": 1.0, ""mrr5"": 1.0, ""hit3"": 1, ""hit1"": 1, ""first_relevant_rank"": 1}, {""entry_id"": ""E092"", ""category"": ""Non-file (shared tier)"", ""ndcg5"": 1.0, ""mrr5"": 1.0, ""hit3"": 1, ""hit1"": 1, ""first_relevant_rank"": 1}, {""entry_id"": ""E093"", ""category"": ""Non-file (shared tier)"", ""ndcg5"": 1.0, ""mrr5"": 1.0, ""hit3"": 1, ""hit1"": 1, ""first_relevant_rank"": 1}, {""entry_id"": ""E094"", ""category"": ""Non-file (shared tier)"", ""ndcg5"": 1.0, ""mrr5"": 1.0, ""hit3"": 1, ""hit1"": 1, ""first_relevant_rank"": 1}, {""entry_id"": ""E095"", ""category"": ""Non-file (shared tier)"", ""ndcg5"": 1.0, ""mrr5"": 1.0, ""hit3"": 1, ""hit1"": 1, ""first_relevant_rank"": 1}, {""entry_id"": ""E096"", ""category"": ""Non-file (shared tier)"", ""ndcg5"": 1.0, ""mrr5"": 1.0, ""hit3"": 1, ""hit1"": 1, ""first_relevant_rank"": 1}, {""entry_id"": ""E097"", ""category"": ""Non-file (shared tier)"", ""ndcg5"": 1.0, ""mrr5"": 1.0, ""hit3"": 1, ""hit1"": 1, ""first_relevant_rank"": 1}, {""entry_id"": ""E098"", ""category"": ""Non-file (shared tier)"", ""ndcg5"": 1.0, ""mrr5"": 1.0, ""hit3"": 1, ""hit1"": 1, ""first_relevant_rank"": 1}, {""entry_id"": ""E099"", ""category"": ""Non-file (shared tier)"", ""ndcg5"": 1.0, ""mrr5"": 1.0, ""hit3"": 1, ""hit1"": 1, ""first_relevant_rank"": 1}, {""entry_id"": ""E100"", ""category"": ""Non-file (shared tier)"", ""ndcg5"": 1.0, ""mrr5"": 1.0, ""hit3"": 1, ""hit1"": 1, ""first_relevant_rank"": 1}]","{""ADR (Context)"": ""CategoryMetrics(category='ADR (Context)', count=24, mean_ndcg5=0.5768907231932573, mean_mrr5=0.47986111111111107, hit3_rate=0.625, hit1_rate=0.2916666666666667)"", ""ADR (Decision)"": ""CategoryMetrics(category='ADR (Decision)', count=25, mean_ndcg5=0.446351109796068, mean_mrr5=0.3693333333333333, hit3_rate=0.52, hit1_rate=0.2)"", ""ADR (Consequences)"": ""CategoryMetrics(category='ADR (Consequences)', count=24, mean_ndcg5=0.44263385930373755, mean_mrr5=0.40972222222222227, hit3_rate=0.4583333333333333, hit1_rate=0.3333333333333333)"", ""ADR (Content)"": ""CategoryMetrics(category='ADR (Content)', count=2, mean_ndcg5=0.5, mean_mrr5=0.5, hit3_rate=0.5, hit1_rate=0.5)"", ""Non-file (hermes transcript)"": ""CategoryMetrics(category='Non-file (hermes transcript)', count=14, mean_ndcg5=0.8758471076530654, mean_mrr5=0.8571428571428571, hit3_rate=0.9285714285714286, hit1_rate=0.7857142857142857)"", ""Non-file (shared tier)"": ""CategoryMetrics(category='Non-file (shared tier)', count=11, mean_ndcg5=1.0, mean_mrr5=1.0, hit3_rate=1.0, hit1_rate=1.0)""}"
ftsWeight=10,ftsWeight,10,memory,100,0.5985959856384032,0.5348333333333334,0.7,0.39,"[{""entry_id"": ""E001"", ""category"": ""ADR (Context)"", ""ndcg5"": 0.5, ""mrr5"": 0.3333333333333333, ""hit3"": 1, ""hit1"": 0, ""first_relevant_rank"": 3}, {""entry_id"": ""E002"", ""category"": ""ADR (Decision)"", ""ndcg5"": 0.5, ""mrr5"": 0.3333333333333333, ""hit3"": 1, ""hit1"": 0, ""first_relevant_rank"": 3}, {""entry_id"": ""E003"", ""category"": ""ADR (Consequences)"", ""ndcg5"": 0.43067655807339306, ""mrr5"": 0.25, ""hit3"": 0, ""hit1"": 0, ""first_relevant_rank"": 4}, {""entry_id"": ""E004"", ""category"": ""ADR (Context)"", ""ndcg5"": 0.5, ""mrr5"": 0.3333333333333333, ""hit3"": 1, ""hit1"": 0, ""first_relevant_rank"": 3}, {""entry_id"": ""E005"", ""category"": ""ADR (Decision)"", ""ndcg5"": 0.38685280723454163, ""mrr5"": 0.2, ""hit3"": 0, ""hit1"": 0, ""first_relevant_rank"": 5}, {""entry_id"": ""E006"", ""category"": ""ADR (Consequences)"", ""ndcg5"": 1.0, ""mrr5"": 1.0, ""hit3"": 1, ""hit1"": 1, ""first_relevant_rank"": 1}, {""entry_id"": ""E007"", ""category"": ""ADR (Context)"", ""ndcg5"": 0.43067655807339306, ""mrr5"": 0.25, ""hit3"": 0, ""hit1"": 0, ""first_relevant_rank"": 4}, {""entry_id"": ""E008"", ""category"": ""ADR (Decision)"", ""ndcg5"": 0.0, ""mrr5"": 0.0, ""hit3"": 0, ""hit1"": 0, ""first_relevant_rank"": null}, {""entry_id"": ""E009"", ""category"": ""ADR (Consequences)"", ""ndcg5"": 0.6309297535714575, ""mrr5"": 0.5, ""hit3"": 1, ""hit1"": 0, ""first_relevant_rank"": 2}, {""entry_id"": ""E010"", ""category"": ""ADR (Context)"", ""ndcg5"": 0.6309297535714575, ""mrr5"": 0.5, ""hit3"": 1, ""hit1"": 0, ""first_relevant_rank"": 2}, {""entry_id"": ""E011"", ""category"": ""ADR (Decision)"", ""ndcg5"": 0.5, ""mrr5"": 0.3333333333333333, ""hit3"": 1, ""hit1"": 0, ""first_relevant_rank"": 3}, {""entry_id"": ""E012"", ""category"": ""ADR (Consequences)"", ""ndcg5"": 1.0, ""mrr5"": 1.0, ""hit3"": 1, ""hit1"": 1, ""first_relevant_rank"": 1}, {""entry_id"": ""E013"", ""category"": ""ADR (Context)"", ""ndcg5"": 0.5, ""mrr5"": 0.3333333333333333, ""hit3"": 1, ""hit1"": 0, ""first_relevant_rank"": 3}, {""entry_id"": ""E014"", ""category"": ""ADR (Decision)"", ""ndcg5"": 1.0, ""mrr5"": 1.0, ""hit3"": 1, ""hit1"": 1, ""first_relevant_rank"": 1}, {""entry_id"": ""E015"", ""category"": ""ADR (Consequences)"", ""ndcg5"": 1.0, ""mrr5"": 1.0, ""hit3"": 1, ""hit1"": 1, ""first_relevant_rank"": 1}, {""entry_id"": ""E016"", ""category"": ""ADR (Context)"", ""ndcg5"": 0.5, ""mrr5"": 0.3333333333333333, ""hit3"": 1, ""hit1"": 0, ""first_relevant_rank"": 3}, {""entry_id"": ""E017"", ""category"": ""ADR (Decision)"", ""ndcg5"": 0.0, ""mrr5"": 0.0, ""hit3"": 0, ""hit1"": 0, ""first_relevant_rank"": null}, {""entry_id"": ""E018"", ""category"": ""ADR (Consequences)"", ""ndcg5"": 0.5, ""mrr5"": 0.3333333333333333, ""hit3"": 1, ""hit1"": 0, ""first_relevant_rank"": 3}, {""entry_id"": ""E019"", ""category"": ""ADR (Context)"", ""ndcg5"": 0.0, ""mrr5"": 0.0, ""hit3"": 0, ""hit1"": 0, ""first_relevant_rank"": null}, {""entry_id"": ""E020"", ""category"": ""ADR (Decision)"", ""ndcg5"": 0.0, ""mrr5"": 0.0, ""hit3"": 0, ""hit1"": 0, ""first_relevant_rank"": null}, {""entry_id"": ""E021"", ""category"": ""ADR (Consequences)"", ""ndcg5"": 0.0, ""mrr5"": 0.0, ""hit3"": 0, ""hit1"": 0, ""first_relevant_rank"": null}, {""entry_id"": ""E022"", ""category"": ""ADR (Context)"", ""ndcg5"": 0.43067655807339306, ""mrr5"": 0.25, ""hit3"": 0, ""hit1"": 0, ""first_relevant_rank"": 4}, {""entry_id"": ""E023"", ""category"": ""ADR (Decision)"", ""ndcg5"": 0.5, ""mrr5"": 0.3333333333333333, ""hit3"": 1, ""hit1"": 0, ""first_relevant_rank"": 3}, {""entry_id"": ""E024"", ""category"": ""ADR (Consequences)"", ""ndcg5"": 0.43067655807339306, ""mrr5"": 0.25, ""hit3"": 0, ""hit1"": 0, ""first_relevant_rank"": 4}, {""entry_id"": ""E025"", ""category"": ""ADR (Context)"", ""ndcg5"": 0.5, ""mrr5"": 0.3333333333333333, ""hit3"": 1, ""hit1"": 0, ""first_relevant_rank"": 3}, {""entry_id"": ""E026"", ""category"": ""ADR (Decision)"", ""ndcg5"": 1.0, ""mrr5"": 1.0, ""hit3"": 1, ""hit1"": 1, ""first_relevant_rank"": 1}, {""entry_id"": ""E027"", ""category"": ""ADR (Consequences)"", ""ndcg5"": 0.0, ""mrr5"": 0.0, ""hit3"": 0, ""hit1"": 0, ""first_relevant_rank"": null}, {""entry_id"": ""E028"", ""category"": ""ADR (Context)"", ""ndcg5"": 0.38685280723454163, ""mrr5"": 0.2, ""hit3"": 0, ""hit1"": 0, ""first_relevant_rank"": 5}, {""entry_id"": ""E029"", ""category"": ""ADR (Decision)"", ""ndcg5"": 0.6309297535714575, ""mrr5"": 0.5, ""hit3"": 1, ""hit1"": 0, ""first_relevant_rank"": 2}, {""entry_id"": ""E030"", ""category"": ""ADR (Consequences)"", ""ndcg5"": 0.0, ""mrr5"": 0.0, ""hit3"": 0, ""hit1"": 0, ""first_relevant_rank"": null}, {""entry_id"": ""E031"", ""category"": ""ADR (Context)"", ""ndcg5"": 0.6309297535714575, ""mrr5"": 0.5, ""hit3"": 1, ""hit1"": 0, ""first_relevant_rank"": 2}, {""entry_id"": ""E032"", ""category"": ""ADR (Decision)"", ""ndcg5"": 0.5, ""mrr5"": 0.3333333333333333, ""hit3"": 1, ""hit1"": 0, ""first_relevant_rank"": 3}, {""entry_id"": ""E033"", ""category"": ""ADR (Consequences)"", ""ndcg5"": 0.0, ""mrr5"": 0.0, ""hit3"": 0, ""hit1"": 0, ""first_relevant_rank"": null}, {""entry_id"": ""E034"", ""category"": ""ADR (Context)"", ""ndcg5"": 0.0, ""mrr5"": 0.0, ""hit3"": 0, ""hit1"": 0, ""first_relevant_rank"": null}, {""entry_id"": ""E035"", ""category"": ""ADR (Decision)"", ""ndcg5"": 0.0, ""mrr5"": 0.0, ""hit3"": 0, ""hit1"": 0, ""first_relevant_rank"": null}, {""entry_id"": ""E036"", ""category"": ""ADR (Consequences)"", ""ndcg5"": 0.0, ""mrr5"": 0.0, ""hit3"": 0, ""hit1"": 0, ""first_relevant_rank"": null}, {""entry_id"": ""E037"", ""category"": ""ADR (Context)"", ""ndcg5"": 0.5, ""mrr5"": 0.3333333333333333, ""hit3"": 1, ""hit1"": 0, ""first_relevant_rank"": 3}, {""entry_id"": ""E038"", ""category"": ""ADR (Decision)"", ""ndcg5"": 1.0, ""mrr5"": 1.0, ""hit3"": 1, ""hit1"": 1, ""first_relevant_rank"": 1}, {""entry_id"": ""E039"", ""category"": ""ADR (Consequences)"", ""ndcg5"": 0.6309297535714575, ""mrr5"": 0.5, ""hit3"": 1, ""hit1"": 0, ""first_relevant_rank"": 2}, {""entry_id"": ""E040"", ""category"": ""ADR (Context)"", ""ndcg5"": 0.5, ""mrr5"": 0.3333333333333333, ""hit3"": 1, ""hit1"": 0, ""first_relevant_rank"": 3}, {""entry_id"": ""E041"", ""category"": ""ADR (Decision)"", ""ndcg5"": 0.43067655807339306, ""mrr5"": 0.25, ""hit3"": 0, ""hit1"": 0, ""first_relevant_rank"": 4}, {""entry_id"": ""E042"", ""category"": ""ADR (Consequences)"", ""ndcg5"": 1.0, ""mrr5"": 1.0, ""hit3"": 1, ""hit1"": 1, ""first_relevant_rank"": 1}, {""entry_id"": ""E043"", ""category"": ""ADR (Context)"", ""ndcg5"": 0.0, ""mrr5"": 0.0, ""hit3"": 0, ""hit1"": 0, ""first_relevant_rank"": null}, {""entry_id"": ""E044"", ""category"": ""ADR (Decision)"", ""ndcg5"": 0.6309297535714575, ""mrr5"": 0.5, ""hit3"": 1, ""hit1"": 0, ""first_relevant_rank"": 2}, {""entry_id"": ""E045"", ""category"": ""ADR (Consequences)"", ""ndcg5"": 0.0, ""mrr5"": 0.0, ""hit3"": 0, ""hit1"": 0, ""first_relevant_rank"": null}, {""entry_id"": ""E046"", ""category"": ""ADR (Content)"", ""ndcg5"": 1.0, ""mrr5"": 1.0, ""hit3"": 1, ""hit1"": 1, ""first_relevant_rank"": 1}, {""entry_id"": ""E047"", ""category"": ""ADR (Decision)"", ""ndcg5"": 0.6309297535714575, ""mrr5"": 0.5, ""hit3"": 1, ""hit1"": 0, ""first_relevant_rank"": 2}, {""entry_id"": ""E048"", ""category"": ""ADR (Consequences)"", ""ndcg5"": 0.5, ""mrr5"": 0.3333333333333333, ""hit3"": 1, ""hit1"": 0, ""first_relevant_rank"": 3}, {""entry_id"": ""E049"", ""category"": ""ADR (Context)"", ""ndcg5"": 0.6309297535714575, ""mrr5"": 0.5, ""hit3"": 1, ""hit1"": 0, ""first_relevant_rank"": 2}, {""entry_id"": ""E050"", ""category"": ""ADR (Decision)"", ""ndcg5"": 0.6309297535714575, ""mrr5"": 0.5, ""hit3"": 1, ""hit1"": 0, ""first_relevant_rank"": 2}, {""entry_id"": ""E051"", ""category"": ""ADR (Consequences)"", ""ndcg5"": 1.0, ""mrr5"": 1.0, ""hit3"": 1, ""hit1"": 1, ""first_relevant_rank"": 1}, {""entry_id"": ""E052"", ""category"": ""ADR (Context)"", ""ndcg5"": 1.0, ""mrr5"": 1.0, ""hit3"": 1, ""hit1"": 1, ""first_relevant_rank"": 1}, {""entry_id"": ""E053"", ""category"": ""ADR (Decision)"", ""ndcg5"": 1.0, ""mrr5"": 1.0, ""hit3"": 1, ""hit1"": 1, ""first_relevant_rank"": 1}, {""entry_id"": ""E054"", ""category"": ""ADR (Consequences)"", ""ndcg5"": 1.0, ""mrr5"": 1.0, ""hit3"": 1, ""hit1"": 1, ""first_relevant_rank"": 1}, {""entry_id"": ""E055"", ""category"": ""ADR (Context)"", ""ndcg5"": 1.0, ""mrr5"": 1.0, ""hit3"": 1, ""hit1"": 1, ""first_relevant_rank"": 1}, {""entry_id"": ""E056"", ""category"": ""ADR (Decision)"", ""ndcg5"": 0.5, ""mrr5"": 0.3333333333333333, ""hit3"": 1, ""hit1"": 0, ""first_relevant_rank"": 3}, {""entry_id"": ""E057"", ""category"": ""ADR (Content)"", ""ndcg5"": 0.0, ""mrr5"": 0.0, ""hit3"": 0, ""hit1"": 0, ""first_relevant_rank"": null}, {""entry_id"": ""E058"", ""category"": ""ADR (Context)"", ""ndcg5"": 0.5, ""mrr5"": 0.3333333333333333, ""hit3"": 1, ""hit1"": 0, ""first_relevant_rank"": 3}, {""entry_id"": ""E059"", ""category"": ""ADR (Decision)"", ""ndcg5"": 0.5, ""mrr5"": 0.3333333333333333, ""hit3"": 1, ""hit1"": 0, ""first_relevant_rank"": 3}, {""entry_id"": ""E060"", ""category"": ""ADR (Consequences)"", ""ndcg5"": 0.5, ""mrr5"": 0.3333333333333333, ""hit3"": 1, ""hit1"": 0, ""first_relevant_rank"": 3}, {""entry_id"": ""E061"", ""category"": ""ADR (Context)"", ""ndcg5"": 0.5, ""mrr5"": 0.3333333333333333, ""hit3"": 1, ""hit1"": 0, ""first_relevant_rank"": 3}, {""entry_id"": ""E062"", ""category"": ""ADR (Decision)"", ""ndcg5"": 0.0, ""mrr5"": 0.0, ""hit3"": 0, ""hit1"": 0, ""first_relevant_rank"": null}, {""entry_id"": ""E063"", ""category"": ""ADR (Consequences)"", ""ndcg5"": 0.0, ""mrr5"": 0.0, ""hit3"": 0, ""hit1"": 0, ""first_relevant_rank"": null}, {""entry_id"": ""E064"", ""category"": ""ADR (Context)"", ""ndcg5"": 0.0, ""mrr5"": 0.0, ""hit3"": 0, ""hit1"": 0, ""first_relevant_rank"": null}, {""entry_id"": ""E065"", ""category"": ""ADR (Decision)"", ""ndcg5"": 0.0, ""mrr5"": 0.0, ""hit3"": 0, ""hit1"": 0, ""first_relevant_rank"": null}, {""entry_id"": ""E066"", ""category"": ""ADR (Consequences)"", ""ndcg5"": 0.0, ""mrr5"": 0.0, ""hit3"": 0, ""hit1"": 0, ""first_relevant_rank"": null}, {""entry_id"": ""E067"", ""category"": ""ADR (Context)"", ""ndcg5"": 1.0, ""mrr5"": 1.0, ""hit3"": 1, ""hit1"": 1, ""first_relevant_rank"": 1}, {""entry_id"": ""E068"", ""category"": ""ADR (Decision)"", ""ndcg5"": 0.6309297535714575, ""mrr5"": 0.5, ""hit3"": 1, ""hit1"": 0, ""first_relevant_rank"": 2}, {""entry_id"": ""E069"", ""category"": ""ADR (Consequences)"", ""ndcg5"": 0.0, ""mrr5"": 0.0, ""hit3"": 0, ""hit1"": 0, ""first_relevant_rank"": null}, {""entry_id"": ""E070"", ""category"": ""ADR (Context)"", ""ndcg5"": 1.0, ""mrr5"": 1.0, ""hit3"": 1, ""hit1"": 1, ""first_relevant_rank"": 1}, {""entry_id"": ""E071"", ""category"": ""ADR (Decision)"", ""ndcg5"": 0.43067655807339306, ""mrr5"": 0.25, ""hit3"": 0, ""hit1"": 0, ""first_relevant_rank"": 4}, {""entry_id"": ""E072"", ""category"": ""ADR (Consequences)"", ""ndcg5"": 0.0, ""mrr5"": 0.0, ""hit3"": 0, ""hit1"": 0, ""first_relevant_rank"": null}, {""entry_id"": ""E073"", ""category"": ""ADR (Context)"", ""ndcg5"": 1.0, ""mrr5"": 1.0, ""hit3"": 1, ""hit1"": 1, ""first_relevant_rank"": 1}, {""entry_id"": ""E074"", ""category"": ""ADR (Decision)"", ""ndcg5"": 0.6309297535714575, ""mrr5"": 0.5, ""hit3"": 1, ""hit1"": 0, ""first_relevant_rank"": 2}, {""entry_id"": ""E075"", ""category"": ""ADR (Consequences)"", ""ndcg5"": 1.0, ""mrr5"": 1.0, ""hit3"": 1, ""hit1"": 1, ""first_relevant_rank"": 1}, {""entry_id"": ""E076"", ""category"": ""Non-file (hermes transcript)"", ""ndcg5"": 1.0, ""mrr5"": 1.0, ""hit3"": 1, ""hit1"": 1, ""first_relevant_rank"": 1}, {""entry_id"": ""E077"", ""category"": ""Non-file (hermes transcript)"", ""ndcg5"": 1.0, ""mrr5"": 1.0, ""hit3"": 1, ""hit1"": 1, ""first_relevant_rank"": 1}, {""entry_id"": ""E078"", ""category"": ""Non-file (hermes transcript)"", ""ndcg5"": 1.0, ""mrr5"": 1.0, ""hit3"": 1, ""hit1"": 1, ""first_relevant_rank"": 1}, {""entry_id"": ""E079"", ""category"": ""Non-file (hermes transcript)"", ""ndcg5"": 1.0, ""mrr5"": 1.0, ""hit3"": 1, ""hit1"": 1, ""first_relevant_rank"": 1}, {""entry_id"": ""E080"", ""category"": ""Non-file (hermes transcript)"", ""ndcg5"": 0.6309297535714575, ""mrr5"": 0.5, ""hit3"": 1, ""hit1"": 0, ""first_relevant_rank"": 2}, {""entry_id"": ""E081"", ""category"": ""Non-file (hermes transcript)"", ""ndcg5"": 1.0, ""mrr5"": 1.0, ""hit3"": 1, ""hit1"": 1, ""first_relevant_rank"": 1}, {""entry_id"": ""E082"", ""category"": ""Non-file (hermes transcript)"", ""ndcg5"": 0.5, ""mrr5"": 0.3333333333333333, ""hit3"": 1, ""hit1"": 0, ""first_relevant_rank"": 3}, {""entry_id"": ""E083"", ""category"": ""Non-file (hermes transcript)"", ""ndcg5"": 1.0, ""mrr5"": 1.0, ""hit3"": 1, ""hit1"": 1, ""first_relevant_rank"": 1}, {""entry_id"": ""E084"", ""category"": ""Non-file (hermes transcript)"", ""ndcg5"": 0.43067655807339306, ""mrr5"": 0.25, ""hit3"": 0, ""hit1"": 0, ""first_relevant_rank"": 4}, {""entry_id"": ""E085"", ""category"": ""Non-file (hermes transcript)"", ""ndcg5"": 1.0, ""mrr5"": 1.0, ""hit3"": 1, ""hit1"": 1, ""first_relevant_rank"": 1}, {""entry_id"": ""E086"", ""category"": ""Non-file (hermes transcript)"", ""ndcg5"": 1.0, ""mrr5"": 1.0, ""hit3"": 1, ""hit1"": 1, ""first_relevant_rank"": 1}, {""entry_id"": ""E087"", ""category"": ""Non-file (hermes transcript)"", ""ndcg5"": 1.0, ""mrr5"": 1.0, ""hit3"": 1, ""hit1"": 1, ""first_relevant_rank"": 1}, {""entry_id"": ""E088"", ""category"": ""Non-file (hermes transcript)"", ""ndcg5"": 1.0, ""mrr5"": 1.0, ""hit3"": 1, ""hit1"": 1, ""first_relevant_rank"": 1}, {""entry_id"": ""E089"", ""category"": ""Non-file (hermes transcript)"", ""ndcg5"": 1.0, ""mrr5"": 1.0, ""hit3"": 1, ""hit1"": 1, ""first_relevant_rank"": 1}, {""entry_id"": ""E090"", ""category"": ""Non-file (shared tier)"", ""ndcg5"": 1.0, ""mrr5"": 1.0, ""hit3"": 1, ""hit1"": 1, ""first_relevant_rank"": 1}, {""entry_id"": ""E091"", ""category"": ""Non-file (shared tier)"", ""ndcg5"": 1.0, ""mrr5"": 1.0, ""hit3"": 1, ""hit1"": 1, ""first_relevant_rank"": 1}, {""entry_id"": ""E092"", ""category"": ""Non-file (shared tier)"", ""ndcg5"": 1.0, ""mrr5"": 1.0, ""hit3"": 1, ""hit1"": 1, ""first_relevant_rank"": 1}, {""entry_id"": ""E093"", ""category"": ""Non-file (shared tier)"", ""ndcg5"": 1.0, ""mrr5"": 1.0, ""hit3"": 1, ""hit1"": 1, ""first_relevant_rank"": 1}, {""entry_id"": ""E094"", ""category"": ""Non-file (shared tier)"", ""ndcg5"": 1.0, ""mrr5"": 1.0, ""hit3"": 1, ""hit1"": 1, ""first_relevant_rank"": 1}, {""entry_id"": ""E095"", ""category"": ""Non-file (shared tier)"", ""ndcg5"": 1.0, ""mrr5"": 1.0, ""hit3"": 1, ""hit1"": 1, ""first_relevant_rank"": 1}, {""entry_id"": ""E096"", ""category"": ""Non-file (shared tier)"", ""ndcg5"": 1.0, ""mrr5"": 1.0, ""hit3"": 1, ""hit1"": 1, ""first_relevant_rank"": 1}, {""entry_id"": ""E097"", ""category"": ""Non-file (shared tier)"", ""ndcg5"": 1.0, ""mrr5"": 1.0, ""hit3"": 1, ""hit1"": 1, ""first_relevant_rank"": 1}, {""entry_id"": ""E098"", ""category"": ""Non-file (shared tier)"", ""ndcg5"": 1.0, ""mrr5"": 1.0, ""hit3"": 1, ""hit1"": 1, ""first_relevant_rank"": 1}, {""entry_id"": ""E099"", ""category"": ""Non-file (shared tier)"", ""ndcg5"": 1.0, ""mrr5"": 1.0, ""hit3"": 1, ""hit1"": 1, ""first_relevant_rank"": 1}, {""entry_id"": ""E100"", ""category"": ""Non-file (shared tier)"", ""ndcg5"": 1.0, ""mrr5"": 1.0, ""hit3"": 1, ""hit1"": 1, ""first_relevant_rank"": 1}]","{""ADR (Context)"": ""CategoryMetrics(category='ADR (Context)', count=24, mean_ndcg5=0.5267081326706542, mean_mrr5=0.425, hit3_rate=0.7083333333333334, hit1_rate=0.20833333333333334)"", ""ADR (Decision)"": ""CategoryMetrics(category='ADR (Decision)', count=25, mean_ndcg5=0.4813513777924029, mean_mrr5=0.38799999999999996, hit3_rate=0.64, hit1_rate=0.16)"", ""ADR (Consequences)"": ""CategoryMetrics(category='ADR (Consequences)', count=24, mean_ndcg5=0.44263385930373755, mean_mrr5=0.3958333333333333, hit3_rate=0.5, hit1_rate=0.2916666666666667)"", ""ADR (Content)"": ""CategoryMetrics(category='ADR (Content)', count=2, mean_ndcg5=0.5, mean_mrr5=0.5, hit3_rate=0.5, hit1_rate=0.5)"", ""Non-file (hermes transcript)"": ""CategoryMetrics(category='Non-file (hermes transcript)', count=14, mean_ndcg5=0.8972575936889179, mean_mrr5=0.8630952380952381, hit3_rate=0.9285714285714286, hit1_rate=0.7857142857142857)"", ""Non-file (shared tier)"": ""CategoryMetrics(category='Non-file (shared tier)', count=11, mean_ndcg5=1.0, mean_mrr5=1.0, hit3_rate=1.0, hit1_rate=1.0)""}"
vectorWeight=0,vectorWeight,0,memory,100,0.5887916180144824,0.5421666666666667,0.64,0.44,"[{""entry_id"": ""E001"", ""category"": ""ADR (Context)"", ""ndcg5"": 0.5, ""mrr5"": 0.3333333333333333, ""hit3"": 1, ""hit1"": 0, ""first_relevant_rank"": 3}, {""entry_id"": ""E002"", ""category"": ""ADR (Decision)"", ""ndcg5"": 0.5, ""mrr5"": 0.3333333333333333, ""hit3"": 1, ""hit1"": 0, ""first_relevant_rank"": 3}, {""entry_id"": ""E003"", ""category"": ""ADR (Consequences)"", ""ndcg5"": 1.0, ""mrr5"": 1.0, ""hit3"": 1, ""hit1"": 1, ""first_relevant_rank"": 1}, {""entry_id"": ""E004"", ""category"": ""ADR (Context)"", ""ndcg5"": 0.5, ""mrr5"": 0.3333333333333333, ""hit3"": 1, ""hit1"": 0, ""first_relevant_rank"": 3}, {""entry_id"": ""E005"", ""category"": ""ADR (Decision)"", ""ndcg5"": 0.0, ""mrr5"": 0.0, ""hit3"": 0, ""hit1"": 0, ""first_relevant_rank"": null}, {""entry_id"": ""E006"", ""category"": ""ADR (Consequences)"", ""ndcg5"": 1.0, ""mrr5"": 1.0, ""hit3"": 1, ""hit1"": 1, ""first_relevant_rank"": 1}, {""entry_id"": ""E007"", ""category"": ""ADR (Context)"", ""ndcg5"": 0.43067655807339306, ""mrr5"": 0.25, ""hit3"": 0, ""hit1"": 0, ""first_relevant_rank"": 4}, {""entry_id"": ""E008"", ""category"": ""ADR (Decision)"", ""ndcg5"": 0.0, ""mrr5"": 0.0, ""hit3"": 0, ""hit1"": 0, ""first_relevant_rank"": null}, {""entry_id"": ""E009"", ""category"": ""ADR (Consequences)"", ""ndcg5"": 0.6309297535714575, ""mrr5"": 0.5, ""hit3"": 1, ""hit1"": 0, ""first_relevant_rank"": 2}, {""entry_id"": ""E010"", ""category"": ""ADR (Context)"", ""ndcg5"": 0.6309297535714575, ""mrr5"": 0.5, ""hit3"": 1, ""hit1"": 0, ""first_relevant_rank"": 2}, {""entry_id"": ""E011"", ""category"": ""ADR (Decision)"", ""ndcg5"": 0.5, ""mrr5"": 0.3333333333333333, ""hit3"": 1, ""hit1"": 0, ""first_relevant_rank"": 3}, {""entry_id"": ""E012"", ""category"": ""ADR (Consequences)"", ""ndcg5"": 1.0, ""mrr5"": 1.0, ""hit3"": 1, ""hit1"": 1, ""first_relevant_rank"": 1}, {""entry_id"": ""E013"", ""category"": ""ADR (Context)"", ""ndcg5"": 0.5, ""mrr5"": 0.3333333333333333, ""hit3"": 1, ""hit1"": 0, ""first_relevant_rank"": 3}, {""entry_id"": ""E014"", ""category"": ""ADR (Decision)"", ""ndcg5"": 1.0, ""mrr5"": 1.0, ""hit3"": 1, ""hit1"": 1, ""first_relevant_rank"": 1}, {""entry_id"": ""E015"", ""category"": ""ADR (Consequences)"", ""ndcg5"": 1.0, ""mrr5"": 1.0, ""hit3"": 1, ""hit1"": 1, ""first_relevant_rank"": 1}, {""entry_id"": ""E016"", ""category"": ""ADR (Context)"", ""ndcg5"": 0.5, ""mrr5"": 0.3333333333333333, ""hit3"": 1, ""hit1"": 0, ""first_relevant_rank"": 3}, {""entry_id"": ""E017"", ""category"": ""ADR (Decision)"", ""ndcg5"": 0.0, ""mrr5"": 0.0, ""hit3"": 0, ""hit1"": 0, ""first_relevant_rank"": null}, {""entry_id"": ""E018"", ""category"": ""ADR (Consequences)"", ""ndcg5"": 0.0, ""mrr5"": 0.0, ""hit3"": 0, ""hit1"": 0, ""first_relevant_rank"": null}, {""entry_id"": ""E019"", ""category"": ""ADR (Context)"", ""ndcg5"": 0.0, ""mrr5"": 0.0, ""hit3"": 0, ""hit1"": 0, ""first_relevant_rank"": null}, {""entry_id"": ""E020"", ""category"": ""ADR (Decision)"", ""ndcg5"": 0.0, ""mrr5"": 0.0, ""hit3"": 0, ""hit1"": 0, ""first_relevant_rank"": null}, {""entry_id"": ""E021"", ""category"": ""ADR (Consequences)"", ""ndcg5"": 0.0, ""mrr5"": 0.0, ""hit3"": 0, ""hit1"": 0, ""first_relevant_rank"": null}, {""entry_id"": ""E022"", ""category"": ""ADR (Context)"", ""ndcg5"": 0.43067655807339306, ""mrr5"": 0.25, ""hit3"": 0, ""hit1"": 0, ""first_relevant_rank"": 4}, {""entry_id"": ""E023"", ""category"": ""ADR (Decision)"", ""ndcg5"": 1.0, ""mrr5"": 1.0, ""hit3"": 1, ""hit1"": 1, ""first_relevant_rank"": 1}, {""entry_id"": ""E024"", ""category"": ""ADR (Consequences)"", ""ndcg5"": 0.38685280723454163, ""mrr5"": 0.2, ""hit3"": 0, ""hit1"": 0, ""first_relevant_rank"": 5}, {""entry_id"": ""E025"", ""category"": ""ADR (Context)"", ""ndcg5"": 0.38685280723454163, ""mrr5"": 0.2, ""hit3"": 0, ""hit1"": 0, ""first_relevant_rank"": 5}, {""entry_id"": ""E026"", ""category"": ""ADR (Decision)"", ""ndcg5"": 1.0, ""mrr5"": 1.0, ""hit3"": 1, ""hit1"": 1, ""first_relevant_rank"": 1}, {""entry_id"": ""E027"", ""category"": ""ADR (Consequences)"", ""ndcg5"": 0.0, ""mrr5"": 0.0, ""hit3"": 0, ""hit1"": 0, ""first_relevant_rank"": null}, {""entry_id"": ""E028"", ""category"": ""ADR (Context)"", ""ndcg5"": 0.38685280723454163, ""mrr5"": 0.2, ""hit3"": 0, ""hit1"": 0, ""first_relevant_rank"": 5}, {""entry_id"": ""E029"", ""category"": ""ADR (Decision)"", ""ndcg5"": 0.6309297535714575, ""mrr5"": 0.5, ""hit3"": 1, ""hit1"": 0, ""first_relevant_rank"": 2}, {""entry_id"": ""E030"", ""category"": ""ADR (Consequences)"", ""ndcg5"": 0.0, ""mrr5"": 0.0, ""hit3"": 0, ""hit1"": 0, ""first_relevant_rank"": null}, {""entry_id"": ""E031"", ""category"": ""ADR (Context)"", ""ndcg5"": 0.0, ""mrr5"": 0.0, ""hit3"": 0, ""hit1"": 0, ""first_relevant_rank"": null}, {""entry_id"": ""E032"", ""category"": ""ADR (Decision)"", ""ndcg5"": 0.5, ""mrr5"": 0.3333333333333333, ""hit3"": 1, ""hit1"": 0, ""first_relevant_rank"": 3}, {""entry_id"": ""E033"", ""category"": ""ADR (Consequences)"", ""ndcg5"": 0.0, ""mrr5"": 0.0, ""hit3"": 0, ""hit1"": 0, ""first_relevant_rank"": null}, {""entry_id"": ""E034"", ""category"": ""ADR (Context)"", ""ndcg5"": 0.0, ""mrr5"": 0.0, ""hit3"": 0, ""hit1"": 0, ""first_relevant_rank"": null}, {""entry_id"": ""E035"", ""category"": ""ADR (Decision)"", ""ndcg5"": 0.0, ""mrr5"": 0.0, ""hit3"": 0, ""hit1"": 0, ""first_relevant_rank"": null}, {""entry_id"": ""E036"", ""category"": ""ADR (Consequences)"", ""ndcg5"": 0.0, ""mrr5"": 0.0, ""hit3"": 0, ""hit1"": 0, ""first_relevant_rank"": null}, {""entry_id"": ""E037"", ""category"": ""ADR (Context)"", ""ndcg5"": 0.5, ""mrr5"": 0.3333333333333333, ""hit3"": 1, ""hit1"": 0, ""first_relevant_rank"": 3}, {""entry_id"": ""E038"", ""category"": ""ADR (Decision)"", ""ndcg5"": 1.0, ""mrr5"": 1.0, ""hit3"": 1, ""hit1"": 1, ""first_relevant_rank"": 1}, {""entry_id"": ""E039"", ""category"": ""ADR (Consequences)"", ""ndcg5"": 0.6309297535714575, ""mrr5"": 0.5, ""hit3"": 1, ""hit1"": 0, ""first_relevant_rank"": 2}, {""entry_id"": ""E040"", ""category"": ""ADR (Context)"", ""ndcg5"": 0.43067655807339306, ""mrr5"": 0.25, ""hit3"": 0, ""hit1"": 0, ""first_relevant_rank"": 4}, {""entry_id"": ""E041"", ""category"": ""ADR (Decision)"", ""ndcg5"": 1.0, ""mrr5"": 1.0, ""hit3"": 1, ""hit1"": 1, ""first_relevant_rank"": 1}, {""entry_id"": ""E042"", ""category"": ""ADR (Consequences)"", ""ndcg5"": 1.0, ""mrr5"": 1.0, ""hit3"": 1, ""hit1"": 1, ""first_relevant_rank"": 1}, {""entry_id"": ""E043"", ""category"": ""ADR (Context)"", ""ndcg5"": 0.0, ""mrr5"": 0.0, ""hit3"": 0, ""hit1"": 0, ""first_relevant_rank"": null}, {""entry_id"": ""E044"", ""category"": ""ADR (Decision)"", ""ndcg5"": 0.6309297535714575, ""mrr5"": 0.5, ""hit3"": 1, ""hit1"": 0, ""first_relevant_rank"": 2}, {""entry_id"": ""E045"", ""category"": ""ADR (Consequences)"", ""ndcg5"": 0.0, ""mrr5"": 0.0, ""hit3"": 0, ""hit1"": 0, ""first_relevant_rank"": null}, {""entry_id"": ""E046"", ""category"": ""ADR (Content)"", ""ndcg5"": 1.0, ""mrr5"": 1.0, ""hit3"": 1, ""hit1"": 1, ""first_relevant_rank"": 1}, {""entry_id"": ""E047"", ""category"": ""ADR (Decision)"", ""ndcg5"": 0.6309297535714575, ""mrr5"": 0.5, ""hit3"": 1, ""hit1"": 0, ""first_relevant_rank"": 2}, {""entry_id"": ""E048"", ""category"": ""ADR (Consequences)"", ""ndcg5"": 0.0, ""mrr5"": 0.0, ""hit3"": 0, ""hit1"": 0, ""first_relevant_rank"": null}, {""entry_id"": ""E049"", ""category"": ""ADR (Context)"", ""ndcg5"": 0.5, ""mrr5"": 0.3333333333333333, ""hit3"": 1, ""hit1"": 0, ""first_relevant_rank"": 3}, {""entry_id"": ""E050"", ""category"": ""ADR (Decision)"", ""ndcg5"": 0.43067655807339306, ""mrr5"": 0.25, ""hit3"": 0, ""hit1"": 0, ""first_relevant_rank"": 4}, {""entry_id"": ""E051"", ""category"": ""ADR (Consequences)"", ""ndcg5"": 1.0, ""mrr5"": 1.0, ""hit3"": 1, ""hit1"": 1, ""first_relevant_rank"": 1}, {""entry_id"": ""E052"", ""category"": ""ADR (Context)"", ""ndcg5"": 1.0, ""mrr5"": 1.0, ""hit3"": 1, ""hit1"": 1, ""first_relevant_rank"": 1}, {""entry_id"": ""E053"", ""category"": ""ADR (Decision)"", ""ndcg5"": 1.0, ""mrr5"": 1.0, ""hit3"": 1, ""hit1"": 1, ""first_relevant_rank"": 1}, {""entry_id"": ""E054"", ""category"": ""ADR (Consequences)"", ""ndcg5"": 1.0, ""mrr5"": 1.0, ""hit3"": 1, ""hit1"": 1, ""first_relevant_rank"": 1}, {""entry_id"": ""E055"", ""category"": ""ADR (Context)"", ""ndcg5"": 1.0, ""mrr5"": 1.0, ""hit3"": 1, ""hit1"": 1, ""first_relevant_rank"": 1}, {""entry_id"": ""E056"", ""category"": ""ADR (Decision)"", ""ndcg5"": 0.0, ""mrr5"": 0.0, ""hit3"": 0, ""hit1"": 0, ""first_relevant_rank"": null}, {""entry_id"": ""E057"", ""category"": ""ADR (Content)"", ""ndcg5"": 0.0, ""mrr5"": 0.0, ""hit3"": 0, ""hit1"": 0, ""first_relevant_rank"": null}, {""entry_id"": ""E058"", ""category"": ""ADR (Context)"", ""ndcg5"": 0.5, ""mrr5"": 0.3333333333333333, ""hit3"": 1, ""hit1"": 0, ""first_relevant_rank"": 3}, {""entry_id"": ""E059"", ""category"": ""ADR (Decision)"", ""ndcg5"": 1.0, ""mrr5"": 1.0, ""hit3"": 1, ""hit1"": 1, ""first_relevant_rank"": 1}, {""entry_id"": ""E060"", ""category"": ""ADR (Consequences)"", ""ndcg5"": 0.38685280723454163, ""mrr5"": 0.2, ""hit3"": 0, ""hit1"": 0, ""first_relevant_rank"": 5}, {""entry_id"": ""E061"", ""category"": ""ADR (Context)"", ""ndcg5"": 1.0, ""mrr5"": 1.0, ""hit3"": 1, ""hit1"": 1, ""first_relevant_rank"": 1}, {""entry_id"": ""E062"", ""category"": ""ADR (Decision)"", ""ndcg5"": 0.0, ""mrr5"": 0.0, ""hit3"": 0, ""hit1"": 0, ""first_relevant_rank"": null}, {""entry_id"": ""E063"", ""category"": ""ADR (Consequences)"", ""ndcg5"": 0.0, ""mrr5"": 0.0, ""hit3"": 0, ""hit1"": 0, ""first_relevant_rank"": null}, {""entry_id"": ""E064"", ""category"": ""ADR (Context)"", ""ndcg5"": 0.0, ""mrr5"": 0.0, ""hit3"": 0, ""hit1"": 0, ""first_relevant_rank"": null}, {""entry_id"": ""E065"", ""category"": ""ADR (Decision)"", ""ndcg5"": 0.0, ""mrr5"": 0.0, ""hit3"": 0, ""hit1"": 0, ""first_relevant_rank"": null}, {""entry_id"": ""E066"", ""category"": ""ADR (Consequences)"", ""ndcg5"": 0.0, ""mrr5"": 0.0, ""hit3"": 0, ""hit1"": 0, ""first_relevant_rank"": null}, {""entry_id"": ""E067"", ""category"": ""ADR (Context)"", ""ndcg5"": 1.0, ""mrr5"": 1.0, ""hit3"": 1, ""hit1"": 1, ""first_relevant_rank"": 1}, {""entry_id"": ""E068"", ""category"": ""ADR (Decision)"", ""ndcg5"": 0.6309297535714575, ""mrr5"": 0.5, ""hit3"": 1, ""hit1"": 0, ""first_relevant_rank"": 2}, {""entry_id"": ""E069"", ""category"": ""ADR (Consequences)"", ""ndcg5"": 0.0, ""mrr5"": 0.0, ""hit3"": 0, ""hit1"": 0, ""first_relevant_rank"": null}, {""entry_id"": ""E070"", ""category"": ""ADR (Context)"", ""ndcg5"": 1.0, ""mrr5"": 1.0, ""hit3"": 1, ""hit1"": 1, ""first_relevant_rank"": 1}, {""entry_id"": ""E071"", ""category"": ""ADR (Decision)"", ""ndcg5"": 0.0, ""mrr5"": 0.0, ""hit3"": 0, ""hit1"": 0, ""first_relevant_rank"": null}, {""entry_id"": ""E072"", ""category"": ""ADR (Consequences)"", ""ndcg5"": 0.0, ""mrr5"": 0.0, ""hit3"": 0, ""hit1"": 0, ""first_relevant_rank"": null}, {""entry_id"": ""E073"", ""category"": ""ADR (Context)"", ""ndcg5"": 1.0, ""mrr5"": 1.0, ""hit3"": 1, ""hit1"": 1, ""first_relevant_rank"": 1}, {""entry_id"": ""E074"", ""category"": ""ADR (Decision)"", ""ndcg5"": 0.43067655807339306, ""mrr5"": 0.25, ""hit3"": 0, ""hit1"": 0, ""first_relevant_rank"": 4}, {""entry_id"": ""E075"", ""category"": ""ADR (Consequences)"", ""ndcg5"": 1.0, ""mrr5"": 1.0, ""hit3"": 1, ""hit1"": 1, ""first_relevant_rank"": 1}, {""entry_id"": ""E076"", ""category"": ""Non-file (hermes transcript)"", ""ndcg5"": 1.0, ""mrr5"": 1.0, ""hit3"": 1, ""hit1"": 1, ""first_relevant_rank"": 1}, {""entry_id"": ""E077"", ""category"": ""Non-file (hermes transcript)"", ""ndcg5"": 1.0, ""mrr5"": 1.0, ""hit3"": 1, ""hit1"": 1, ""first_relevant_rank"": 1}, {""entry_id"": ""E078"", ""category"": ""Non-file (hermes transcript)"", ""ndcg5"": 1.0, ""mrr5"": 1.0, ""hit3"": 1, ""hit1"": 1, ""first_relevant_rank"": 1}, {""entry_id"": ""E079"", ""category"": ""Non-file (hermes transcript)"", ""ndcg5"": 1.0, ""mrr5"": 1.0, ""hit3"": 1, ""hit1"": 1, ""first_relevant_rank"": 1}, {""entry_id"": ""E080"", ""category"": ""Non-file (hermes transcript)"", ""ndcg5"": 1.0, ""mrr5"": 1.0, ""hit3"": 1, ""hit1"": 1, ""first_relevant_rank"": 1}, {""entry_id"": ""E081"", ""category"": ""Non-file (hermes transcript)"", ""ndcg5"": 1.0, ""mrr5"": 1.0, ""hit3"": 1, ""hit1"": 1, ""first_relevant_rank"": 1}, {""entry_id"": ""E082"", ""category"": ""Non-file (hermes transcript)"", ""ndcg5"": 0.5, ""mrr5"": 0.3333333333333333, ""hit3"": 1, ""hit1"": 0, ""first_relevant_rank"": 3}, {""entry_id"": ""E083"", ""category"": ""Non-file (hermes transcript)"", ""ndcg5"": 1.0, ""mrr5"": 1.0, ""hit3"": 1, ""hit1"": 1, ""first_relevant_rank"": 1}, {""entry_id"": ""E084"", ""category"": ""Non-file (hermes transcript)"", ""ndcg5"": 0.6309297535714575, ""mrr5"": 0.5, ""hit3"": 1, ""hit1"": 0, ""first_relevant_rank"": 2}, {""entry_id"": ""E085"", ""category"": ""Non-file (hermes transcript)"", ""ndcg5"": 1.0, ""mrr5"": 1.0, ""hit3"": 1, ""hit1"": 1, ""first_relevant_rank"": 1}, {""entry_id"": ""E086"", ""category"": ""Non-file (hermes transcript)"", ""ndcg5"": 1.0, ""mrr5"": 1.0, ""hit3"": 1, ""hit1"": 1, ""first_relevant_rank"": 1}, {""entry_id"": ""E087"", ""category"": ""Non-file (hermes transcript)"", ""ndcg5"": 0.6309297535714575, ""mrr5"": 0.5, ""hit3"": 1, ""hit1"": 0, ""first_relevant_rank"": 2}, {""entry_id"": ""E088"", ""category"": ""Non-file (hermes transcript)"", ""ndcg5"": 1.0, ""mrr5"": 1.0, ""hit3"": 1, ""hit1"": 1, ""first_relevant_rank"": 1}, {""entry_id"": ""E089"", ""category"": ""Non-file (hermes transcript)"", ""ndcg5"": 1.0, ""mrr5"": 1.0, ""hit3"": 1, ""hit1"": 1, ""first_relevant_rank"": 1}, {""entry_id"": ""E090"", ""category"": ""Non-file (shared tier)"", ""ndcg5"": 1.0, ""mrr5"": 1.0, ""hit3"": 1, ""hit1"": 1, ""first_relevant_rank"": 1}, {""entry_id"": ""E091"", ""category"": ""Non-file (shared tier)"", ""ndcg5"": 1.0, ""mrr5"": 1.0, ""hit3"": 1, ""hit1"": 1, ""first_relevant_rank"": 1}, {""entry_id"": ""E092"", ""category"": ""Non-file (shared tier)"", ""ndcg5"": 1.0, ""mrr5"": 1.0, ""hit3"": 1, ""hit1"": 1, ""first_relevant_rank"": 1}, {""entry_id"": ""E093"", ""category"": ""Non-file (shared tier)"", ""ndcg5"": 1.0, ""mrr5"": 1.0, ""hit3"": 1, ""hit1"": 1, ""first_relevant_rank"": 1}, {""entry_id"": ""E094"", ""category"": ""Non-file (shared tier)"", ""ndcg5"": 1.0, ""mrr5"": 1.0, ""hit3"": 1, ""hit1"": 1, ""first_relevant_rank"": 1}, {""entry_id"": ""E095"", ""category"": ""Non-file (shared tier)"", ""ndcg5"": 1.0, ""mrr5"": 1.0, ""hit3"": 1, ""hit1"": 1, ""first_relevant_rank"": 1}, {""entry_id"": ""E096"", ""category"": ""Non-file (shared tier)"", ""ndcg5"": 1.0, ""mrr5"": 1.0, ""hit3"": 1, ""hit1"": 1, ""first_relevant_rank"": 1}, {""entry_id"": ""E097"", ""category"": ""Non-file (shared tier)"", ""ndcg5"": 1.0, ""mrr5"": 1.0, ""hit3"": 1, ""hit1"": 1, ""first_relevant_rank"": 1}, {""entry_id"": ""E098"", ""category"": ""Non-file (shared tier)"", ""ndcg5"": 1.0, ""mrr5"": 1.0, ""hit3"": 1, ""hit1"": 1, ""first_relevant_rank"": 1}, {""entry_id"": ""E099"", ""category"": ""Non-file (shared tier)"", ""ndcg5"": 1.0, ""mrr5"": 1.0, ""hit3"": 1, ""hit1"": 1, ""first_relevant_rank"": 1}, {""entry_id"": ""E100"", ""category"": ""Non-file (shared tier)"", ""ndcg5"": 1.0, ""mrr5"": 1.0, ""hit3"": 1, ""hit1"": 1, ""first_relevant_rank"": 1}]","{""ADR (Context)"": ""CategoryMetrics(category='ADR (Context)', count=24, mean_ndcg5=0.5081943767608633, mean_mrr5=0.4159722222222222, hit3_rate=0.5833333333333334, hit1_rate=0.25)"", ""ADR (Decision)"": ""CategoryMetrics(category='ADR (Decision)', count=25, mean_ndcg5=0.47540288521730467, mean_mrr5=0.42, hit3_rate=0.56, hit1_rate=0.28)"", ""ADR (Consequences)"": ""CategoryMetrics(category='ADR (Consequences)', count=24, mean_ndcg5=0.4181485467338333, mean_mrr5=0.39166666666666666, hit3_rate=0.4166666666666667, hit1_rate=0.3333333333333333)"", ""ADR (Content)"": ""CategoryMetrics(category='ADR (Content)', count=2, mean_ndcg5=0.5, mean_mrr5=0.5, hit3_rate=0.5, hit1_rate=0.5)"", ""Non-file (hermes transcript)"": ""CategoryMetrics(category='Non-file (hermes transcript)', count=14, mean_ndcg5=0.9115613933673511, mean_mrr5=0.880952380952381, hit3_rate=1.0, hit1_rate=0.7857142857142857)"", ""Non-file (shared tier)"": ""CategoryMetrics(category='Non-file (shared tier)', count=11, mean_ndcg5=1.0, mean_mrr5=1.0, hit3_rate=1.0, hit1_rate=1.0)""}"
vectorWeight=1,vectorWeight,1,memory,100,0.6105391530585856,0.5676666666666667,0.65,0.47,"[{""entry_id"": ""E001"", ""category"": ""ADR (Context)"", ""ndcg5"": 1.0, ""mrr5"": 1.0, ""hit3"": 1, ""hit1"": 1, ""first_relevant_rank"": 1}, {""entry_id"": ""E002"", ""category"": ""ADR (Decision)"", ""ndcg5"": 1.0, ""mrr5"": 1.0, ""hit3"": 1, ""hit1"": 1, ""first_relevant_rank"": 1}, {""entry_id"": ""E003"", ""category"": ""ADR (Consequences)"", ""ndcg5"": 0.0, ""mrr5"": 0.0, ""hit3"": 0, ""hit1"": 0, ""first_relevant_rank"": null}, {""entry_id"": ""E004"", ""category"": ""ADR (Context)"", ""ndcg5"": 0.38685280723454163, ""mrr5"": 0.2, ""hit3"": 0, ""hit1"": 0, ""first_relevant_rank"": 5}, {""entry_id"": ""E005"", ""category"": ""ADR (Decision)"", ""ndcg5"": 0.38685280723454163, ""mrr5"": 0.2, ""hit3"": 0, ""hit1"": 0, ""first_relevant_rank"": 5}, {""entry_id"": ""E006"", ""category"": ""ADR (Consequences)"", ""ndcg5"": 1.0, ""mrr5"": 1.0, ""hit3"": 1, ""hit1"": 1, ""first_relevant_rank"": 1}, {""entry_id"": ""E007"", ""category"": ""ADR (Context)"", ""ndcg5"": 0.5, ""mrr5"": 0.3333333333333333, ""hit3"": 1, ""hit1"": 0, ""first_relevant_rank"": 3}, {""entry_id"": ""E008"", ""category"": ""ADR (Decision)"", ""ndcg5"": 0.0, ""mrr5"": 0.0, ""hit3"": 0, ""hit1"": 0, ""first_relevant_rank"": null}, {""entry_id"": ""E009"", ""category"": ""ADR (Consequences)"", ""ndcg5"": 0.6309297535714575, ""mrr5"": 0.5, ""hit3"": 1, ""hit1"": 0, ""first_relevant_rank"": 2}, {""entry_id"": ""E010"", ""category"": ""ADR (Context)"", ""ndcg5"": 0.6309297535714575, ""mrr5"": 0.5, ""hit3"": 1, ""hit1"": 0, ""first_relevant_rank"": 2}, {""entry_id"": ""E011"", ""category"": ""ADR (Decision)"", ""ndcg5"": 0.5, ""mrr5"": 0.3333333333333333, ""hit3"": 1, ""hit1"": 0, ""first_relevant_rank"": 3}, {""entry_id"": ""E012"", ""category"": ""ADR (Consequences)"", ""ndcg5"": 1.0, ""mrr5"": 1.0, ""hit3"": 1, ""hit1"": 1, ""first_relevant_rank"": 1}, {""entry_id"": ""E013"", ""category"": ""ADR (Context)"", ""ndcg5"": 0.43067655807339306, ""mrr5"": 0.25, ""hit3"": 0, ""hit1"": 0, ""first_relevant_rank"": 4}, {""entry_id"": ""E014"", ""category"": ""ADR (Decision)"", ""ndcg5"": 1.0, ""mrr5"": 1.0, ""hit3"": 1, ""hit1"": 1, ""first_relevant_rank"": 1}, {""entry_id"": ""E015"", ""category"": ""ADR (Consequences)"", ""ndcg5"": 1.0, ""mrr5"": 1.0, ""hit3"": 1, ""hit1"": 1, ""first_relevant_rank"": 1}, {""entry_id"": ""E016"", ""category"": ""ADR (Context)"", ""ndcg5"": 0.43067655807339306, ""mrr5"": 0.25, ""hit3"": 0, ""hit1"": 0, ""first_relevant_rank"": 4}, {""entry_id"": ""E017"", ""category"": ""ADR (Decision)"", ""ndcg5"": 0.0, ""mrr5"": 0.0, ""hit3"": 0, ""hit1"": 0, ""first_relevant_rank"": null}, {""entry_id"": ""E018"", ""category"": ""ADR (Consequences)"", ""ndcg5"": 0.6309297535714575, ""mrr5"": 0.5, ""hit3"": 1, ""hit1"": 0, ""first_relevant_rank"": 2}, {""entry_id"": ""E019"", ""category"": ""ADR (Context)"", ""ndcg5"": 0.6309297535714575, ""mrr5"": 0.5, ""hit3"": 1, ""hit1"": 0, ""first_relevant_rank"": 2}, {""entry_id"": ""E020"", ""category"": ""ADR (Decision)"", ""ndcg5"": 0.0, ""mrr5"": 0.0, ""hit3"": 0, ""hit1"": 0, ""first_relevant_rank"": null}, {""entry_id"": ""E021"", ""category"": ""ADR (Consequences)"", ""ndcg5"": 0.0, ""mrr5"": 0.0, ""hit3"": 0, ""hit1"": 0, ""first_relevant_rank"": null}, {""entry_id"": ""E022"", ""category"": ""ADR (Context)"", ""ndcg5"": 0.0, ""mrr5"": 0.0, ""hit3"": 0, ""hit1"": 0, ""first_relevant_rank"": null}, {""entry_id"": ""E023"", ""category"": ""ADR (Decision)"", ""ndcg5"": 1.0, ""mrr5"": 1.0, ""hit3"": 1, ""hit1"": 1, ""first_relevant_rank"": 1}, {""entry_id"": ""E024"", ""category"": ""ADR (Consequences)"", ""ndcg5"": 0.0, ""mrr5"": 0.0, ""hit3"": 0, ""hit1"": 0, ""first_relevant_rank"": null}, {""entry_id"": ""E025"", ""category"": ""ADR (Context)"", ""ndcg5"": 0.43067655807339306, ""mrr5"": 0.25, ""hit3"": 0, ""hit1"": 0, ""first_relevant_rank"": 4}, {""entry_id"": ""E026"", ""category"": ""ADR (Decision)"", ""ndcg5"": 1.0, ""mrr5"": 1.0, ""hit3"": 1, ""hit1"": 1, ""first_relevant_rank"": 1}, {""entry_id"": ""E027"", ""category"": ""ADR (Consequences)"", ""ndcg5"": 0.0, ""mrr5"": 0.0, ""hit3"": 0, ""hit1"": 0, ""first_relevant_rank"": null}, {""entry_id"": ""E028"", ""category"": ""ADR (Context)"", ""ndcg5"": 1.0, ""mrr5"": 1.0, ""hit3"": 1, ""hit1"": 1, ""first_relevant_rank"": 1}, {""entry_id"": ""E029"", ""category"": ""ADR (Decision)"", ""ndcg5"": 0.0, ""mrr5"": 0.0, ""hit3"": 0, ""hit1"": 0, ""first_relevant_rank"": null}, {""entry_id"": ""E030"", ""category"": ""ADR (Consequences)"", ""ndcg5"": 0.0, ""mrr5"": 0.0, ""hit3"": 0, ""hit1"": 0, ""first_relevant_rank"": null}, {""entry_id"": ""E031"", ""category"": ""ADR (Context)"", ""ndcg5"": 0.6309297535714575, ""mrr5"": 0.5, ""hit3"": 1, ""hit1"": 0, ""first_relevant_rank"": 2}, {""entry_id"": ""E032"", ""category"": ""ADR (Decision)"", ""ndcg5"": 0.38685280723454163, ""mrr5"": 0.2, ""hit3"": 0, ""hit1"": 0, ""first_relevant_rank"": 5}, {""entry_id"": ""E033"", ""category"": ""ADR (Consequences)"", ""ndcg5"": 0.0, ""mrr5"": 0.0, ""hit3"": 0, ""hit1"": 0, ""first_relevant_rank"": null}, {""entry_id"": ""E034"", ""category"": ""ADR (Context)"", ""ndcg5"": 0.0, ""mrr5"": 0.0, ""hit3"": 0, ""hit1"": 0, ""first_relevant_rank"": null}, {""entry_id"": ""E035"", ""category"": ""ADR (Decision)"", ""ndcg5"": 0.0, ""mrr5"": 0.0, ""hit3"": 0, ""hit1"": 0, ""first_relevant_rank"": null}, {""entry_id"": ""E036"", ""category"": ""ADR (Consequences)"", ""ndcg5"": 0.0, ""mrr5"": 0.0, ""hit3"": 0, ""hit1"": 0, ""first_relevant_rank"": null}, {""entry_id"": ""E037"", ""category"": ""ADR (Context)"", ""ndcg5"": 0.6309297535714575, ""mrr5"": 0.5, ""hit3"": 1, ""hit1"": 0, ""first_relevant_rank"": 2}, {""entry_id"": ""E038"", ""category"": ""ADR (Decision)"", ""ndcg5"": 1.0, ""mrr5"": 1.0, ""hit3"": 1, ""hit1"": 1, ""first_relevant_rank"": 1}, {""entry_id"": ""E039"", ""category"": ""ADR (Consequences)"", ""ndcg5"": 0.6309297535714575, ""mrr5"": 0.5, ""hit3"": 1, ""hit1"": 0, ""first_relevant_rank"": 2}, {""entry_id"": ""E040"", ""category"": ""ADR (Context)"", ""ndcg5"": 0.43067655807339306, ""mrr5"": 0.25, ""hit3"": 0, ""hit1"": 0, ""first_relevant_rank"": 4}, {""entry_id"": ""E041"", ""category"": ""ADR (Decision)"", ""ndcg5"": 1.0, ""mrr5"": 1.0, ""hit3"": 1, ""hit1"": 1, ""first_relevant_rank"": 1}, {""entry_id"": ""E042"", ""category"": ""ADR (Consequences)"", ""ndcg5"": 1.0, ""mrr5"": 1.0, ""hit3"": 1, ""hit1"": 1, ""first_relevant_rank"": 1}, {""entry_id"": ""E043"", ""category"": ""ADR (Context)"", ""ndcg5"": 0.0, ""mrr5"": 0.0, ""hit3"": 0, ""hit1"": 0, ""first_relevant_rank"": null}, {""entry_id"": ""E044"", ""category"": ""ADR (Decision)"", ""ndcg5"": 0.6309297535714575, ""mrr5"": 0.5, ""hit3"": 1, ""hit1"": 0, ""first_relevant_rank"": 2}, {""entry_id"": ""E045"", ""category"": ""ADR (Consequences)"", ""ndcg5"": 0.0, ""mrr5"": 0.0, ""hit3"": 0, ""hit1"": 0, ""first_relevant_rank"": null}, {""entry_id"": ""E046"", ""category"": ""ADR (Content)"", ""ndcg5"": 1.0, ""mrr5"": 1.0, ""hit3"": 1, ""hit1"": 1, ""first_relevant_rank"": 1}, {""entry_id"": ""E047"", ""category"": ""ADR (Decision)"", ""ndcg5"": 1.0, ""mrr5"": 1.0, ""hit3"": 1, ""hit1"": 1, ""first_relevant_rank"": 1}, {""entry_id"": ""E048"", ""category"": ""ADR (Consequences)"", ""ndcg5"": 1.0, ""mrr5"": 1.0, ""hit3"": 1, ""hit1"": 1, ""first_relevant_rank"": 1}, {""entry_id"": ""E049"", ""category"": ""ADR (Context)"", ""ndcg5"": 1.0, ""mrr5"": 1.0, ""hit3"": 1, ""hit1"": 1, ""first_relevant_rank"": 1}, {""entry_id"": ""E050"", ""category"": ""ADR (Decision)"", ""ndcg5"": 0.5, ""mrr5"": 0.3333333333333333, ""hit3"": 1, ""hit1"": 0, ""first_relevant_rank"": 3}, {""entry_id"": ""E051"", ""category"": ""ADR (Consequences)"", ""ndcg5"": 1.0, ""mrr5"": 1.0, ""hit3"": 1, ""hit1"": 1, ""first_relevant_rank"": 1}, {""entry_id"": ""E052"", ""category"": ""ADR (Context)"", ""ndcg5"": 1.0, ""mrr5"": 1.0, ""hit3"": 1, ""hit1"": 1, ""first_relevant_rank"": 1}, {""entry_id"": ""E053"", ""category"": ""ADR (Decision)"", ""ndcg5"": 1.0, ""mrr5"": 1.0, ""hit3"": 1, ""hit1"": 1, ""first_relevant_rank"": 1}, {""entry_id"": ""E054"", ""category"": ""ADR (Consequences)"", ""ndcg5"": 1.0, ""mrr5"": 1.0, ""hit3"": 1, ""hit1"": 1, ""first_relevant_rank"": 1}, {""entry_id"": ""E055"", ""category"": ""ADR (Context)"", ""ndcg5"": 1.0, ""mrr5"": 1.0, ""hit3"": 1, ""hit1"": 1, ""first_relevant_rank"": 1}, {""entry_id"": ""E056"", ""category"": ""ADR (Decision)"", ""ndcg5"": 0.5, ""mrr5"": 0.3333333333333333, ""hit3"": 1, ""hit1"": 0, ""first_relevant_rank"": 3}, {""entry_id"": ""E057"", ""category"": ""ADR (Content)"", ""ndcg5"": 0.0, ""mrr5"": 0.0, ""hit3"": 0, ""hit1"": 0, ""first_relevant_rank"": null}, {""entry_id"": ""E058"", ""category"": ""ADR (Context)"", ""ndcg5"": 1.0, ""mrr5"": 1.0, ""hit3"": 1, ""hit1"": 1, ""first_relevant_rank"": 1}, {""entry_id"": ""E059"", ""category"": ""ADR (Decision)"", ""ndcg5"": 0.5, ""mrr5"": 0.3333333333333333, ""hit3"": 1, ""hit1"": 0, ""first_relevant_rank"": 3}, {""entry_id"": ""E060"", ""category"": ""ADR (Consequences)"", ""ndcg5"": 0.43067655807339306, ""mrr5"": 0.25, ""hit3"": 0, ""hit1"": 0, ""first_relevant_rank"": 4}, {""entry_id"": ""E061"", ""category"": ""ADR (Context)"", ""ndcg5"": 1.0, ""mrr5"": 1.0, ""hit3"": 1, ""hit1"": 1, ""first_relevant_rank"": 1}, {""entry_id"": ""E062"", ""category"": ""ADR (Decision)"", ""ndcg5"": 0.0, ""mrr5"": 0.0, ""hit3"": 0, ""hit1"": 0, ""first_relevant_rank"": null}, {""entry_id"": ""E063"", ""category"": ""ADR (Consequences)"", ""ndcg5"": 0.0, ""mrr5"": 0.0, ""hit3"": 0, ""hit1"": 0, ""first_relevant_rank"": null}, {""entry_id"": ""E064"", ""category"": ""ADR (Context)"", ""ndcg5"": 0.5, ""mrr5"": 0.3333333333333333, ""hit3"": 1, ""hit1"": 0, ""first_relevant_rank"": 3}, {""entry_id"": ""E065"", ""category"": ""ADR (Decision)"", ""ndcg5"": 0.0, ""mrr5"": 0.0, ""hit3"": 0, ""hit1"": 0, ""first_relevant_rank"": null}, {""entry_id"": ""E066"", ""category"": ""ADR (Consequences)"", ""ndcg5"": 0.0, ""mrr5"": 0.0, ""hit3"": 0, ""hit1"": 0, ""first_relevant_rank"": null}, {""entry_id"": ""E067"", ""category"": ""ADR (Context)"", ""ndcg5"": 1.0, ""mrr5"": 1.0, ""hit3"": 1, ""hit1"": 1, ""first_relevant_rank"": 1}, {""entry_id"": ""E068"", ""category"": ""ADR (Decision)"", ""ndcg5"": 0.5, ""mrr5"": 0.3333333333333333, ""hit3"": 1, ""hit1"": 0, ""first_relevant_rank"": 3}, {""entry_id"": ""E069"", ""category"": ""ADR (Consequences)"", ""ndcg5"": 0.0, ""mrr5"": 0.0, ""hit3"": 0, ""hit1"": 0, ""first_relevant_rank"": null}, {""entry_id"": ""E070"", ""category"": ""ADR (Context)"", ""ndcg5"": 1.0, ""mrr5"": 1.0, ""hit3"": 1, ""hit1"": 1, ""first_relevant_rank"": 1}, {""entry_id"": ""E071"", ""category"": ""ADR (Decision)"", ""ndcg5"": 0.0, ""mrr5"": 0.0, ""hit3"": 0, ""hit1"": 0, ""first_relevant_rank"": null}, {""entry_id"": ""E072"", ""category"": ""ADR (Consequences)"", ""ndcg5"": 0.0, ""mrr5"": 0.0, ""hit3"": 0, ""hit1"": 0, ""first_relevant_rank"": null}, {""entry_id"": ""E073"", ""category"": ""ADR (Context)"", ""ndcg5"": 0.5, ""mrr5"": 0.3333333333333333, ""hit3"": 1, ""hit1"": 0, ""first_relevant_rank"": 3}, {""entry_id"": ""E074"", ""category"": ""ADR (Decision)"", ""ndcg5"": 0.6309297535714575, ""mrr5"": 0.5, ""hit3"": 1, ""hit1"": 0, ""first_relevant_rank"": 2}, {""entry_id"": ""E075"", ""category"": ""ADR (Consequences)"", ""ndcg5"": 1.0, ""mrr5"": 1.0, ""hit3"": 1, ""hit1"": 1, ""first_relevant_rank"": 1}, {""entry_id"": ""E076"", ""category"": ""Non-file (hermes transcript)"", ""ndcg5"": 1.0, ""mrr5"": 1.0, ""hit3"": 1, ""hit1"": 1, ""first_relevant_rank"": 1}, {""entry_id"": ""E077"", ""category"": ""Non-file (hermes transcript)"", ""ndcg5"": 1.0, ""mrr5"": 1.0, ""hit3"": 1, ""hit1"": 1, ""first_relevant_rank"": 1}, {""entry_id"": ""E078"", ""category"": ""Non-file (hermes transcript)"", ""ndcg5"": 1.0, ""mrr5"": 1.0, ""hit3"": 1, ""hit1"": 1, ""first_relevant_rank"": 1}, {""entry_id"": ""E079"", ""category"": ""Non-file (hermes transcript)"", ""ndcg5"": 1.0, ""mrr5"": 1.0, ""hit3"": 1, ""hit1"": 1, ""first_relevant_rank"": 1}, {""entry_id"": ""E080"", ""category"": ""Non-file (hermes transcript)"", ""ndcg5"": 0.0, ""mrr5"": 0.0, ""hit3"": 0, ""hit1"": 0, ""first_relevant_rank"": null}, {""entry_id"": ""E081"", ""category"": ""Non-file (hermes transcript)"", ""ndcg5"": 1.0, ""mrr5"": 1.0, ""hit3"": 1, ""hit1"": 1, ""first_relevant_rank"": 1}, {""entry_id"": ""E082"", ""category"": ""Non-file (hermes transcript)"", ""ndcg5"": 0.43067655807339306, ""mrr5"": 0.25, ""hit3"": 0, ""hit1"": 0, ""first_relevant_rank"": 4}, {""entry_id"": ""E083"", ""category"": ""Non-file (hermes transcript)"", ""ndcg5"": 1.0, ""mrr5"": 1.0, ""hit3"": 1, ""hit1"": 1, ""first_relevant_rank"": 1}, {""entry_id"": ""E084"", ""category"": ""Non-file (hermes transcript)"", ""ndcg5"": 0.0, ""mrr5"": 0.0, ""hit3"": 0, ""hit1"": 0, ""first_relevant_rank"": null}, {""entry_id"": ""E085"", ""category"": ""Non-file (hermes transcript)"", ""ndcg5"": 1.0, ""mrr5"": 1.0, ""hit3"": 1, ""hit1"": 1, ""first_relevant_rank"": 1}, {""entry_id"": ""E086"", ""category"": ""Non-file (hermes transcript)"", ""ndcg5"": 1.0, ""mrr5"": 1.0, ""hit3"": 1, ""hit1"": 1, ""first_relevant_rank"": 1}, {""entry_id"": ""E087"", ""category"": ""Non-file (hermes transcript)"", ""ndcg5"": 1.0, ""mrr5"": 1.0, ""hit3"": 1, ""hit1"": 1, ""first_relevant_rank"": 1}, {""entry_id"": ""E088"", ""category"": ""Non-file (hermes transcript)"", ""ndcg5"": 1.0, ""mrr5"": 1.0, ""hit3"": 1, ""hit1"": 1, ""first_relevant_rank"": 1}, {""entry_id"": ""E089"", ""category"": ""Non-file (hermes transcript)"", ""ndcg5"": 0.6309297535714575, ""mrr5"": 0.5, ""hit3"": 1, ""hit1"": 0, ""first_relevant_rank"": 2}, {""entry_id"": ""E090"", ""category"": ""Non-file (shared tier)"", ""ndcg5"": 1.0, ""mrr5"": 1.0, ""hit3"": 1, ""hit1"": 1, ""first_relevant_rank"": 1}, {""entry_id"": ""E091"", ""category"": ""Non-file (shared tier)"", ""ndcg5"": 1.0, ""mrr5"": 1.0, ""hit3"": 1, ""hit1"": 1, ""first_relevant_rank"": 1}, {""entry_id"": ""E092"", ""category"": ""Non-file (shared tier)"", ""ndcg5"": 1.0, ""mrr5"": 1.0, ""hit3"": 1, ""hit1"": 1, ""first_relevant_rank"": 1}, {""entry_id"": ""E093"", ""category"": ""Non-file (shared tier)"", ""ndcg5"": 1.0, ""mrr5"": 1.0, ""hit3"": 1, ""hit1"": 1, ""first_relevant_rank"": 1}, {""entry_id"": ""E094"", ""category"": ""Non-file (shared tier)"", ""ndcg5"": 1.0, ""mrr5"": 1.0, ""hit3"": 1, ""hit1"": 1, ""first_relevant_rank"": 1}, {""entry_id"": ""E095"", ""category"": ""Non-file (shared tier)"", ""ndcg5"": 1.0, ""mrr5"": 1.0, ""hit3"": 1, ""hit1"": 1, ""first_relevant_rank"": 1}, {""entry_id"": ""E096"", ""category"": ""Non-file (shared tier)"", ""ndcg5"": 1.0, ""mrr5"": 1.0, ""hit3"": 1, ""hit1"": 1, ""first_relevant_rank"": 1}, {""entry_id"": ""E097"", ""category"": ""Non-file (shared tier)"", ""ndcg5"": 1.0, ""mrr5"": 1.0, ""hit3"": 1, ""hit1"": 1, ""first_relevant_rank"": 1}, {""entry_id"": ""E098"", ""category"": ""Non-file (shared tier)"", ""ndcg5"": 1.0, ""mrr5"": 1.0, ""hit3"": 1, ""hit1"": 1, ""first_relevant_rank"": 1}, {""entry_id"": ""E099"", ""category"": ""Non-file (shared tier)"", ""ndcg5"": 1.0, ""mrr5"": 1.0, ""hit3"": 1, ""hit1"": 1, ""first_relevant_rank"": 1}, {""entry_id"": ""E100"", ""category"": ""Non-file (shared tier)"", ""ndcg5"": 1.0, ""mrr5"": 1.0, ""hit3"": 1, ""hit1"": 1, ""first_relevant_rank"": 1}]","{""ADR (Context)"": ""CategoryMetrics(category='ADR (Context)', count=24, mean_ndcg5=0.6305532522422477, mean_mrr5=0.5499999999999999, hit3_rate=0.6666666666666666, hit1_rate=0.375)"", ""ADR (Decision)"": ""CategoryMetrics(category='ADR (Decision)', count=25, mean_ndcg5=0.50142260486448, mean_mrr5=0.44266666666666665, hit3_rate=0.6, hit1_rate=0.32)"", ""ADR (Consequences)"": ""CategoryMetrics(category='ADR (Consequences)', count=24, mean_ndcg5=0.43014440911615687, mean_mrr5=0.40625, hit3_rate=0.4583333333333333, hit1_rate=0.3333333333333333)"", ""ADR (Content)"": ""CategoryMetrics(category='ADR (Content)', count=2, mean_ndcg5=0.5, mean_mrr5=0.5, hit3_rate=0.5, hit1_rate=0.5)"", ""Non-file (hermes transcript)"": ""CategoryMetrics(category='Non-file (hermes transcript)', count=14, mean_ndcg5=0.7901147365460607, mean_mrr5=0.7678571428571429, hit3_rate=0.7857142857142857, hit1_rate=0.7142857142857143)"", ""Non-file (shared tier)"": ""CategoryMetrics(category='Non-file (shared tier)', count=11, mean_ndcg5=1.0, mean_mrr5=1.0, hit3_rate=1.0, hit1_rate=1.0)""}"
vectorWeight=2,vectorWeight,2,memory,100,0.5869256218971177,0.5526666666666666,0.62,0.47,"[{""entry_id"": ""E001"", ""category"": ""ADR (Context)"", ""ndcg5"": 1.0, ""mrr5"": 1.0, ""hit3"": 1, ""hit1"": 1, ""first_relevant_rank"": 1}, {""entry_id"": ""E002"", ""category"": ""ADR (Decision)"", ""ndcg5"": 0.0, ""mrr5"": 0.0, ""hit3"": 0, ""hit1"": 0, ""first_relevant_rank"": null}, {""entry_id"": ""E003"", ""category"": ""ADR (Consequences)"", ""ndcg5"": 0.0, ""mrr5"": 0.0, ""hit3"": 0, ""hit1"": 0, ""first_relevant_rank"": null}, {""entry_id"": ""E004"", ""category"": ""ADR (Context)"", ""ndcg5"": 0.5, ""mrr5"": 0.3333333333333333, ""hit3"": 1, ""hit1"": 0, ""first_relevant_rank"": 3}, {""entry_id"": ""E005"", ""category"": ""ADR (Decision)"", ""ndcg5"": 0.38685280723454163, ""mrr5"": 0.2, ""hit3"": 0, ""hit1"": 0, ""first_relevant_rank"": 5}, {""entry_id"": ""E006"", ""category"": ""ADR (Consequences)"", ""ndcg5"": 1.0, ""mrr5"": 1.0, ""hit3"": 1, ""hit1"": 1, ""first_relevant_rank"": 1}, {""entry_id"": ""E007"", ""category"": ""ADR (Context)"", ""ndcg5"": 0.5, ""mrr5"": 0.3333333333333333, ""hit3"": 1, ""hit1"": 0, ""first_relevant_rank"": 3}, {""entry_id"": ""E008"", ""category"": ""ADR (Decision)"", ""ndcg5"": 0.0, ""mrr5"": 0.0, ""hit3"": 0, ""hit1"": 0, ""first_relevant_rank"": null}, {""entry_id"": ""E009"", ""category"": ""ADR (Consequences)"", ""ndcg5"": 0.6309297535714575, ""mrr5"": 0.5, ""hit3"": 1, ""hit1"": 0, ""first_relevant_rank"": 2}, {""entry_id"": ""E010"", ""category"": ""ADR (Context)"", ""ndcg5"": 1.0, ""mrr5"": 1.0, ""hit3"": 1, ""hit1"": 1, ""first_relevant_rank"": 1}, {""entry_id"": ""E011"", ""category"": ""ADR (Decision)"", ""ndcg5"": 0.0, ""mrr5"": 0.0, ""hit3"": 0, ""hit1"": 0, ""first_relevant_rank"": null}, {""entry_id"": ""E012"", ""category"": ""ADR (Consequences)"", ""ndcg5"": 1.0, ""mrr5"": 1.0, ""hit3"": 1, ""hit1"": 1, ""first_relevant_rank"": 1}, {""entry_id"": ""E013"", ""category"": ""ADR (Context)"", ""ndcg5"": 0.5, ""mrr5"": 0.3333333333333333, ""hit3"": 1, ""hit1"": 0, ""first_relevant_rank"": 3}, {""entry_id"": ""E014"", ""category"": ""ADR (Decision)"", ""ndcg5"": 1.0, ""mrr5"": 1.0, ""hit3"": 1, ""hit1"": 1, ""first_relevant_rank"": 1}, {""entry_id"": ""E015"", ""category"": ""ADR (Consequences)"", ""ndcg5"": 1.0, ""mrr5"": 1.0, ""hit3"": 1, ""hit1"": 1, ""first_relevant_rank"": 1}, {""entry_id"": ""E016"", ""category"": ""ADR (Context)"", ""ndcg5"": 0.43067655807339306, ""mrr5"": 0.25, ""hit3"": 0, ""hit1"": 0, ""first_relevant_rank"": 4}, {""entry_id"": ""E017"", ""category"": ""ADR (Decision)"", ""ndcg5"": 0.0, ""mrr5"": 0.0, ""hit3"": 0, ""hit1"": 0, ""first_relevant_rank"": null}, {""entry_id"": ""E018"", ""category"": ""ADR (Consequences)"", ""ndcg5"": 0.38685280723454163, ""mrr5"": 0.2, ""hit3"": 0, ""hit1"": 0, ""first_relevant_rank"": 5}, {""entry_id"": ""E019"", ""category"": ""ADR (Context)"", ""ndcg5"": 0.6309297535714575, ""mrr5"": 0.5, ""hit3"": 1, ""hit1"": 0, ""first_relevant_rank"": 2}, {""entry_id"": ""E020"", ""category"": ""ADR (Decision)"", ""ndcg5"": 0.0, ""mrr5"": 0.0, ""hit3"": 0, ""hit1"": 0, ""first_relevant_rank"": null}, {""entry_id"": ""E021"", ""category"": ""ADR (Consequences)"", ""ndcg5"": 0.0, ""mrr5"": 0.0, ""hit3"": 0, ""hit1"": 0, ""first_relevant_rank"": null}, {""entry_id"": ""E022"", ""category"": ""ADR (Context)"", ""ndcg5"": 0.0, ""mrr5"": 0.0, ""hit3"": 0, ""hit1"": 0, ""first_relevant_rank"": null}, {""entry_id"": ""E023"", ""category"": ""ADR (Decision)"", ""ndcg5"": 1.0, ""mrr5"": 1.0, ""hit3"": 1, ""hit1"": 1, ""first_relevant_rank"": 1}, {""entry_id"": ""E024"", ""category"": ""ADR (Consequences)"", ""ndcg5"": 0.0, ""mrr5"": 0.0, ""hit3"": 0, ""hit1"": 0, ""first_relevant_rank"": null}, {""entry_id"": ""E025"", ""category"": ""ADR (Context)"", ""ndcg5"": 0.5, ""mrr5"": 0.3333333333333333, ""hit3"": 1, ""hit1"": 0, ""first_relevant_rank"": 3}, {""entry_id"": ""E026"", ""category"": ""ADR (Decision)"", ""ndcg5"": 1.0, ""mrr5"": 1.0, ""hit3"": 1, ""hit1"": 1, ""first_relevant_rank"": 1}, {""entry_id"": ""E027"", ""category"": ""ADR (Consequences)"", ""ndcg5"": 0.0, ""mrr5"": 0.0, ""hit3"": 0, ""hit1"": 0, ""first_relevant_rank"": null}, {""entry_id"": ""E028"", ""category"": ""ADR (Context)"", ""ndcg5"": 1.0, ""mrr5"": 1.0, ""hit3"": 1, ""hit1"": 1, ""first_relevant_rank"": 1}, {""entry_id"": ""E029"", ""category"": ""ADR (Decision)"", ""ndcg5"": 0.0, ""mrr5"": 0.0, ""hit3"": 0, ""hit1"": 0, ""first_relevant_rank"": null}, {""entry_id"": ""E030"", ""category"": ""ADR (Consequences)"", ""ndcg5"": 0.0, ""mrr5"": 0.0, ""hit3"": 0, ""hit1"": 0, ""first_relevant_rank"": null}, {""entry_id"": ""E031"", ""category"": ""ADR (Context)"", ""ndcg5"": 0.0, ""mrr5"": 0.0, ""hit3"": 0, ""hit1"": 0, ""first_relevant_rank"": null}, {""entry_id"": ""E032"", ""category"": ""ADR (Decision)"", ""ndcg5"": 0.0, ""mrr5"": 0.0, ""hit3"": 0, ""hit1"": 0, ""first_relevant_rank"": null}, {""entry_id"": ""E033"", ""category"": ""ADR (Consequences)"", ""ndcg5"": 0.0, ""mrr5"": 0.0, ""hit3"": 0, ""hit1"": 0, ""first_relevant_rank"": null}, {""entry_id"": ""E034"", ""category"": ""ADR (Context)"", ""ndcg5"": 0.0, ""mrr5"": 0.0, ""hit3"": 0, ""hit1"": 0, ""first_relevant_rank"": null}, {""entry_id"": ""E035"", ""category"": ""ADR (Decision)"", ""ndcg5"": 0.0, ""mrr5"": 0.0, ""hit3"": 0, ""hit1"": 0, ""first_relevant_rank"": null}, {""entry_id"": ""E036"", ""category"": ""ADR (Consequences)"", ""ndcg5"": 0.0, ""mrr5"": 0.0, ""hit3"": 0, ""hit1"": 0, ""first_relevant_rank"": null}, {""entry_id"": ""E037"", ""category"": ""ADR (Context)"", ""ndcg5"": 0.6309297535714575, ""mrr5"": 0.5, ""hit3"": 1, ""hit1"": 0, ""first_relevant_rank"": 2}, {""entry_id"": ""E038"", ""category"": ""ADR (Decision)"", ""ndcg5"": 1.0, ""mrr5"": 1.0, ""hit3"": 1, ""hit1"": 1, ""first_relevant_rank"": 1}, {""entry_id"": ""E039"", ""category"": ""ADR (Consequences)"", ""ndcg5"": 0.6309297535714575, ""mrr5"": 0.5, ""hit3"": 1, ""hit1"": 0, ""first_relevant_rank"": 2}, {""entry_id"": ""E040"", ""category"": ""ADR (Context)"", ""ndcg5"": 0.0, ""mrr5"": 0.0, ""hit3"": 0, ""hit1"": 0, ""first_relevant_rank"": null}, {""entry_id"": ""E041"", ""category"": ""ADR (Decision)"", ""ndcg5"": 1.0, ""mrr5"": 1.0, ""hit3"": 1, ""hit1"": 1, ""first_relevant_rank"": 1}, {""entry_id"": ""E042"", ""category"": ""ADR (Consequences)"", ""ndcg5"": 1.0, ""mrr5"": 1.0, ""hit3"": 1, ""hit1"": 1, ""first_relevant_rank"": 1}, {""entry_id"": ""E043"", ""category"": ""ADR (Context)"", ""ndcg5"": 0.43067655807339306, ""mrr5"": 0.25, ""hit3"": 0, ""hit1"": 0, ""first_relevant_rank"": 4}, {""entry_id"": ""E044"", ""category"": ""ADR (Decision)"", ""ndcg5"": 1.0, ""mrr5"": 1.0, ""hit3"": 1, ""hit1"": 1, ""first_relevant_rank"": 1}, {""entry_id"": ""E045"", ""category"": ""ADR (Consequences)"", ""ndcg5"": 0.0, ""mrr5"": 0.0, ""hit3"": 0, ""hit1"": 0, ""first_relevant_rank"": null}, {""entry_id"": ""E046"", ""category"": ""ADR (Content)"", ""ndcg5"": 1.0, ""mrr5"": 1.0, ""hit3"": 1, ""hit1"": 1, ""first_relevant_rank"": 1}, {""entry_id"": ""E047"", ""category"": ""ADR (Decision)"", ""ndcg5"": 1.0, ""mrr5"": 1.0, ""hit3"": 1, ""hit1"": 1, ""first_relevant_rank"": 1}, {""entry_id"": ""E048"", ""category"": ""ADR (Consequences)"", ""ndcg5"": 1.0, ""mrr5"": 1.0, ""hit3"": 1, ""hit1"": 1, ""first_relevant_rank"": 1}, {""entry_id"": ""E049"", ""category"": ""ADR (Context)"", ""ndcg5"": 1.0, ""mrr5"": 1.0, ""hit3"": 1, ""hit1"": 1, ""first_relevant_rank"": 1}, {""entry_id"": ""E050"", ""category"": ""ADR (Decision)"", ""ndcg5"": 0.0, ""mrr5"": 0.0, ""hit3"": 0, ""hit1"": 0, ""first_relevant_rank"": null}, {""entry_id"": ""E051"", ""category"": ""ADR (Consequences)"", ""ndcg5"": 1.0, ""mrr5"": 1.0, ""hit3"": 1, ""hit1"": 1, ""first_relevant_rank"": 1}, {""entry_id"": ""E052"", ""category"": ""ADR (Context)"", ""ndcg5"": 1.0, ""mrr5"": 1.0, ""hit3"": 1, ""hit1"": 1, ""first_relevant_rank"": 1}, {""entry_id"": ""E053"", ""category"": ""ADR (Decision)"", ""ndcg5"": 1.0, ""mrr5"": 1.0, ""hit3"": 1, ""hit1"": 1, ""first_relevant_rank"": 1}, {""entry_id"": ""E054"", ""category"": ""ADR (Consequences)"", ""ndcg5"": 0.6309297535714575, ""mrr5"": 0.5, ""hit3"": 1, ""hit1"": 0, ""first_relevant_rank"": 2}, {""entry_id"": ""E055"", ""category"": ""ADR (Context)"", ""ndcg5"": 1.0, ""mrr5"": 1.0, ""hit3"": 1, ""hit1"": 1, ""first_relevant_rank"": 1}, {""entry_id"": ""E056"", ""category"": ""ADR (Decision)"", ""ndcg5"": 0.6309297535714575, ""mrr5"": 0.5, ""hit3"": 1, ""hit1"": 0, ""first_relevant_rank"": 2}, {""entry_id"": ""E057"", ""category"": ""ADR (Content)"", ""ndcg5"": 0.0, ""mrr5"": 0.0, ""hit3"": 0, ""hit1"": 0, ""first_relevant_rank"": null}, {""entry_id"": ""E058"", ""category"": ""ADR (Context)"", ""ndcg5"": 1.0, ""mrr5"": 1.0, ""hit3"": 1, ""hit1"": 1, ""first_relevant_rank"": 1}, {""entry_id"": ""E059"", ""category"": ""ADR (Decision)"", ""ndcg5"": 0.43067655807339306, ""mrr5"": 0.25, ""hit3"": 0, ""hit1"": 0, ""first_relevant_rank"": 4}, {""entry_id"": ""E060"", ""category"": ""ADR (Consequences)"", ""ndcg5"": 0.0, ""mrr5"": 0.0, ""hit3"": 0, ""hit1"": 0, ""first_relevant_rank"": null}, {""entry_id"": ""E061"", ""category"": ""ADR (Context)"", ""ndcg5"": 1.0, ""mrr5"": 1.0, ""hit3"": 1, ""hit1"": 1, ""first_relevant_rank"": 1}, {""entry_id"": ""E062"", ""category"": ""ADR (Decision)"", ""ndcg5"": 0.6309297535714575, ""mrr5"": 0.5, ""hit3"": 1, ""hit1"": 0, ""first_relevant_rank"": 2}, {""entry_id"": ""E063"", ""category"": ""ADR (Consequences)"", ""ndcg5"": 0.0, ""mrr5"": 0.0, ""hit3"": 0, ""hit1"": 0, ""first_relevant_rank"": null}, {""entry_id"": ""E064"", ""category"": ""ADR (Context)"", ""ndcg5"": 1.0, ""mrr5"": 1.0, ""hit3"": 1, ""hit1"": 1, ""first_relevant_rank"": 1}, {""entry_id"": ""E065"", ""category"": ""ADR (Decision)"", ""ndcg5"": 0.0, ""mrr5"": 0.0, ""hit3"": 0, ""hit1"": 0, ""first_relevant_rank"": null}, {""entry_id"": ""E066"", ""category"": ""ADR (Consequences)"", ""ndcg5"": 0.0, ""mrr5"": 0.0, ""hit3"": 0, ""hit1"": 0, ""first_relevant_rank"": null}, {""entry_id"": ""E067"", ""category"": ""ADR (Context)"", ""ndcg5"": 1.0, ""mrr5"": 1.0, ""hit3"": 1, ""hit1"": 1, ""first_relevant_rank"": 1}, {""entry_id"": ""E068"", ""category"": ""ADR (Decision)"", ""ndcg5"": 0.43067655807339306, ""mrr5"": 0.25, ""hit3"": 0, ""hit1"": 0, ""first_relevant_rank"": 4}, {""entry_id"": ""E069"", ""category"": ""ADR (Consequences)"", ""ndcg5"": 0.0, ""mrr5"": 0.0, ""hit3"": 0, ""hit1"": 0, ""first_relevant_rank"": null}, {""entry_id"": ""E070"", ""category"": ""ADR (Context)"", ""ndcg5"": 1.0, ""mrr5"": 1.0, ""hit3"": 1, ""hit1"": 1, ""first_relevant_rank"": 1}, {""entry_id"": ""E071"", ""category"": ""ADR (Decision)"", ""ndcg5"": 0.0, ""mrr5"": 0.0, ""hit3"": 0, ""hit1"": 0, ""first_relevant_rank"": null}, {""entry_id"": ""E072"", ""category"": ""ADR (Consequences)"", ""ndcg5"": 0.0, ""mrr5"": 0.0, ""hit3"": 0, ""hit1"": 0, ""first_relevant_rank"": null}, {""entry_id"": ""E073"", ""category"": ""ADR (Context)"", ""ndcg5"": 0.5, ""mrr5"": 0.3333333333333333, ""hit3"": 1, ""hit1"": 0, ""first_relevant_rank"": 3}, {""entry_id"": ""E074"", ""category"": ""ADR (Decision)"", ""ndcg5"": 1.0, ""mrr5"": 1.0, ""hit3"": 1, ""hit1"": 1, ""first_relevant_rank"": 1}, {""entry_id"": ""E075"", ""category"": ""ADR (Consequences)"", ""ndcg5"": 1.0, ""mrr5"": 1.0, ""hit3"": 1, ""hit1"": 1, ""first_relevant_rank"": 1}, {""entry_id"": ""E076"", ""category"": ""Non-file (hermes transcript)"", ""ndcg5"": 1.0, ""mrr5"": 1.0, ""hit3"": 1, ""hit1"": 1, ""first_relevant_rank"": 1}, {""entry_id"": ""E077"", ""category"": ""Non-file (hermes transcript)"", ""ndcg5"": 1.0, ""mrr5"": 1.0, ""hit3"": 1, ""hit1"": 1, ""first_relevant_rank"": 1}, {""entry_id"": ""E078"", ""category"": ""Non-file (hermes transcript)"", ""ndcg5"": 1.0, ""mrr5"": 1.0, ""hit3"": 1, ""hit1"": 1, ""first_relevant_rank"": 1}, {""entry_id"": ""E079"", ""category"": ""Non-file (hermes transcript)"", ""ndcg5"": 1.0, ""mrr5"": 1.0, ""hit3"": 1, ""hit1"": 1, ""first_relevant_rank"": 1}, {""entry_id"": ""E080"", ""category"": ""Non-file (hermes transcript)"", ""ndcg5"": 0.0, ""mrr5"": 0.0, ""hit3"": 0, ""hit1"": 0, ""first_relevant_rank"": null}, {""entry_id"": ""E081"", ""category"": ""Non-file (hermes transcript)"", ""ndcg5"": 1.0, ""mrr5"": 1.0, ""hit3"": 1, ""hit1"": 1, ""first_relevant_rank"": 1}, {""entry_id"": ""E082"", ""category"": ""Non-file (hermes transcript)"", ""ndcg5"": 0.38685280723454163, ""mrr5"": 0.2, ""hit3"": 0, ""hit1"": 0, ""first_relevant_rank"": 5}, {""entry_id"": ""E083"", ""category"": ""Non-file (hermes transcript)"", ""ndcg5"": 1.0, ""mrr5"": 1.0, ""hit3"": 1, ""hit1"": 1, ""first_relevant_rank"": 1}, {""entry_id"": ""E084"", ""category"": ""Non-file (hermes transcript)"", ""ndcg5"": 0.0, ""mrr5"": 0.0, ""hit3"": 0, ""hit1"": 0, ""first_relevant_rank"": null}, {""entry_id"": ""E085"", ""category"": ""Non-file (hermes transcript)"", ""ndcg5"": 1.0, ""mrr5"": 1.0, ""hit3"": 1, ""hit1"": 1, ""first_relevant_rank"": 1}, {""entry_id"": ""E086"", ""category"": ""Non-file (hermes transcript)"", ""ndcg5"": 1.0, ""mrr5"": 1.0, ""hit3"": 1, ""hit1"": 1, ""first_relevant_rank"": 1}, {""entry_id"": ""E087"", ""category"": ""Non-file (hermes transcript)"", ""ndcg5"": 0.6309297535714575, ""mrr5"": 0.5, ""hit3"": 1, ""hit1"": 0, ""first_relevant_rank"": 2}, {""entry_id"": ""E088"", ""category"": ""Non-file (hermes transcript)"", ""ndcg5"": 1.0, ""mrr5"": 1.0, ""hit3"": 1, ""hit1"": 1, ""first_relevant_rank"": 1}, {""entry_id"": ""E089"", ""category"": ""Non-file (hermes transcript)"", ""ndcg5"": 0.6309297535714575, ""mrr5"": 0.5, ""hit3"": 1, ""hit1"": 0, ""first_relevant_rank"": 2}, {""entry_id"": ""E090"", ""category"": ""Non-file (shared tier)"", ""ndcg5"": 1.0, ""mrr5"": 1.0, ""hit3"": 1, ""hit1"": 1, ""first_relevant_rank"": 1}, {""entry_id"": ""E091"", ""category"": ""Non-file (shared tier)"", ""ndcg5"": 1.0, ""mrr5"": 1.0, ""hit3"": 1, ""hit1"": 1, ""first_relevant_rank"": 1}, {""entry_id"": ""E092"", ""category"": ""Non-file (shared tier)"", ""ndcg5"": 1.0, ""mrr5"": 1.0, ""hit3"": 1, ""hit1"": 1, ""first_relevant_rank"": 1}, {""entry_id"": ""E093"", ""category"": ""Non-file (shared tier)"", ""ndcg5"": 1.0, ""mrr5"": 1.0, ""hit3"": 1, ""hit1"": 1, ""first_relevant_rank"": 1}, {""entry_id"": ""E094"", ""category"": ""Non-file (shared tier)"", ""ndcg5"": 0.6309297535714575, ""mrr5"": 0.5, ""hit3"": 1, ""hit1"": 0, ""first_relevant_rank"": 2}, {""entry_id"": ""E095"", ""category"": ""Non-file (shared tier)"", ""ndcg5"": 1.0, ""mrr5"": 1.0, ""hit3"": 1, ""hit1"": 1, ""first_relevant_rank"": 1}, {""entry_id"": ""E096"", ""category"": ""Non-file (shared tier)"", ""ndcg5"": 1.0, ""mrr5"": 1.0, ""hit3"": 1, ""hit1"": 1, ""first_relevant_rank"": 1}, {""entry_id"": ""E097"", ""category"": ""Non-file (shared tier)"", ""ndcg5"": 1.0, ""mrr5"": 1.0, ""hit3"": 1, ""hit1"": 1, ""first_relevant_rank"": 1}, {""entry_id"": ""E098"", ""category"": ""Non-file (shared tier)"", ""ndcg5"": 1.0, ""mrr5"": 1.0, ""hit3"": 1, ""hit1"": 1, ""first_relevant_rank"": 1}, {""entry_id"": ""E099"", ""category"": ""Non-file (shared tier)"", ""ndcg5"": 1.0, ""mrr5"": 1.0, ""hit3"": 1, ""hit1"": 1, ""first_relevant_rank"": 1}, {""entry_id"": ""E100"", ""category"": ""Non-file (shared tier)"", ""ndcg5"": 1.0, ""mrr5"": 1.0, ""hit3"": 1, ""hit1"": 1, ""first_relevant_rank"": 1}]","{""ADR (Context)"": ""CategoryMetrics(category='ADR (Context)', count=24, mean_ndcg5=0.6509671926370709, mean_mrr5=0.5902777777777778, hit3_rate=0.75, hit1_rate=0.4583333333333333)"", ""ADR (Decision)"": ""CategoryMetrics(category='ADR (Decision)', count=25, mean_ndcg5=0.4604026172209697, mean_mrr5=0.428, hit3_rate=0.44, hit1_rate=0.36)"", ""ADR (Consequences)"": ""CategoryMetrics(category='ADR (Consequences)', count=24, mean_ndcg5=0.3866517528312048, mean_mrr5=0.3625, hit3_rate=0.4166666666666667, hit1_rate=0.2916666666666667)"", ""ADR (Content)"": ""CategoryMetrics(category='ADR (Content)', count=2, mean_ndcg5=0.5, mean_mrr5=0.5, hit3_rate=0.5, hit1_rate=0.5)"", ""Non-file (hermes transcript)"": ""CategoryMetrics(category='Non-file (hermes transcript)', count=14, mean_ndcg5=0.7606223081698184, mean_mrr5=0.7285714285714285, hit3_rate=0.7857142857142857, hit1_rate=0.6428571428571429)"", ""Non-file (shared tier)"": ""CategoryMetrics(category='Non-file (shared tier)', count=11, mean_ndcg5=0.966448159415587, mean_mrr5=0.9545454545454546, hit3_rate=1.0, hit1_rate=0.9090909090909091)""}"
vectorWeight=3,vectorWeight,3,memory,100,0.5647274575660578,0.5261666666666667,0.6,0.43,"[{""entry_id"": ""E001"", ""category"": ""ADR (Context)"", ""ndcg5"": 1.0, ""mrr5"": 1.0, ""hit3"": 1, ""hit1"": 1, ""first_relevant_rank"": 1}, {""entry_id"": ""E002"", ""category"": ""ADR (Decision)"", ""ndcg5"": 0.0, ""mrr5"": 0.0, ""hit3"": 0, ""hit1"": 0, ""first_relevant_rank"": null}, {""entry_id"": ""E003"", ""category"": ""ADR (Consequences)"", ""ndcg5"": 0.0, ""mrr5"": 0.0, ""hit3"": 0, ""hit1"": 0, ""first_relevant_rank"": null}, {""entry_id"": ""E004"", ""category"": ""ADR (Context)"", ""ndcg5"": 0.5, ""mrr5"": 0.3333333333333333, ""hit3"": 1, ""hit1"": 0, ""first_relevant_rank"": 3}, {""entry_id"": ""E005"", ""category"": ""ADR (Decision)"", ""ndcg5"": 0.38685280723454163, ""mrr5"": 0.2, ""hit3"": 0, ""hit1"": 0, ""first_relevant_rank"": 5}, {""entry_id"": ""E006"", ""category"": ""ADR (Consequences)"", ""ndcg5"": 0.43067655807339306, ""mrr5"": 0.25, ""hit3"": 0, ""hit1"": 0, ""first_relevant_rank"": 4}, {""entry_id"": ""E007"", ""category"": ""ADR (Context)"", ""ndcg5"": 0.5, ""mrr5"": 0.3333333333333333, ""hit3"": 1, ""hit1"": 0, ""first_relevant_rank"": 3}, {""entry_id"": ""E008"", ""category"": ""ADR (Decision)"", ""ndcg5"": 0.0, ""mrr5"": 0.0, ""hit3"": 0, ""hit1"": 0, ""first_relevant_rank"": null}, {""entry_id"": ""E009"", ""category"": ""ADR (Consequences)"", ""ndcg5"": 0.6309297535714575, ""mrr5"": 0.5, ""hit3"": 1, ""hit1"": 0, ""first_relevant_rank"": 2}, {""entry_id"": ""E010"", ""category"": ""ADR (Context)"", ""ndcg5"": 1.0, ""mrr5"": 1.0, ""hit3"": 1, ""hit1"": 1, ""first_relevant_rank"": 1}, {""entry_id"": ""E011"", ""category"": ""ADR (Decision)"", ""ndcg5"": 0.0, ""mrr5"": 0.0, ""hit3"": 0, ""hit1"": 0, ""first_relevant_rank"": null}, {""entry_id"": ""E012"", ""category"": ""ADR (Consequences)"", ""ndcg5"": 1.0, ""mrr5"": 1.0, ""hit3"": 1, ""hit1"": 1, ""first_relevant_rank"": 1}, {""entry_id"": ""E013"", ""category"": ""ADR (Context)"", ""ndcg5"": 0.43067655807339306, ""mrr5"": 0.25, ""hit3"": 0, ""hit1"": 0, ""first_relevant_rank"": 4}, {""entry_id"": ""E014"", ""category"": ""ADR (Decision)"", ""ndcg5"": 1.0, ""mrr5"": 1.0, ""hit3"": 1, ""hit1"": 1, ""first_relevant_rank"": 1}, {""entry_id"": ""E015"", ""category"": ""ADR (Consequences)"", ""ndcg5"": 1.0, ""mrr5"": 1.0, ""hit3"": 1, ""hit1"": 1, ""first_relevant_rank"": 1}, {""entry_id"": ""E016"", ""category"": ""ADR (Context)"", ""ndcg5"": 0.43067655807339306, ""mrr5"": 0.25, ""hit3"": 0, ""hit1"": 0, ""first_relevant_rank"": 4}, {""entry_id"": ""E017"", ""category"": ""ADR (Decision)"", ""ndcg5"": 0.0, ""mrr5"": 0.0, ""hit3"": 0, ""hit1"": 0, ""first_relevant_rank"": null}, {""entry_id"": ""E018"", ""category"": ""ADR (Consequences)"", ""ndcg5"": 0.43067655807339306, ""mrr5"": 0.25, ""hit3"": 0, ""hit1"": 0, ""first_relevant_rank"": 4}, {""entry_id"": ""E019"", ""category"": ""ADR (Context)"", ""ndcg5"": 0.6309297535714575, ""mrr5"": 0.5, ""hit3"": 1, ""hit1"": 0, ""first_relevant_rank"": 2}, {""entry_id"": ""E020"", ""category"": ""ADR (Decision)"", ""ndcg5"": 0.0, ""mrr5"": 0.0, ""hit3"": 0, ""hit1"": 0, ""first_relevant_rank"": null}, {""entry_id"": ""E021"", ""category"": ""ADR (Consequences)"", ""ndcg5"": 0.0, ""mrr5"": 0.0, ""hit3"": 0, ""hit1"": 0, ""first_relevant_rank"": null}, {""entry_id"": ""E022"", ""category"": ""ADR (Context)"", ""ndcg5"": 0.0, ""mrr5"": 0.0, ""hit3"": 0, ""hit1"": 0, ""first_relevant_rank"": null}, {""entry_id"": ""E023"", ""category"": ""ADR (Decision)"", ""ndcg5"": 1.0, ""mrr5"": 1.0, ""hit3"": 1, ""hit1"": 1, ""first_relevant_rank"": 1}, {""entry_id"": ""E024"", ""category"": ""ADR (Consequences)"", ""ndcg5"": 0.0, ""mrr5"": 0.0, ""hit3"": 0, ""hit1"": 0, ""first_relevant_rank"": null}, {""entry_id"": ""E025"", ""category"": ""ADR (Context)"", ""ndcg5"": 1.0, ""mrr5"": 1.0, ""hit3"": 1, ""hit1"": 1, ""first_relevant_rank"": 1}, {""entry_id"": ""E026"", ""category"": ""ADR (Decision)"", ""ndcg5"": 1.0, ""mrr5"": 1.0, ""hit3"": 1, ""hit1"": 1, ""first_relevant_rank"": 1}, {""entry_id"": ""E027"", ""category"": ""ADR (Consequences)"", ""ndcg5"": 0.0, ""mrr5"": 0.0, ""hit3"": 0, ""hit1"": 0, ""first_relevant_rank"": null}, {""entry_id"": ""E028"", ""category"": ""ADR (Context)"", ""ndcg5"": 1.0, ""mrr5"": 1.0, ""hit3"": 1, ""hit1"": 1, ""first_relevant_rank"": 1}, {""entry_id"": ""E029"", ""category"": ""ADR (Decision)"", ""ndcg5"": 0.0, ""mrr5"": 0.0, ""hit3"": 0, ""hit1"": 0, ""first_relevant_rank"": null}, {""entry_id"": ""E030"", ""category"": ""ADR (Consequences)"", ""ndcg5"": 0.0, ""mrr5"": 0.0, ""hit3"": 0, ""hit1"": 0, ""first_relevant_rank"": null}, {""entry_id"": ""E031"", ""category"": ""ADR (Context)"", ""ndcg5"": 0.43067655807339306, ""mrr5"": 0.25, ""hit3"": 0, ""hit1"": 0, ""first_relevant_rank"": 4}, {""entry_id"": ""E032"", ""category"": ""ADR (Decision)"", ""ndcg5"": 0.0, ""mrr5"": 0.0, ""hit3"": 0, ""hit1"": 0, ""first_relevant_rank"": null}, {""entry_id"": ""E033"", ""category"": ""ADR (Consequences)"", ""ndcg5"": 0.0, ""mrr5"": 0.0, ""hit3"": 0, ""hit1"": 0, ""first_relevant_rank"": null}, {""entry_id"": ""E034"", ""category"": ""ADR (Context)"", ""ndcg5"": 0.0, ""mrr5"": 0.0, ""hit3"": 0, ""hit1"": 0, ""first_relevant_rank"": null}, {""entry_id"": ""E035"", ""category"": ""ADR (Decision)"", ""ndcg5"": 0.0, ""mrr5"": 0.0, ""hit3"": 0, ""hit1"": 0, ""first_relevant_rank"": null}, {""entry_id"": ""E036"", ""category"": ""ADR (Consequences)"", ""ndcg5"": 0.0, ""mrr5"": 0.0, ""hit3"": 0, ""hit1"": 0, ""first_relevant_rank"": null}, {""entry_id"": ""E037"", ""category"": ""ADR (Context)"", ""ndcg5"": 0.6309297535714575, ""mrr5"": 0.5, ""hit3"": 1, ""hit1"": 0, ""first_relevant_rank"": 2}, {""entry_id"": ""E038"", ""category"": ""ADR (Decision)"", ""ndcg5"": 1.0, ""mrr5"": 1.0, ""hit3"": 1, ""hit1"": 1, ""first_relevant_rank"": 1}, {""entry_id"": ""E039"", ""category"": ""ADR (Consequences)"", ""ndcg5"": 0.6309297535714575, ""mrr5"": 0.5, ""hit3"": 1, ""hit1"": 0, ""first_relevant_rank"": 2}, {""entry_id"": ""E040"", ""category"": ""ADR (Context)"", ""ndcg5"": 0.0, ""mrr5"": 0.0, ""hit3"": 0, ""hit1"": 0, ""first_relevant_rank"": null}, {""entry_id"": ""E041"", ""category"": ""ADR (Decision)"", ""ndcg5"": 1.0, ""mrr5"": 1.0, ""hit3"": 1, ""hit1"": 1, ""first_relevant_rank"": 1}, {""entry_id"": ""E042"", ""category"": ""ADR (Consequences)"", ""ndcg5"": 0.6309297535714575, ""mrr5"": 0.5, ""hit3"": 1, ""hit1"": 0, ""first_relevant_rank"": 2}, {""entry_id"": ""E043"", ""category"": ""ADR (Context)"", ""ndcg5"": 0.43067655807339306, ""mrr5"": 0.25, ""hit3"": 0, ""hit1"": 0, ""first_relevant_rank"": 4}, {""entry_id"": ""E044"", ""category"": ""ADR (Decision)"", ""ndcg5"": 0.5, ""mrr5"": 0.3333333333333333, ""hit3"": 1, ""hit1"": 0, ""first_relevant_rank"": 3}, {""entry_id"": ""E045"", ""category"": ""ADR (Consequences)"", ""ndcg5"": 0.0, ""mrr5"": 0.0, ""hit3"": 0, ""hit1"": 0, ""first_relevant_rank"": null}, {""entry_id"": ""E046"", ""category"": ""ADR (Content)"", ""ndcg5"": 1.0, ""mrr5"": 1.0, ""hit3"": 1, ""hit1"": 1, ""first_relevant_rank"": 1}, {""entry_id"": ""E047"", ""category"": ""ADR (Decision)"", ""ndcg5"": 1.0, ""mrr5"": 1.0, ""hit3"": 1, ""hit1"": 1, ""first_relevant_rank"": 1}, {""entry_id"": ""E048"", ""category"": ""ADR (Consequences)"", ""ndcg5"": 0.6309297535714575, ""mrr5"": 0.5, ""hit3"": 1, ""hit1"": 0, ""first_relevant_rank"": 2}, {""entry_id"": ""E049"", ""category"": ""ADR (Context)"", ""ndcg5"": 1.0, ""mrr5"": 1.0, ""hit3"": 1, ""hit1"": 1, ""first_relevant_rank"": 1}, {""entry_id"": ""E050"", ""category"": ""ADR (Decision)"", ""ndcg5"": 0.0, ""mrr5"": 0.0, ""hit3"": 0, ""hit1"": 0, ""first_relevant_rank"": null}, {""entry_id"": ""E051"", ""category"": ""ADR (Consequences)"", ""ndcg5"": 1.0, ""mrr5"": 1.0, ""hit3"": 1, ""hit1"": 1, ""first_relevant_rank"": 1}, {""entry_id"": ""E052"", ""category"": ""ADR (Context)"", ""ndcg5"": 1.0, ""mrr5"": 1.0, ""hit3"": 1, ""hit1"": 1, ""first_relevant_rank"": 1}, {""entry_id"": ""E053"", ""category"": ""ADR (Decision)"", ""ndcg5"": 1.0, ""mrr5"": 1.0, ""hit3"": 1, ""hit1"": 1, ""first_relevant_rank"": 1}, {""entry_id"": ""E054"", ""category"": ""ADR (Consequences)"", ""ndcg5"": 0.6309297535714575, ""mrr5"": 0.5, ""hit3"": 1, ""hit1"": 0, ""first_relevant_rank"": 2}, {""entry_id"": ""E055"", ""category"": ""ADR (Context)"", ""ndcg5"": 1.0, ""mrr5"": 1.0, ""hit3"": 1, ""hit1"": 1, ""first_relevant_rank"": 1}, {""entry_id"": ""E056"", ""category"": ""ADR (Decision)"", ""ndcg5"": 0.6309297535714575, ""mrr5"": 0.5, ""hit3"": 1, ""hit1"": 0, ""first_relevant_rank"": 2}, {""entry_id"": ""E057"", ""category"": ""ADR (Content)"", ""ndcg5"": 0.0, ""mrr5"": 0.0, ""hit3"": 0, ""hit1"": 0, ""first_relevant_rank"": null}, {""entry_id"": ""E058"", ""category"": ""ADR (Context)"", ""ndcg5"": 1.0, ""mrr5"": 1.0, ""hit3"": 1, ""hit1"": 1, ""first_relevant_rank"": 1}, {""entry_id"": ""E059"", ""category"": ""ADR (Decision)"", ""ndcg5"": 0.6309297535714575, ""mrr5"": 0.5, ""hit3"": 1, ""hit1"": 0, ""first_relevant_rank"": 2}, {""entry_id"": ""E060"", ""category"": ""ADR (Consequences)"", ""ndcg5"": 0.0, ""mrr5"": 0.0, ""hit3"": 0, ""hit1"": 0, ""first_relevant_rank"": null}, {""entry_id"": ""E061"", ""category"": ""ADR (Context)"", ""ndcg5"": 1.0, ""mrr5"": 1.0, ""hit3"": 1, ""hit1"": 1, ""first_relevant_rank"": 1}, {""entry_id"": ""E062"", ""category"": ""ADR (Decision)"", ""ndcg5"": 0.6309297535714575, ""mrr5"": 0.5, ""hit3"": 1, ""hit1"": 0, ""first_relevant_rank"": 2}, {""entry_id"": ""E063"", ""category"": ""ADR (Consequences)"", ""ndcg5"": 0.0, ""mrr5"": 0.0, ""hit3"": 0, ""hit1"": 0, ""first_relevant_rank"": null}, {""entry_id"": ""E064"", ""category"": ""ADR (Context)"", ""ndcg5"": 1.0, ""mrr5"": 1.0, ""hit3"": 1, ""hit1"": 1, ""first_relevant_rank"": 1}, {""entry_id"": ""E065"", ""category"": ""ADR (Decision)"", ""ndcg5"": 0.0, ""mrr5"": 0.0, ""hit3"": 0, ""hit1"": 0, ""first_relevant_rank"": null}, {""entry_id"": ""E066"", ""category"": ""ADR (Consequences)"", ""ndcg5"": 0.0, ""mrr5"": 0.0, ""hit3"": 0, ""hit1"": 0, ""first_relevant_rank"": null}, {""entry_id"": ""E067"", ""category"": ""ADR (Context)"", ""ndcg5"": 1.0, ""mrr5"": 1.0, ""hit3"": 1, ""hit1"": 1, ""first_relevant_rank"": 1}, {""entry_id"": ""E068"", ""category"": ""ADR (Decision)"", ""ndcg5"": 0.43067655807339306, ""mrr5"": 0.25, ""hit3"": 0, ""hit1"": 0, ""first_relevant_rank"": 4}, {""entry_id"": ""E069"", ""category"": ""ADR (Consequences)"", ""ndcg5"": 0.0, ""mrr5"": 0.0, ""hit3"": 0, ""hit1"": 0, ""first_relevant_rank"": null}, {""entry_id"": ""E070"", ""category"": ""ADR (Context)"", ""ndcg5"": 1.0, ""mrr5"": 1.0, ""hit3"": 1, ""hit1"": 1, ""first_relevant_rank"": 1}, {""entry_id"": ""E071"", ""category"": ""ADR (Decision)"", ""ndcg5"": 0.0, ""mrr5"": 0.0, ""hit3"": 0, ""hit1"": 0, ""first_relevant_rank"": null}, {""entry_id"": ""E072"", ""category"": ""ADR (Consequences)"", ""ndcg5"": 0.0, ""mrr5"": 0.0, ""hit3"": 0, ""hit1"": 0, ""first_relevant_rank"": null}, {""entry_id"": ""E073"", ""category"": ""ADR (Context)"", ""ndcg5"": 0.5, ""mrr5"": 0.3333333333333333, ""hit3"": 1, ""hit1"": 0, ""first_relevant_rank"": 3}, {""entry_id"": ""E074"", ""category"": ""ADR (Decision)"", ""ndcg5"": 1.0, ""mrr5"": 1.0, ""hit3"": 1, ""hit1"": 1, ""first_relevant_rank"": 1}, {""entry_id"": ""E075"", ""category"": ""ADR (Consequences)"", ""ndcg5"": 0.0, ""mrr5"": 0.0, ""hit3"": 0, ""hit1"": 0, ""first_relevant_rank"": null}, {""entry_id"": ""E076"", ""category"": ""Non-file (hermes transcript)"", ""ndcg5"": 1.0, ""mrr5"": 1.0, ""hit3"": 1, ""hit1"": 1, ""first_relevant_rank"": 1}, {""entry_id"": ""E077"", ""category"": ""Non-file (hermes transcript)"", ""ndcg5"": 1.0, ""mrr5"": 1.0, ""hit3"": 1, ""hit1"": 1, ""first_relevant_rank"": 1}, {""entry_id"": ""E078"", ""category"": ""Non-file (hermes transcript)"", ""ndcg5"": 1.0, ""mrr5"": 1.0, ""hit3"": 1, ""hit1"": 1, ""first_relevant_rank"": 1}, {""entry_id"": ""E079"", ""category"": ""Non-file (hermes transcript)"", ""ndcg5"": 1.0, ""mrr5"": 1.0, ""hit3"": 1, ""hit1"": 1, ""first_relevant_rank"": 1}, {""entry_id"": ""E080"", ""category"": ""Non-file (hermes transcript)"", ""ndcg5"": 0.0, ""mrr5"": 0.0, ""hit3"": 0, ""hit1"": 0, ""first_relevant_rank"": null}, {""entry_id"": ""E081"", ""category"": ""Non-file (hermes transcript)"", ""ndcg5"": 1.0, ""mrr5"": 1.0, ""hit3"": 1, ""hit1"": 1, ""first_relevant_rank"": 1}, {""entry_id"": ""E082"", ""category"": ""Non-file (hermes transcript)"", ""ndcg5"": 0.0, ""mrr5"": 0.0, ""hit3"": 0, ""hit1"": 0, ""first_relevant_rank"": null}, {""entry_id"": ""E083"", ""category"": ""Non-file (hermes transcript)"", ""ndcg5"": 1.0, ""mrr5"": 1.0, ""hit3"": 1, ""hit1"": 1, ""first_relevant_rank"": 1}, {""entry_id"": ""E084"", ""category"": ""Non-file (hermes transcript)"", ""ndcg5"": 0.0, ""mrr5"": 0.0, ""hit3"": 0, ""hit1"": 0, ""first_relevant_rank"": null}, {""entry_id"": ""E085"", ""category"": ""Non-file (hermes transcript)"", ""ndcg5"": 1.0, ""mrr5"": 1.0, ""hit3"": 1, ""hit1"": 1, ""first_relevant_rank"": 1}, {""entry_id"": ""E086"", ""category"": ""Non-file (hermes transcript)"", ""ndcg5"": 1.0, ""mrr5"": 1.0, ""hit3"": 1, ""hit1"": 1, ""first_relevant_rank"": 1}, {""entry_id"": ""E087"", ""category"": ""Non-file (hermes transcript)"", ""ndcg5"": 0.5, ""mrr5"": 0.3333333333333333, ""hit3"": 1, ""hit1"": 0, ""first_relevant_rank"": 3}, {""entry_id"": ""E088"", ""category"": ""Non-file (hermes transcript)"", ""ndcg5"": 1.0, ""mrr5"": 1.0, ""hit3"": 1, ""hit1"": 1, ""first_relevant_rank"": 1}, {""entry_id"": ""E089"", ""category"": ""Non-file (hermes transcript)"", ""ndcg5"": 0.6309297535714575, ""mrr5"": 0.5, ""hit3"": 1, ""hit1"": 0, ""first_relevant_rank"": 2}, {""entry_id"": ""E090"", ""category"": ""Non-file (shared tier)"", ""ndcg5"": 1.0, ""mrr5"": 1.0, ""hit3"": 1, ""hit1"": 1, ""first_relevant_rank"": 1}, {""entry_id"": ""E091"", ""category"": ""Non-file (shared tier)"", ""ndcg5"": 1.0, ""mrr5"": 1.0, ""hit3"": 1, ""hit1"": 1, ""first_relevant_rank"": 1}, {""entry_id"": ""E092"", ""category"": ""Non-file (shared tier)"", ""ndcg5"": 1.0, ""mrr5"": 1.0, ""hit3"": 1, ""hit1"": 1, ""first_relevant_rank"": 1}, {""entry_id"": ""E093"", ""category"": ""Non-file (shared tier)"", ""ndcg5"": 1.0, ""mrr5"": 1.0, ""hit3"": 1, ""hit1"": 1, ""first_relevant_rank"": 1}, {""entry_id"": ""E094"", ""category"": ""Non-file (shared tier)"", ""ndcg5"": 0.6309297535714575, ""mrr5"": 0.5, ""hit3"": 1, ""hit1"": 0, ""first_relevant_rank"": 2}, {""entry_id"": ""E095"", ""category"": ""Non-file (shared tier)"", ""ndcg5"": 1.0, ""mrr5"": 1.0, ""hit3"": 1, ""hit1"": 1, ""first_relevant_rank"": 1}, {""entry_id"": ""E096"", ""category"": ""Non-file (shared tier)"", ""ndcg5"": 1.0, ""mrr5"": 1.0, ""hit3"": 1, ""hit1"": 1, ""first_relevant_rank"": 1}, {""entry_id"": ""E097"", ""category"": ""Non-file (shared tier)"", ""ndcg5"": 1.0, ""mrr5"": 1.0, ""hit3"": 1, ""hit1"": 1, ""first_relevant_rank"": 1}, {""entry_id"": ""E098"", ""category"": ""Non-file (shared tier)"", ""ndcg5"": 1.0, ""mrr5"": 1.0, ""hit3"": 1, ""hit1"": 1, ""first_relevant_rank"": 1}, {""entry_id"": ""E099"", ""category"": ""Non-file (shared tier)"", ""ndcg5"": 1.0, ""mrr5"": 1.0, ""hit3"": 1, ""hit1"": 1, ""first_relevant_rank"": 1}, {""entry_id"": ""E100"", ""category"": ""Non-file (shared tier)"", ""ndcg5"": 1.0, ""mrr5"": 1.0, ""hit3"": 1, ""hit1"": 1, ""first_relevant_rank"": 1}]","{""ADR (Context)"": ""CategoryMetrics(category='ADR (Context)', count=24, mean_ndcg5=0.6868569058098536, mean_mrr5=0.625, hit3_rate=0.7083333333333334, hit1_rate=0.5)"", ""ADR (Decision)"": ""CategoryMetrics(category='ADR (Decision)', count=25, mean_ndcg5=0.4484127450408923, mean_mrr5=0.41133333333333333, hit3_rate=0.48, hit1_rate=0.32)"", ""ADR (Consequences)"": ""CategoryMetrics(category='ADR (Consequences)', count=24, mean_ndcg5=0.2923334118335031, mean_mrr5=0.25, hit3_rate=0.3333333333333333, hit1_rate=0.125)"", ""ADR (Content)"": ""CategoryMetrics(category='ADR (Content)', count=2, mean_ndcg5=0.5, mean_mrr5=0.5, hit3_rate=0.5, hit1_rate=0.5)"", ""Non-file (hermes transcript)"": ""CategoryMetrics(category='Non-file (hermes transcript)', count=14, mean_ndcg5=0.7236378395408184, mean_mrr5=0.7023809523809524, hit3_rate=0.7857142857142857, hit1_rate=0.6428571428571429)"", ""Non-file (shared tier)"": ""CategoryMetrics(category='Non-file (shared tier)', count=11, mean_ndcg5=0.966448159415587, mean_mrr5=0.9545454545454546, hit3_rate=1.0, hit1_rate=0.9090909090909091)""}"
vectorWeight=5,vectorWeight,5,memory,100,0.5422866881026887,0.5031666666666667,0.57,0.41,"[{""entry_id"": ""E001"", ""category"": ""ADR (Context)"", ""ndcg5"": 0.6309297535714575, ""mrr5"": 0.5, ""hit3"": 1, ""hit1"": 0, ""first_relevant_rank"": 2}, {""entry_id"": ""E002"", ""category"": ""ADR (Decision)"", ""ndcg5"": 0.0, ""mrr5"": 0.0, ""hit3"": 0, ""hit1"": 0, ""first_relevant_rank"": null}, {""entry_id"": ""E003"", ""category"": ""ADR (Consequences)"", ""ndcg5"": 0.0, ""mrr5"": 0.0, ""hit3"": 0, ""hit1"": 0, ""first_relevant_rank"": null}, {""entry_id"": ""E004"", ""category"": ""ADR (Context)"", ""ndcg5"": 1.0, ""mrr5"": 1.0, ""hit3"": 1, ""hit1"": 1, ""first_relevant_rank"": 1}, {""entry_id"": ""E005"", ""category"": ""ADR (Decision)"", ""ndcg5"": 0.38685280723454163, ""mrr5"": 0.2, ""hit3"": 0, ""hit1"": 0, ""first_relevant_rank"": 5}, {""entry_id"": ""E006"", ""category"": ""ADR (Consequences)"", ""ndcg5"": 0.43067655807339306, ""mrr5"": 0.25, ""hit3"": 0, ""hit1"": 0, ""first_relevant_rank"": 4}, {""entry_id"": ""E007"", ""category"": ""ADR (Context)"", ""ndcg5"": 1.0, ""mrr5"": 1.0, ""hit3"": 1, ""hit1"": 1, ""first_relevant_rank"": 1}, {""entry_id"": ""E008"", ""category"": ""ADR (Decision)"", ""ndcg5"": 0.0, ""mrr5"": 0.0, ""hit3"": 0, ""hit1"": 0, ""first_relevant_rank"": null}, {""entry_id"": ""E009"", ""category"": ""ADR (Consequences)"", ""ndcg5"": 0.6309297535714575, ""mrr5"": 0.5, ""hit3"": 1, ""hit1"": 0, ""first_relevant_rank"": 2}, {""entry_id"": ""E010"", ""category"": ""ADR (Context)"", ""ndcg5"": 1.0, ""mrr5"": 1.0, ""hit3"": 1, ""hit1"": 1, ""first_relevant_rank"": 1}, {""entry_id"": ""E011"", ""category"": ""ADR (Decision)"", ""ndcg5"": 0.0, ""mrr5"": 0.0, ""hit3"": 0, ""hit1"": 0, ""first_relevant_rank"": null}, {""entry_id"": ""E012"", ""category"": ""ADR (Consequences)"", ""ndcg5"": 1.0, ""mrr5"": 1.0, ""hit3"": 1, ""hit1"": 1, ""first_relevant_rank"": 1}, {""entry_id"": ""E013"", ""category"": ""ADR (Context)"", ""ndcg5"": 0.0, ""mrr5"": 0.0, ""hit3"": 0, ""hit1"": 0, ""first_relevant_rank"": null}, {""entry_id"": ""E014"", ""category"": ""ADR (Decision)"", ""ndcg5"": 1.0, ""mrr5"": 1.0, ""hit3"": 1, ""hit1"": 1, ""first_relevant_rank"": 1}, {""entry_id"": ""E015"", ""category"": ""ADR (Consequences)"", ""ndcg5"": 1.0, ""mrr5"": 1.0, ""hit3"": 1, ""hit1"": 1, ""first_relevant_rank"": 1}, {""entry_id"": ""E016"", ""category"": ""ADR (Context)"", ""ndcg5"": 0.43067655807339306, ""mrr5"": 0.25, ""hit3"": 0, ""hit1"": 0, ""first_relevant_rank"": 4}, {""entry_id"": ""E017"", ""category"": ""ADR (Decision)"", ""ndcg5"": 0.0, ""mrr5"": 0.0, ""hit3"": 0, ""hit1"": 0, ""first_relevant_rank"": null}, {""entry_id"": ""E018"", ""category"": ""ADR (Consequences)"", ""ndcg5"": 0.43067655807339306, ""mrr5"": 0.25, ""hit3"": 0, ""hit1"": 0, ""first_relevant_rank"": 4}, {""entry_id"": ""E019"", ""category"": ""ADR (Context)"", ""ndcg5"": 0.43067655807339306, ""mrr5"": 0.25, ""hit3"": 0, ""hit1"": 0, ""first_relevant_rank"": 4}, {""entry_id"": ""E020"", ""category"": ""ADR (Decision)"", ""ndcg5"": 0.0, ""mrr5"": 0.0, ""hit3"": 0, ""hit1"": 0, ""first_relevant_rank"": null}, {""entry_id"": ""E021"", ""category"": ""ADR (Consequences)"", ""ndcg5"": 0.0, ""mrr5"": 0.0, ""hit3"": 0, ""hit1"": 0, ""first_relevant_rank"": null}, {""entry_id"": ""E022"", ""category"": ""ADR (Context)"", ""ndcg5"": 0.0, ""mrr5"": 0.0, ""hit3"": 0, ""hit1"": 0, ""first_relevant_rank"": null}, {""entry_id"": ""E023"", ""category"": ""ADR (Decision)"", ""ndcg5"": 1.0, ""mrr5"": 1.0, ""hit3"": 1, ""hit1"": 1, ""first_relevant_rank"": 1}, {""entry_id"": ""E024"", ""category"": ""ADR (Consequences)"", ""ndcg5"": 0.0, ""mrr5"": 0.0, ""hit3"": 0, ""hit1"": 0, ""first_relevant_rank"": null}, {""entry_id"": ""E025"", ""category"": ""ADR (Context)"", ""ndcg5"": 1.0, ""mrr5"": 1.0, ""hit3"": 1, ""hit1"": 1, ""first_relevant_rank"": 1}, {""entry_id"": ""E026"", ""category"": ""ADR (Decision)"", ""ndcg5"": 1.0, ""mrr5"": 1.0, ""hit3"": 1, ""hit1"": 1, ""first_relevant_rank"": 1}, {""entry_id"": ""E027"", ""category"": ""ADR (Consequences)"", ""ndcg5"": 0.0, ""mrr5"": 0.0, ""hit3"": 0, ""hit1"": 0, ""first_relevant_rank"": null}, {""entry_id"": ""E028"", ""category"": ""ADR (Context)"", ""ndcg5"": 1.0, ""mrr5"": 1.0, ""hit3"": 1, ""hit1"": 1, ""first_relevant_rank"": 1}, {""entry_id"": ""E029"", ""category"": ""ADR (Decision)"", ""ndcg5"": 0.0, ""mrr5"": 0.0, ""hit3"": 0, ""hit1"": 0, ""first_relevant_rank"": null}, {""entry_id"": ""E030"", ""category"": ""ADR (Consequences)"", ""ndcg5"": 0.0, ""mrr5"": 0.0, ""hit3"": 0, ""hit1"": 0, ""first_relevant_rank"": null}, {""entry_id"": ""E031"", ""category"": ""ADR (Context)"", ""ndcg5"": 0.0, ""mrr5"": 0.0, ""hit3"": 0, ""hit1"": 0, ""first_relevant_rank"": null}, {""entry_id"": ""E032"", ""category"": ""ADR (Decision)"", ""ndcg5"": 0.0, ""mrr5"": 0.0, ""hit3"": 0, ""hit1"": 0, ""first_relevant_rank"": null}, {""entry_id"": ""E033"", ""category"": ""ADR (Consequences)"", ""ndcg5"": 0.0, ""mrr5"": 0.0, ""hit3"": 0, ""hit1"": 0, ""first_relevant_rank"": null}, {""entry_id"": ""E034"", ""category"": ""ADR (Context)"", ""ndcg5"": 0.0, ""mrr5"": 0.0, ""hit3"": 0, ""hit1"": 0, ""first_relevant_rank"": null}, {""entry_id"": ""E035"", ""category"": ""ADR (Decision)"", ""ndcg5"": 0.0, ""mrr5"": 0.0, ""hit3"": 0, ""hit1"": 0, ""first_relevant_rank"": null}, {""entry_id"": ""E036"", ""category"": ""ADR (Consequences)"", ""ndcg5"": 0.0, ""mrr5"": 0.0, ""hit3"": 0, ""hit1"": 0, ""first_relevant_rank"": null}, {""entry_id"": ""E037"", ""category"": ""ADR (Context)"", ""ndcg5"": 0.6309297535714575, ""mrr5"": 0.5, ""hit3"": 1, ""hit1"": 0, ""first_relevant_rank"": 2}, {""entry_id"": ""E038"", ""category"": ""ADR (Decision)"", ""ndcg5"": 1.0, ""mrr5"": 1.0, ""hit3"": 1, ""hit1"": 1, ""first_relevant_rank"": 1}, {""entry_id"": ""E039"", ""category"": ""ADR (Consequences)"", ""ndcg5"": 0.5, ""mrr5"": 0.3333333333333333, ""hit3"": 1, ""hit1"": 0, ""first_relevant_rank"": 3}, {""entry_id"": ""E040"", ""category"": ""ADR (Context)"", ""ndcg5"": 0.0, ""mrr5"": 0.0, ""hit3"": 0, ""hit1"": 0, ""first_relevant_rank"": null}, {""entry_id"": ""E041"", ""category"": ""ADR (Decision)"", ""ndcg5"": 0.5, ""mrr5"": 0.3333333333333333, ""hit3"": 1, ""hit1"": 0, ""first_relevant_rank"": 3}, {""entry_id"": ""E042"", ""category"": ""ADR (Consequences)"", ""ndcg5"": 0.43067655807339306, ""mrr5"": 0.25, ""hit3"": 0, ""hit1"": 0, ""first_relevant_rank"": 4}, {""entry_id"": ""E043"", ""category"": ""ADR (Context)"", ""ndcg5"": 0.43067655807339306, ""mrr5"": 0.25, ""hit3"": 0, ""hit1"": 0, ""first_relevant_rank"": 4}, {""entry_id"": ""E044"", ""category"": ""ADR (Decision)"", ""ndcg5"": 0.6309297535714575, ""mrr5"": 0.5, ""hit3"": 1, ""hit1"": 0, ""first_relevant_rank"": 2}, {""entry_id"": ""E045"", ""category"": ""ADR (Consequences)"", ""ndcg5"": 0.0, ""mrr5"": 0.0, ""hit3"": 0, ""hit1"": 0, ""first_relevant_rank"": null}, {""entry_id"": ""E046"", ""category"": ""ADR (Content)"", ""ndcg5"": 1.0, ""mrr5"": 1.0, ""hit3"": 1, ""hit1"": 1, ""first_relevant_rank"": 1}, {""entry_id"": ""E047"", ""category"": ""ADR (Decision)"", ""ndcg5"": 1.0, ""mrr5"": 1.0, ""hit3"": 1, ""hit1"": 1, ""first_relevant_rank"": 1}, {""entry_id"": ""E048"", ""category"": ""ADR (Consequences)"", ""ndcg5"": 0.6309297535714575, ""mrr5"": 0.5, ""hit3"": 1, ""hit1"": 0, ""first_relevant_rank"": 2}, {""entry_id"": ""E049"", ""category"": ""ADR (Context)"", ""ndcg5"": 1.0, ""mrr5"": 1.0, ""hit3"": 1, ""hit1"": 1, ""first_relevant_rank"": 1}, {""entry_id"": ""E050"", ""category"": ""ADR (Decision)"", ""ndcg5"": 0.0, ""mrr5"": 0.0, ""hit3"": 0, ""hit1"": 0, ""first_relevant_rank"": null}, {""entry_id"": ""E051"", ""category"": ""ADR (Consequences)"", ""ndcg5"": 1.0, ""mrr5"": 1.0, ""hit3"": 1, ""hit1"": 1, ""first_relevant_rank"": 1}, {""entry_id"": ""E052"", ""category"": ""ADR (Context)"", ""ndcg5"": 1.0, ""mrr5"": 1.0, ""hit3"": 1, ""hit1"": 1, ""first_relevant_rank"": 1}, {""entry_id"": ""E053"", ""category"": ""ADR (Decision)"", ""ndcg5"": 0.6309297535714575, ""mrr5"": 0.5, ""hit3"": 1, ""hit1"": 0, ""first_relevant_rank"": 2}, {""entry_id"": ""E054"", ""category"": ""ADR (Consequences)"", ""ndcg5"": 0.6309297535714575, ""mrr5"": 0.5, ""hit3"": 1, ""hit1"": 0, ""first_relevant_rank"": 2}, {""entry_id"": ""E055"", ""category"": ""ADR (Context)"", ""ndcg5"": 1.0, ""mrr5"": 1.0, ""hit3"": 1, ""hit1"": 1, ""first_relevant_rank"": 1}, {""entry_id"": ""E056"", ""category"": ""ADR (Decision)"", ""ndcg5"": 0.5, ""mrr5"": 0.3333333333333333, ""hit3"": 1, ""hit1"": 0, ""first_relevant_rank"": 3}, {""entry_id"": ""E057"", ""category"": ""ADR (Content)"", ""ndcg5"": 0.0, ""mrr5"": 0.0, ""hit3"": 0, ""hit1"": 0, ""first_relevant_rank"": null}, {""entry_id"": ""E058"", ""category"": ""ADR (Context)"", ""ndcg5"": 1.0, ""mrr5"": 1.0, ""hit3"": 1, ""hit1"": 1, ""first_relevant_rank"": 1}, {""entry_id"": ""E059"", ""category"": ""ADR (Decision)"", ""ndcg5"": 0.38685280723454163, ""mrr5"": 0.2, ""hit3"": 0, ""hit1"": 0, ""first_relevant_rank"": 5}, {""entry_id"": ""E060"", ""category"": ""ADR (Consequences)"", ""ndcg5"": 0.0, ""mrr5"": 0.0, ""hit3"": 0, ""hit1"": 0, ""first_relevant_rank"": null}, {""entry_id"": ""E061"", ""category"": ""ADR (Context)"", ""ndcg5"": 1.0, ""mrr5"": 1.0, ""hit3"": 1, ""hit1"": 1, ""first_relevant_rank"": 1}, {""entry_id"": ""E062"", ""category"": ""ADR (Decision)"", ""ndcg5"": 0.6309297535714575, ""mrr5"": 0.5, ""hit3"": 1, ""hit1"": 0, ""first_relevant_rank"": 2}, {""entry_id"": ""E063"", ""category"": ""ADR (Consequences)"", ""ndcg5"": 0.0, ""mrr5"": 0.0, ""hit3"": 0, ""hit1"": 0, ""first_relevant_rank"": null}, {""entry_id"": ""E064"", ""category"": ""ADR (Context)"", ""ndcg5"": 1.0, ""mrr5"": 1.0, ""hit3"": 1, ""hit1"": 1, ""first_relevant_rank"": 1}, {""entry_id"": ""E065"", ""category"": ""ADR (Decision)"", ""ndcg5"": 0.0, ""mrr5"": 0.0, ""hit3"": 0, ""hit1"": 0, ""first_relevant_rank"": null}, {""entry_id"": ""E066"", ""category"": ""ADR (Consequences)"", ""ndcg5"": 0.0, ""mrr5"": 0.0, ""hit3"": 0, ""hit1"": 0, ""first_relevant_rank"": null}, {""entry_id"": ""E067"", ""category"": ""ADR (Context)"", ""ndcg5"": 1.0, ""mrr5"": 1.0, ""hit3"": 1, ""hit1"": 1, ""first_relevant_rank"": 1}, {""entry_id"": ""E068"", ""category"": ""ADR (Decision)"", ""ndcg5"": 0.43067655807339306, ""mrr5"": 0.25, ""hit3"": 0, ""hit1"": 0, ""first_relevant_rank"": 4}, {""entry_id"": ""E069"", ""category"": ""ADR (Consequences)"", ""ndcg5"": 0.0, ""mrr5"": 0.0, ""hit3"": 0, ""hit1"": 0, ""first_relevant_rank"": null}, {""entry_id"": ""E070"", ""category"": ""ADR (Context)"", ""ndcg5"": 1.0, ""mrr5"": 1.0, ""hit3"": 1, ""hit1"": 1, ""first_relevant_rank"": 1}, {""entry_id"": ""E071"", ""category"": ""ADR (Decision)"", ""ndcg5"": 0.0, ""mrr5"": 0.0, ""hit3"": 0, ""hit1"": 0, ""first_relevant_rank"": null}, {""entry_id"": ""E072"", ""category"": ""ADR (Consequences)"", ""ndcg5"": 0.0, ""mrr5"": 0.0, ""hit3"": 0, ""hit1"": 0, ""first_relevant_rank"": null}, {""entry_id"": ""E073"", ""category"": ""ADR (Context)"", ""ndcg5"": 0.5, ""mrr5"": 0.3333333333333333, ""hit3"": 1, ""hit1"": 0, ""first_relevant_rank"": 3}, {""entry_id"": ""E074"", ""category"": ""ADR (Decision)"", ""ndcg5"": 1.0, ""mrr5"": 1.0, ""hit3"": 1, ""hit1"": 1, ""first_relevant_rank"": 1}, {""entry_id"": ""E075"", ""category"": ""ADR (Consequences)"", ""ndcg5"": 0.0, ""mrr5"": 0.0, ""hit3"": 0, ""hit1"": 0, ""first_relevant_rank"": null}, {""entry_id"": ""E076"", ""category"": ""Non-file (hermes transcript)"", ""ndcg5"": 1.0, ""mrr5"": 1.0, ""hit3"": 1, ""hit1"": 1, ""first_relevant_rank"": 1}, {""entry_id"": ""E077"", ""category"": ""Non-file (hermes transcript)"", ""ndcg5"": 1.0, ""mrr5"": 1.0, ""hit3"": 1, ""hit1"": 1, ""first_relevant_rank"": 1}, {""entry_id"": ""E078"", ""category"": ""Non-file (hermes transcript)"", ""ndcg5"": 1.0, ""mrr5"": 1.0, ""hit3"": 1, ""hit1"": 1, ""first_relevant_rank"": 1}, {""entry_id"": ""E079"", ""category"": ""Non-file (hermes transcript)"", ""ndcg5"": 0.6309297535714575, ""mrr5"": 0.5, ""hit3"": 1, ""hit1"": 0, ""first_relevant_rank"": 2}, {""entry_id"": ""E080"", ""category"": ""Non-file (hermes transcript)"", ""ndcg5"": 0.0, ""mrr5"": 0.0, ""hit3"": 0, ""hit1"": 0, ""first_relevant_rank"": null}, {""entry_id"": ""E081"", ""category"": ""Non-file (hermes transcript)"", ""ndcg5"": 1.0, ""mrr5"": 1.0, ""hit3"": 1, ""hit1"": 1, ""first_relevant_rank"": 1}, {""entry_id"": ""E082"", ""category"": ""Non-file (hermes transcript)"", ""ndcg5"": 0.0, ""mrr5"": 0.0, ""hit3"": 0, ""hit1"": 0, ""first_relevant_rank"": null}, {""entry_id"": ""E083"", ""category"": ""Non-file (hermes transcript)"", ""ndcg5"": 1.0, ""mrr5"": 1.0, ""hit3"": 1, ""hit1"": 1, ""first_relevant_rank"": 1}, {""entry_id"": ""E084"", ""category"": ""Non-file (hermes transcript)"", ""ndcg5"": 0.0, ""mrr5"": 0.0, ""hit3"": 0, ""hit1"": 0, ""first_relevant_rank"": null}, {""entry_id"": ""E085"", ""category"": ""Non-file (hermes transcript)"", ""ndcg5"": 1.0, ""mrr5"": 1.0, ""hit3"": 1, ""hit1"": 1, ""first_relevant_rank"": 1}, {""entry_id"": ""E086"", ""category"": ""Non-file (hermes transcript)"", ""ndcg5"": 1.0, ""mrr5"": 1.0, ""hit3"": 1, ""hit1"": 1, ""first_relevant_rank"": 1}, {""entry_id"": ""E087"", ""category"": ""Non-file (hermes transcript)"", ""ndcg5"": 0.5, ""mrr5"": 0.3333333333333333, ""hit3"": 1, ""hit1"": 0, ""first_relevant_rank"": 3}, {""entry_id"": ""E088"", ""category"": ""Non-file (hermes transcript)"", ""ndcg5"": 1.0, ""mrr5"": 1.0, ""hit3"": 1, ""hit1"": 1, ""first_relevant_rank"": 1}, {""entry_id"": ""E089"", ""category"": ""Non-file (hermes transcript)"", ""ndcg5"": 0.6309297535714575, ""mrr5"": 0.5, ""hit3"": 1, ""hit1"": 0, ""first_relevant_rank"": 2}, {""entry_id"": ""E090"", ""category"": ""Non-file (shared tier)"", ""ndcg5"": 1.0, ""mrr5"": 1.0, ""hit3"": 1, ""hit1"": 1, ""first_relevant_rank"": 1}, {""entry_id"": ""E091"", ""category"": ""Non-file (shared tier)"", ""ndcg5"": 1.0, ""mrr5"": 1.0, ""hit3"": 1, ""hit1"": 1, ""first_relevant_rank"": 1}, {""entry_id"": ""E092"", ""category"": ""Non-file (shared tier)"", ""ndcg5"": 1.0, ""mrr5"": 1.0, ""hit3"": 1, ""hit1"": 1, ""first_relevant_rank"": 1}, {""entry_id"": ""E093"", ""category"": ""Non-file (shared tier)"", ""ndcg5"": 1.0, ""mrr5"": 1.0, ""hit3"": 1, ""hit1"": 1, ""first_relevant_rank"": 1}, {""entry_id"": ""E094"", ""category"": ""Non-file (shared tier)"", ""ndcg5"": 0.6309297535714575, ""mrr5"": 0.5, ""hit3"": 1, ""hit1"": 0, ""first_relevant_rank"": 2}, {""entry_id"": ""E095"", ""category"": ""Non-file (shared tier)"", ""ndcg5"": 1.0, ""mrr5"": 1.0, ""hit3"": 1, ""hit1"": 1, ""first_relevant_rank"": 1}, {""entry_id"": ""E096"", ""category"": ""Non-file (shared tier)"", ""ndcg5"": 1.0, ""mrr5"": 1.0, ""hit3"": 1, ""hit1"": 1, ""first_relevant_rank"": 1}, {""entry_id"": ""E097"", ""category"": ""Non-file (shared tier)"", ""ndcg5"": 1.0, ""mrr5"": 1.0, ""hit3"": 1, ""hit1"": 1, ""first_relevant_rank"": 1}, {""entry_id"": ""E098"", ""category"": ""Non-file (shared tier)"", ""ndcg5"": 1.0, ""mrr5"": 1.0, ""hit3"": 1, ""hit1"": 1, ""first_relevant_rank"": 1}, {""entry_id"": ""E099"", ""category"": ""Non-file (shared tier)"", ""ndcg5"": 1.0, ""mrr5"": 1.0, ""hit3"": 1, ""hit1"": 1, ""first_relevant_rank"": 1}, {""entry_id"": ""E100"", ""category"": ""Non-file (shared tier)"", ""ndcg5"": 1.0, ""mrr5"": 1.0, ""hit3"": 1, ""hit1"": 1, ""first_relevant_rank"": 1}]","{""ADR (Context)"": ""CategoryMetrics(category='ADR (Context)', count=24, mean_ndcg5=0.6689120492234623, mean_mrr5=0.6284722222222222, hit3_rate=0.6666666666666666, hit1_rate=0.5416666666666666)"", ""ADR (Decision)"": ""CategoryMetrics(category='ADR (Decision)', count=25, mean_ndcg5=0.40388685733027396, mean_mrr5=0.3526666666666667, hit3_rate=0.44, hit1_rate=0.24)"", ""ADR (Consequences)"": ""CategoryMetrics(category='ADR (Consequences)', count=24, mean_ndcg5=0.27853412228893965, mean_mrr5=0.23263888888888887, hit3_rate=0.2916666666666667, hit1_rate=0.125)"", ""ADR (Content)"": ""CategoryMetrics(category='ADR (Content)', count=2, mean_ndcg5=0.5, mean_mrr5=0.5, hit3_rate=0.5, hit1_rate=0.5)"", ""Non-file (hermes transcript)"": ""CategoryMetrics(category='Non-file (hermes transcript)', count=14, mean_ndcg5=0.6972756790816368, mean_mrr5=0.6666666666666667, hit3_rate=0.7857142857142857, hit1_rate=0.5714285714285714)"", ""Non-file (shared tier)"": ""CategoryMetrics(category='Non-file (shared tier)', count=11, mean_ndcg5=0.966448159415587, mean_mrr5=0.9545454545454546, hit3_rate=1.0, hit1_rate=0.9090909090909091)""}"
vectorWeight=10,vectorWeight,10,memory,100,0.5199824544769354,0.4865,0.55,0.4,"[{""entry_id"": ""E001"", ""category"": ""ADR (Context)"", ""ndcg5"": 0.0, ""mrr5"": 0.0, ""hit3"": 0, ""hit1"": 0, ""first_relevant_rank"": null}, {""entry_id"": ""E002"", ""category"": ""ADR (Decision)"", ""ndcg5"": 0.0, ""mrr5"": 0.0, ""hit3"": 0, ""hit1"": 0, ""first_relevant_rank"": null}, {""entry_id"": ""E003"", ""category"": ""ADR (Consequences)"", ""ndcg5"": 0.0, ""mrr5"": 0.0, ""hit3"": 0, ""hit1"": 0, ""first_relevant_rank"": null}, {""entry_id"": ""E004"", ""category"": ""ADR (Context)"", ""ndcg5"": 1.0, ""mrr5"": 1.0, ""hit3"": 1, ""hit1"": 1, ""first_relevant_rank"": 1}, {""entry_id"": ""E005"", ""category"": ""ADR (Decision)"", ""ndcg5"": 0.38685280723454163, ""mrr5"": 0.2, ""hit3"": 0, ""hit1"": 0, ""first_relevant_rank"": 5}, {""entry_id"": ""E006"", ""category"": ""ADR (Consequences)"", ""ndcg5"": 0.0, ""mrr5"": 0.0, ""hit3"": 0, ""hit1"": 0, ""first_relevant_rank"": null}, {""entry_id"": ""E007"", ""category"": ""ADR (Context)"", ""ndcg5"": 1.0, ""mrr5"": 1.0, ""hit3"": 1, ""hit1"": 1, ""first_relevant_rank"": 1}, {""entry_id"": ""E008"", ""category"": ""ADR (Decision)"", ""ndcg5"": 0.0, ""mrr5"": 0.0, ""hit3"": 0, ""hit1"": 0, ""first_relevant_rank"": null}, {""entry_id"": ""E009"", ""category"": ""ADR (Consequences)"", ""ndcg5"": 0.6309297535714575, ""mrr5"": 0.5, ""hit3"": 1, ""hit1"": 0, ""first_relevant_rank"": 2}, {""entry_id"": ""E010"", ""category"": ""ADR (Context)"", ""ndcg5"": 1.0, ""mrr5"": 1.0, ""hit3"": 1, ""hit1"": 1, ""first_relevant_rank"": 1}, {""entry_id"": ""E011"", ""category"": ""ADR (Decision)"", ""ndcg5"": 0.0, ""mrr5"": 0.0, ""hit3"": 0, ""hit1"": 0, ""first_relevant_rank"": null}, {""entry_id"": ""E012"", ""category"": ""ADR (Consequences)"", ""ndcg5"": 1.0, ""mrr5"": 1.0, ""hit3"": 1, ""hit1"": 1, ""first_relevant_rank"": 1}, {""entry_id"": ""E013"", ""category"": ""ADR (Context)"", ""ndcg5"": 0.0, ""mrr5"": 0.0, ""hit3"": 0, ""hit1"": 0, ""first_relevant_rank"": null}, {""entry_id"": ""E014"", ""category"": ""ADR (Decision)"", ""ndcg5"": 1.0, ""mrr5"": 1.0, ""hit3"": 1, ""hit1"": 1, ""first_relevant_rank"": 1}, {""entry_id"": ""E015"", ""category"": ""ADR (Consequences)"", ""ndcg5"": 0.6309297535714575, ""mrr5"": 0.5, ""hit3"": 1, ""hit1"": 0, ""first_relevant_rank"": 2}, {""entry_id"": ""E016"", ""category"": ""ADR (Context)"", ""ndcg5"": 0.43067655807339306, ""mrr5"": 0.25, ""hit3"": 0, ""hit1"": 0, ""first_relevant_rank"": 4}, {""entry_id"": ""E017"", ""category"": ""ADR (Decision)"", ""ndcg5"": 0.0, ""mrr5"": 0.0, ""hit3"": 0, ""hit1"": 0, ""first_relevant_rank"": null}, {""entry_id"": ""E018"", ""category"": ""ADR (Consequences)"", ""ndcg5"": 0.0, ""mrr5"": 0.0, ""hit3"": 0, ""hit1"": 0, ""first_relevant_rank"": null}, {""entry_id"": ""E019"", ""category"": ""ADR (Context)"", ""ndcg5"": 0.0, ""mrr5"": 0.0, ""hit3"": 0, ""hit1"": 0, ""first_relevant_rank"": null}, {""entry_id"": ""E020"", ""category"": ""ADR (Decision)"", ""ndcg5"": 0.0, ""mrr5"": 0.0, ""hit3"": 0, ""hit1"": 0, ""first_relevant_rank"": null}, {""entry_id"": ""E021"", ""category"": ""ADR (Consequences)"", ""ndcg5"": 0.0, ""mrr5"": 0.0, ""hit3"": 0, ""hit1"": 0, ""first_relevant_rank"": null}, {""entry_id"": ""E022"", ""category"": ""ADR (Context)"", ""ndcg5"": 0.0, ""mrr5"": 0.0, ""hit3"": 0, ""hit1"": 0, ""first_relevant_rank"": null}, {""entry_id"": ""E023"", ""category"": ""ADR (Decision)"", ""ndcg5"": 1.0, ""mrr5"": 1.0, ""hit3"": 1, ""hit1"": 1, ""first_relevant_rank"": 1}, {""entry_id"": ""E024"", ""category"": ""ADR (Consequences)"", ""ndcg5"": 0.0, ""mrr5"": 0.0, ""hit3"": 0, ""hit1"": 0, ""first_relevant_rank"": null}, {""entry_id"": ""E025"", ""category"": ""ADR (Context)"", ""ndcg5"": 1.0, ""mrr5"": 1.0, ""hit3"": 1, ""hit1"": 1, ""first_relevant_rank"": 1}, {""entry_id"": ""E026"", ""category"": ""ADR (Decision)"", ""ndcg5"": 1.0, ""mrr5"": 1.0, ""hit3"": 1, ""hit1"": 1, ""first_relevant_rank"": 1}, {""entry_id"": ""E027"", ""category"": ""ADR (Consequences)"", ""ndcg5"": 0.0, ""mrr5"": 0.0, ""hit3"": 0, ""hit1"": 0, ""first_relevant_rank"": null}, {""entry_id"": ""E028"", ""category"": ""ADR (Context)"", ""ndcg5"": 1.0, ""mrr5"": 1.0, ""hit3"": 1, ""hit1"": 1, ""first_relevant_rank"": 1}, {""entry_id"": ""E029"", ""category"": ""ADR (Decision)"", ""ndcg5"": 0.0, ""mrr5"": 0.0, ""hit3"": 0, ""hit1"": 0, ""first_relevant_rank"": null}, {""entry_id"": ""E030"", ""category"": ""ADR (Consequences)"", ""ndcg5"": 0.0, ""mrr5"": 0.0, ""hit3"": 0, ""hit1"": 0, ""first_relevant_rank"": null}, {""entry_id"": ""E031"", ""category"": ""ADR (Context)"", ""ndcg5"": 0.43067655807339306, ""mrr5"": 0.25, ""hit3"": 0, ""hit1"": 0, ""first_relevant_rank"": 4}, {""entry_id"": ""E032"", ""category"": ""ADR (Decision)"", ""ndcg5"": 0.0, ""mrr5"": 0.0, ""hit3"": 0, ""hit1"": 0, ""first_relevant_rank"": null}, {""entry_id"": ""E033"", ""category"": ""ADR (Consequences)"", ""ndcg5"": 0.0, ""mrr5"": 0.0, ""hit3"": 0, ""hit1"": 0, ""first_relevant_rank"": null}, {""entry_id"": ""E034"", ""category"": ""ADR (Context)"", ""ndcg5"": 0.0, ""mrr5"": 0.0, ""hit3"": 0, ""hit1"": 0, ""first_relevant_rank"": null}, {""entry_id"": ""E035"", ""category"": ""ADR (Decision)"", ""ndcg5"": 0.0, ""mrr5"": 0.0, ""hit3"": 0, ""hit1"": 0, ""first_relevant_rank"": null}, {""entry_id"": ""E036"", ""category"": ""ADR (Consequences)"", ""ndcg5"": 0.0, ""mrr5"": 0.0, ""hit3"": 0, ""hit1"": 0, ""first_relevant_rank"": null}, {""entry_id"": ""E037"", ""category"": ""ADR (Context)"", ""ndcg5"": 1.0, ""mrr5"": 1.0, ""hit3"": 1, ""hit1"": 1, ""first_relevant_rank"": 1}, {""entry_id"": ""E038"", ""category"": ""ADR (Decision)"", ""ndcg5"": 1.0, ""mrr5"": 1.0, ""hit3"": 1, ""hit1"": 1, ""first_relevant_rank"": 1}, {""entry_id"": ""E039"", ""category"": ""ADR (Consequences)"", ""ndcg5"": 0.5, ""mrr5"": 0.3333333333333333, ""hit3"": 1, ""hit1"": 0, ""first_relevant_rank"": 3}, {""entry_id"": ""E040"", ""category"": ""ADR (Context)"", ""ndcg5"": 0.0, ""mrr5"": 0.0, ""hit3"": 0, ""hit1"": 0, ""first_relevant_rank"": null}, {""entry_id"": ""E041"", ""category"": ""ADR (Decision)"", ""ndcg5"": 0.5, ""mrr5"": 0.3333333333333333, ""hit3"": 1, ""hit1"": 0, ""first_relevant_rank"": 3}, {""entry_id"": ""E042"", ""category"": ""ADR (Consequences)"", ""ndcg5"": 0.38685280723454163, ""mrr5"": 0.2, ""hit3"": 0, ""hit1"": 0, ""first_relevant_rank"": 5}, {""entry_id"": ""E043"", ""category"": ""ADR (Context)"", ""ndcg5"": 1.0, ""mrr5"": 1.0, ""hit3"": 1, ""hit1"": 1, ""first_relevant_rank"": 1}, {""entry_id"": ""E044"", ""category"": ""ADR (Decision)"", ""ndcg5"": 0.6309297535714575, ""mrr5"": 0.5, ""hit3"": 1, ""hit1"": 0, ""first_relevant_rank"": 2}, {""entry_id"": ""E045"", ""category"": ""ADR (Consequences)"", ""ndcg5"": 0.0, ""mrr5"": 0.0, ""hit3"": 0, ""hit1"": 0, ""first_relevant_rank"": null}, {""entry_id"": ""E046"", ""category"": ""ADR (Content)"", ""ndcg5"": 1.0, ""mrr5"": 1.0, ""hit3"": 1, ""hit1"": 1, ""first_relevant_rank"": 1}, {""entry_id"": ""E047"", ""category"": ""ADR (Decision)"", ""ndcg5"": 1.0, ""mrr5"": 1.0, ""hit3"": 1, ""hit1"": 1, ""first_relevant_rank"": 1}, {""entry_id"": ""E048"", ""category"": ""ADR (Consequences)"", ""ndcg5"": 0.6309297535714575, ""mrr5"": 0.5, ""hit3"": 1, ""hit1"": 0, ""first_relevant_rank"": 2}, {""entry_id"": ""E049"", ""category"": ""ADR (Context)"", ""ndcg5"": 1.0, ""mrr5"": 1.0, ""hit3"": 1, ""hit1"": 1, ""first_relevant_rank"": 1}, {""entry_id"": ""E050"", ""category"": ""ADR (Decision)"", ""ndcg5"": 0.0, ""mrr5"": 0.0, ""hit3"": 0, ""hit1"": 0, ""first_relevant_rank"": null}, {""entry_id"": ""E051"", ""category"": ""ADR (Consequences)"", ""ndcg5"": 1.0, ""mrr5"": 1.0, ""hit3"": 1, ""hit1"": 1, ""first_relevant_rank"": 1}, {""entry_id"": ""E052"", ""category"": ""ADR (Context)"", ""ndcg5"": 1.0, ""mrr5"": 1.0, ""hit3"": 1, ""hit1"": 1, ""first_relevant_rank"": 1}, {""entry_id"": ""E053"", ""category"": ""ADR (Decision)"", ""ndcg5"": 0.6309297535714575, ""mrr5"": 0.5, ""hit3"": 1, ""hit1"": 0, ""first_relevant_rank"": 2}, {""entry_id"": ""E054"", ""category"": ""ADR (Consequences)"", ""ndcg5"": 0.43067655807339306, ""mrr5"": 0.25, ""hit3"": 0, ""hit1"": 0, ""first_relevant_rank"": 4}, {""entry_id"": ""E055"", ""category"": ""ADR (Context)"", ""ndcg5"": 1.0, ""mrr5"": 1.0, ""hit3"": 1, ""hit1"": 1, ""first_relevant_rank"": 1}, {""entry_id"": ""E056"", ""category"": ""ADR (Decision)"", ""ndcg5"": 0.43067655807339306, ""mrr5"": 0.25, ""hit3"": 0, ""hit1"": 0, ""first_relevant_rank"": 4}, {""entry_id"": ""E057"", ""category"": ""ADR (Content)"", ""ndcg5"": 0.0, ""mrr5"": 0.0, ""hit3"": 0, ""hit1"": 0, ""first_relevant_rank"": null}, {""entry_id"": ""E058"", ""category"": ""ADR (Context)"", ""ndcg5"": 1.0, ""mrr5"": 1.0, ""hit3"": 1, ""hit1"": 1, ""first_relevant_rank"": 1}, {""entry_id"": ""E059"", ""category"": ""ADR (Decision)"", ""ndcg5"": 0.43067655807339306, ""mrr5"": 0.25, ""hit3"": 0, ""hit1"": 0, ""first_relevant_rank"": 4}, {""entry_id"": ""E060"", ""category"": ""ADR (Consequences)"", ""ndcg5"": 0.0, ""mrr5"": 0.0, ""hit3"": 0, ""hit1"": 0, ""first_relevant_rank"": null}, {""entry_id"": ""E061"", ""category"": ""ADR (Context)"", ""ndcg5"": 1.0, ""mrr5"": 1.0, ""hit3"": 1, ""hit1"": 1, ""first_relevant_rank"": 1}, {""entry_id"": ""E062"", ""category"": ""ADR (Decision)"", ""ndcg5"": 1.0, ""mrr5"": 1.0, ""hit3"": 1, ""hit1"": 1, ""first_relevant_rank"": 1}, {""entry_id"": ""E063"", ""category"": ""ADR (Consequences)"", ""ndcg5"": 0.0, ""mrr5"": 0.0, ""hit3"": 0, ""hit1"": 0, ""first_relevant_rank"": null}, {""entry_id"": ""E064"", ""category"": ""ADR (Context)"", ""ndcg5"": 1.0, ""mrr5"": 1.0, ""hit3"": 1, ""hit1"": 1, ""first_relevant_rank"": 1}, {""entry_id"": ""E065"", ""category"": ""ADR (Decision)"", ""ndcg5"": 0.0, ""mrr5"": 0.0, ""hit3"": 0, ""hit1"": 0, ""first_relevant_rank"": null}, {""entry_id"": ""E066"", ""category"": ""ADR (Consequences)"", ""ndcg5"": 0.0, ""mrr5"": 0.0, ""hit3"": 0, ""hit1"": 0, ""first_relevant_rank"": null}, {""entry_id"": ""E067"", ""category"": ""ADR (Context)"", ""ndcg5"": 0.5, ""mrr5"": 0.3333333333333333, ""hit3"": 1, ""hit1"": 0, ""first_relevant_rank"": 3}, {""entry_id"": ""E068"", ""category"": ""ADR (Decision)"", ""ndcg5"": 0.0, ""mrr5"": 0.0, ""hit3"": 0, ""hit1"": 0, ""first_relevant_rank"": null}, {""entry_id"": ""E069"", ""category"": ""ADR (Consequences)"", ""ndcg5"": 0.0, ""mrr5"": 0.0, ""hit3"": 0, ""hit1"": 0, ""first_relevant_rank"": null}, {""entry_id"": ""E070"", ""category"": ""ADR (Context)"", ""ndcg5"": 1.0, ""mrr5"": 1.0, ""hit3"": 1, ""hit1"": 1, ""first_relevant_rank"": 1}, {""entry_id"": ""E071"", ""category"": ""ADR (Decision)"", ""ndcg5"": 0.0, ""mrr5"": 0.0, ""hit3"": 0, ""hit1"": 0, ""first_relevant_rank"": null}, {""entry_id"": ""E072"", ""category"": ""ADR (Consequences)"", ""ndcg5"": 0.0, ""mrr5"": 0.0, ""hit3"": 0, ""hit1"": 0, ""first_relevant_rank"": null}, {""entry_id"": ""E073"", ""category"": ""ADR (Context)"", ""ndcg5"": 1.0, ""mrr5"": 1.0, ""hit3"": 1, ""hit1"": 1, ""first_relevant_rank"": 1}, {""entry_id"": ""E074"", ""category"": ""ADR (Decision)"", ""ndcg5"": 1.0, ""mrr5"": 1.0, ""hit3"": 1, ""hit1"": 1, ""first_relevant_rank"": 1}, {""entry_id"": ""E075"", ""category"": ""ADR (Consequences)"", ""ndcg5"": 0.6309297535714575, ""mrr5"": 0.5, ""hit3"": 1, ""hit1"": 0, ""first_relevant_rank"": 2}, {""entry_id"": ""E076"", ""category"": ""Non-file (hermes transcript)"", ""ndcg5"": 1.0, ""mrr5"": 1.0, ""hit3"": 1, ""hit1"": 1, ""first_relevant_rank"": 1}, {""entry_id"": ""E077"", ""category"": ""Non-file (hermes transcript)"", ""ndcg5"": 1.0, ""mrr5"": 1.0, ""hit3"": 1, ""hit1"": 1, ""first_relevant_rank"": 1}, {""entry_id"": ""E078"", ""category"": ""Non-file (hermes transcript)"", ""ndcg5"": 1.0, ""mrr5"": 1.0, ""hit3"": 1, ""hit1"": 1, ""first_relevant_rank"": 1}, {""entry_id"": ""E079"", ""category"": ""Non-file (hermes transcript)"", ""ndcg5"": 0.6309297535714575, ""mrr5"": 0.5, ""hit3"": 1, ""hit1"": 0, ""first_relevant_rank"": 2}, {""entry_id"": ""E080"", ""category"": ""Non-file (hermes transcript)"", ""ndcg5"": 0.0, ""mrr5"": 0.0, ""hit3"": 0, ""hit1"": 0, ""first_relevant_rank"": null}, {""entry_id"": ""E081"", ""category"": ""Non-file (hermes transcript)"", ""ndcg5"": 1.0, ""mrr5"": 1.0, ""hit3"": 1, ""hit1"": 1, ""first_relevant_rank"": 1}, {""entry_id"": ""E082"", ""category"": ""Non-file (hermes transcript)"", ""ndcg5"": 0.0, ""mrr5"": 0.0, ""hit3"": 0, ""hit1"": 0, ""first_relevant_rank"": null}, {""entry_id"": ""E083"", ""category"": ""Non-file (hermes transcript)"", ""ndcg5"": 0.6309297535714575, ""mrr5"": 0.5, ""hit3"": 1, ""hit1"": 0, ""first_relevant_rank"": 2}, {""entry_id"": ""E084"", ""category"": ""Non-file (hermes transcript)"", ""ndcg5"": 0.0, ""mrr5"": 0.0, ""hit3"": 0, ""hit1"": 0, ""first_relevant_rank"": null}, {""entry_id"": ""E085"", ""category"": ""Non-file (hermes transcript)"", ""ndcg5"": 1.0, ""mrr5"": 1.0, ""hit3"": 1, ""hit1"": 1, ""first_relevant_rank"": 1}, {""entry_id"": ""E086"", ""category"": ""Non-file (hermes transcript)"", ""ndcg5"": 1.0, ""mrr5"": 1.0, ""hit3"": 1, ""hit1"": 1, ""first_relevant_rank"": 1}, {""entry_id"": ""E087"", ""category"": ""Non-file (hermes transcript)"", ""ndcg5"": 0.0, ""mrr5"": 0.0, ""hit3"": 0, ""hit1"": 0, ""first_relevant_rank"": null}, {""entry_id"": ""E088"", ""category"": ""Non-file (hermes transcript)"", ""ndcg5"": 1.0, ""mrr5"": 1.0, ""hit3"": 1, ""hit1"": 1, ""first_relevant_rank"": 1}, {""entry_id"": ""E089"", ""category"": ""Non-file (hermes transcript)"", ""ndcg5"": 0.6309297535714575, ""mrr5"": 0.5, ""hit3"": 1, ""hit1"": 0, ""first_relevant_rank"": 2}, {""entry_id"": ""E090"", ""category"": ""Non-file (shared tier)"", ""ndcg5"": 1.0, ""mrr5"": 1.0, ""hit3"": 1, ""hit1"": 1, ""first_relevant_rank"": 1}, {""entry_id"": ""E091"", ""category"": ""Non-file (shared tier)"", ""ndcg5"": 1.0, ""mrr5"": 1.0, ""hit3"": 1, ""hit1"": 1, ""first_relevant_rank"": 1}, {""entry_id"": ""E092"", ""category"": ""Non-file (shared tier)"", ""ndcg5"": 1.0, ""mrr5"": 1.0, ""hit3"": 1, ""hit1"": 1, ""first_relevant_rank"": 1}, {""entry_id"": ""E093"", ""category"": ""Non-file (shared tier)"", ""ndcg5"": 0.6309297535714575, ""mrr5"": 0.5, ""hit3"": 1, ""hit1"": 0, ""first_relevant_rank"": 2}, {""entry_id"": ""E094"", ""category"": ""Non-file (shared tier)"", ""ndcg5"": 0.6309297535714575, ""mrr5"": 0.5, ""hit3"": 1, ""hit1"": 0, ""first_relevant_rank"": 2}, {""entry_id"": ""E095"", ""category"": ""Non-file (shared tier)"", ""ndcg5"": 1.0, ""mrr5"": 1.0, ""hit3"": 1, ""hit1"": 1, ""first_relevant_rank"": 1}, {""entry_id"": ""E096"", ""category"": ""Non-file (shared tier)"", ""ndcg5"": 0.6309297535714575, ""mrr5"": 0.5, ""hit3"": 1, ""hit1"": 0, ""first_relevant_rank"": 2}, {""entry_id"": ""E097"", ""category"": ""Non-file (shared tier)"", ""ndcg5"": 1.0, ""mrr5"": 1.0, ""hit3"": 1, ""hit1"": 1, ""first_relevant_rank"": 1}, {""entry_id"": ""E098"", ""category"": ""Non-file (shared tier)"", ""ndcg5"": 1.0, ""mrr5"": 1.0, ""hit3"": 1, ""hit1"": 1, ""first_relevant_rank"": 1}, {""entry_id"": ""E099"", ""category"": ""Non-file (shared tier)"", ""ndcg5"": 1.0, ""mrr5"": 1.0, ""hit3"": 1, ""hit1"": 1, ""first_relevant_rank"": 1}, {""entry_id"": ""E100"", ""category"": ""Non-file (shared tier)"", ""ndcg5"": 1.0, ""mrr5"": 1.0, ""hit3"": 1, ""hit1"": 1, ""first_relevant_rank"": 1}]","{""ADR (Context)"": ""CategoryMetrics(category='ADR (Context)', count=24, mean_ndcg5=0.6817230465061161, mean_mrr5=0.6597222222222222, hit3_rate=0.6666666666666666, hit1_rate=0.625)"", ""ADR (Decision)"": ""CategoryMetrics(category='ADR (Decision)', count=25, mean_ndcg5=0.4004026172209697, mean_mrr5=0.36133333333333334, hit3_rate=0.4, hit1_rate=0.28)"", ""ADR (Consequences)"": ""CategoryMetrics(category='ADR (Consequences)', count=24, mean_ndcg5=0.2433853491497402, mean_mrr5=0.19930555555555554, hit3_rate=0.2916666666666667, hit1_rate=0.08333333333333333)"", ""ADR (Content)"": ""CategoryMetrics(category='ADR (Content)', count=2, mean_ndcg5=0.5, mean_mrr5=0.5, hit3_rate=0.5, hit1_rate=0.5)"", ""Non-file (hermes transcript)"": ""CategoryMetrics(category='Non-file (hermes transcript)', count=14, mean_ndcg5=0.6351992329081695, mean_mrr5=0.6071428571428571, hit3_rate=0.7142857142857143, hit1_rate=0.5)"", ""Non-file (shared tier)"": ""CategoryMetrics(category='Non-file (shared tier)', count=11, mean_ndcg5=0.8993444782467612, mean_mrr5=0.8636363636363636, hit3_rate=1.0, hit1_rate=0.7272727272727273)""}"
sourceLambda=0,sourceLambda,0,memory,100,0.6160545618697917,0.5781666666666667,0.66,0.49,"[{""entry_id"": ""E001"", ""category"": ""ADR (Context)"", ""ndcg5"": 1.0, ""mrr5"": 1.0, ""hit3"": 1, ""hit1"": 1, ""first_relevant_rank"": 1}, {""entry_id"": ""E002"", ""category"": ""ADR (Decision)"", ""ndcg5"": 1.0, ""mrr5"": 1.0, ""hit3"": 1, ""hit1"": 1, ""first_relevant_rank"": 1}, {""entry_id"": ""E003"", ""category"": ""ADR (Consequences)"", ""ndcg5"": 0.0, ""mrr5"": 0.0, ""hit3"": 0, ""hit1"": 0, ""first_relevant_rank"": null}, {""entry_id"": ""E004"", ""category"": ""ADR (Context)"", ""ndcg5"": 1.0, ""mrr5"": 1.0, ""hit3"": 1, ""hit1"": 1, ""first_relevant_rank"": 1}, {""entry_id"": ""E005"", ""category"": ""ADR (Decision)"", ""ndcg5"": 0.38685280723454163, ""mrr5"": 0.2, ""hit3"": 0, ""hit1"": 0, ""first_relevant_rank"": 5}, {""entry_id"": ""E006"", ""category"": ""ADR (Consequences)"", ""ndcg5"": 1.0, ""mrr5"": 1.0, ""hit3"": 1, ""hit1"": 1, ""first_relevant_rank"": 1}, {""entry_id"": ""E007"", ""category"": ""ADR (Context)"", ""ndcg5"": 1.0, ""mrr5"": 1.0, ""hit3"": 1, ""hit1"": 1, ""first_relevant_rank"": 1}, {""entry_id"": ""E008"", ""category"": ""ADR (Decision)"", ""ndcg5"": 0.0, ""mrr5"": 0.0, ""hit3"": 0, ""hit1"": 0, ""first_relevant_rank"": null}, {""entry_id"": ""E009"", ""category"": ""ADR (Consequences)"", ""ndcg5"": 0.6309297535714575, ""mrr5"": 0.5, ""hit3"": 1, ""hit1"": 0, ""first_relevant_rank"": 2}, {""entry_id"": ""E010"", ""category"": ""ADR (Context)"", ""ndcg5"": 1.0, ""mrr5"": 1.0, ""hit3"": 1, ""hit1"": 1, ""first_relevant_rank"": 1}, {""entry_id"": ""E011"", ""category"": ""ADR (Decision)"", ""ndcg5"": 0.5, ""mrr5"": 0.3333333333333333, ""hit3"": 1, ""hit1"": 0, ""first_relevant_rank"": 3}, {""entry_id"": ""E012"", ""category"": ""ADR (Consequences)"", ""ndcg5"": 1.0, ""mrr5"": 1.0, ""hit3"": 1, ""hit1"": 1, ""first_relevant_rank"": 1}, {""entry_id"": ""E013"", ""category"": ""ADR (Context)"", ""ndcg5"": 0.5, ""mrr5"": 0.3333333333333333, ""hit3"": 1, ""hit1"": 0, ""first_relevant_rank"": 3}, {""entry_id"": ""E014"", ""category"": ""ADR (Decision)"", ""ndcg5"": 1.0, ""mrr5"": 1.0, ""hit3"": 1, ""hit1"": 1, ""first_relevant_rank"": 1}, {""entry_id"": ""E015"", ""category"": ""ADR (Consequences)"", ""ndcg5"": 1.0, ""mrr5"": 1.0, ""hit3"": 1, ""hit1"": 1, ""first_relevant_rank"": 1}, {""entry_id"": ""E016"", ""category"": ""ADR (Context)"", ""ndcg5"": 0.5, ""mrr5"": 0.3333333333333333, ""hit3"": 1, ""hit1"": 0, ""first_relevant_rank"": 3}, {""entry_id"": ""E017"", ""category"": ""ADR (Decision)"", ""ndcg5"": 0.0, ""mrr5"": 0.0, ""hit3"": 0, ""hit1"": 0, ""first_relevant_rank"": null}, {""entry_id"": ""E018"", ""category"": ""ADR (Consequences)"", ""ndcg5"": 0.6309297535714575, ""mrr5"": 0.5, ""hit3"": 1, ""hit1"": 0, ""first_relevant_rank"": 2}, {""entry_id"": ""E019"", ""category"": ""ADR (Context)"", ""ndcg5"": 0.6309297535714575, ""mrr5"": 0.5, ""hit3"": 1, ""hit1"": 0, ""first_relevant_rank"": 2}, {""entry_id"": ""E020"", ""category"": ""ADR (Decision)"", ""ndcg5"": 0.0, ""mrr5"": 0.0, ""hit3"": 0, ""hit1"": 0, ""first_relevant_rank"": null}, {""entry_id"": ""E021"", ""category"": ""ADR (Consequences)"", ""ndcg5"": 0.0, ""mrr5"": 0.0, ""hit3"": 0, ""hit1"": 0, ""first_relevant_rank"": null}, {""entry_id"": ""E022"", ""category"": ""ADR (Context)"", ""ndcg5"": 0.0, ""mrr5"": 0.0, ""hit3"": 0, ""hit1"": 0, ""first_relevant_rank"": null}, {""entry_id"": ""E023"", ""category"": ""ADR (Decision)"", ""ndcg5"": 1.0, ""mrr5"": 1.0, ""hit3"": 1, ""hit1"": 1, ""first_relevant_rank"": 1}, {""entry_id"": ""E024"", ""category"": ""ADR (Consequences)"", ""ndcg5"": 0.0, ""mrr5"": 0.0, ""hit3"": 0, ""hit1"": 0, ""first_relevant_rank"": null}, {""entry_id"": ""E025"", ""category"": ""ADR (Context)"", ""ndcg5"": 1.0, ""mrr5"": 1.0, ""hit3"": 1, ""hit1"": 1, ""first_relevant_rank"": 1}, {""entry_id"": ""E026"", ""category"": ""ADR (Decision)"", ""ndcg5"": 1.0, ""mrr5"": 1.0, ""hit3"": 1, ""hit1"": 1, ""first_relevant_rank"": 1}, {""entry_id"": ""E027"", ""category"": ""ADR (Consequences)"", ""ndcg5"": 0.0, ""mrr5"": 0.0, ""hit3"": 0, ""hit1"": 0, ""first_relevant_rank"": null}, {""entry_id"": ""E028"", ""category"": ""ADR (Context)"", ""ndcg5"": 1.0, ""mrr5"": 1.0, ""hit3"": 1, ""hit1"": 1, ""first_relevant_rank"": 1}, {""entry_id"": ""E029"", ""category"": ""ADR (Decision)"", ""ndcg5"": 0.0, ""mrr5"": 0.0, ""hit3"": 0, ""hit1"": 0, ""first_relevant_rank"": null}, {""entry_id"": ""E030"", ""category"": ""ADR (Consequences)"", ""ndcg5"": 0.0, ""mrr5"": 0.0, ""hit3"": 0, ""hit1"": 0, ""first_relevant_rank"": null}, {""entry_id"": ""E031"", ""category"": ""ADR (Context)"", ""ndcg5"": 1.0, ""mrr5"": 1.0, ""hit3"": 1, ""hit1"": 1, ""first_relevant_rank"": 1}, {""entry_id"": ""E032"", ""category"": ""ADR (Decision)"", ""ndcg5"": 0.0, ""mrr5"": 0.0, ""hit3"": 0, ""hit1"": 0, ""first_relevant_rank"": null}, {""entry_id"": ""E033"", ""category"": ""ADR (Consequences)"", ""ndcg5"": 0.0, ""mrr5"": 0.0, ""hit3"": 0, ""hit1"": 0, ""first_relevant_rank"": null}, {""entry_id"": ""E034"", ""category"": ""ADR (Context)"", ""ndcg5"": 0.0, ""mrr5"": 0.0, ""hit3"": 0, ""hit1"": 0, ""first_relevant_rank"": null}, {""entry_id"": ""E035"", ""category"": ""ADR (Decision)"", ""ndcg5"": 0.0, ""mrr5"": 0.0, ""hit3"": 0, ""hit1"": 0, ""first_relevant_rank"": null}, {""entry_id"": ""E036"", ""category"": ""ADR (Consequences)"", ""ndcg5"": 0.0, ""mrr5"": 0.0, ""hit3"": 0, ""hit1"": 0, ""first_relevant_rank"": null}, {""entry_id"": ""E037"", ""category"": ""ADR (Context)"", ""ndcg5"": 1.0, ""mrr5"": 1.0, ""hit3"": 1, ""hit1"": 1, ""first_relevant_rank"": 1}, {""entry_id"": ""E038"", ""category"": ""ADR (Decision)"", ""ndcg5"": 0.6309297535714575, ""mrr5"": 0.5, ""hit3"": 1, ""hit1"": 0, ""first_relevant_rank"": 2}, {""entry_id"": ""E039"", ""category"": ""ADR (Consequences)"", ""ndcg5"": 0.43067655807339306, ""mrr5"": 0.25, ""hit3"": 0, ""hit1"": 0, ""first_relevant_rank"": 4}, {""entry_id"": ""E040"", ""category"": ""ADR (Context)"", ""ndcg5"": 0.5, ""mrr5"": 0.3333333333333333, ""hit3"": 1, ""hit1"": 0, ""first_relevant_rank"": 3}, {""entry_id"": ""E041"", ""category"": ""ADR (Decision)"", ""ndcg5"": 0.6309297535714575, ""mrr5"": 0.5, ""hit3"": 1, ""hit1"": 0, ""first_relevant_rank"": 2}, {""entry_id"": ""E042"", ""category"": ""ADR (Consequences)"", ""ndcg5"": 0.43067655807339306, ""mrr5"": 0.25, ""hit3"": 0, ""hit1"": 0, ""first_relevant_rank"": 4}, {""entry_id"": ""E043"", ""category"": ""ADR (Context)"", ""ndcg5"": 0.6309297535714575, ""mrr5"": 0.5, ""hit3"": 1, ""hit1"": 0, ""first_relevant_rank"": 2}, {""entry_id"": ""E044"", ""category"": ""ADR (Decision)"", ""ndcg5"": 0.5, ""mrr5"": 0.3333333333333333, ""hit3"": 1, ""hit1"": 0, ""first_relevant_rank"": 3}, {""entry_id"": ""E045"", ""category"": ""ADR (Consequences)"", ""ndcg5"": 0.0, ""mrr5"": 0.0, ""hit3"": 0, ""hit1"": 0, ""first_relevant_rank"": null}, {""entry_id"": ""E046"", ""category"": ""ADR (Content)"", ""ndcg5"": 1.0, ""mrr5"": 1.0, ""hit3"": 1, ""hit1"": 1, ""first_relevant_rank"": 1}, {""entry_id"": ""E047"", ""category"": ""ADR (Decision)"", ""ndcg5"": 0.6309297535714575, ""mrr5"": 0.5, ""hit3"": 1, ""hit1"": 0, ""first_relevant_rank"": 2}, {""entry_id"": ""E048"", ""category"": ""ADR (Consequences)"", ""ndcg5"": 0.0, ""mrr5"": 0.0, ""hit3"": 0, ""hit1"": 0, ""first_relevant_rank"": null}, {""entry_id"": ""E049"", ""category"": ""ADR (Context)"", ""ndcg5"": 1.0, ""mrr5"": 1.0, ""hit3"": 1, ""hit1"": 1, ""first_relevant_rank"": 1}, {""entry_id"": ""E050"", ""category"": ""ADR (Decision)"", ""ndcg5"": 0.0, ""mrr5"": 0.0, ""hit3"": 0, ""hit1"": 0, ""first_relevant_rank"": null}, {""entry_id"": ""E051"", ""category"": ""ADR (Consequences)"", ""ndcg5"": 0.43067655807339306, ""mrr5"": 0.25, ""hit3"": 0, ""hit1"": 0, ""first_relevant_rank"": 4}, {""entry_id"": ""E052"", ""category"": ""ADR (Context)"", ""ndcg5"": 1.0, ""mrr5"": 1.0, ""hit3"": 1, ""hit1"": 1, ""first_relevant_rank"": 1}, {""entry_id"": ""E053"", ""category"": ""ADR (Decision)"", ""ndcg5"": 1.0, ""mrr5"": 1.0, ""hit3"": 1, ""hit1"": 1, ""first_relevant_rank"": 1}, {""entry_id"": ""E054"", ""category"": ""ADR (Consequences)"", ""ndcg5"": 1.0, ""mrr5"": 1.0, ""hit3"": 1, ""hit1"": 1, ""first_relevant_rank"": 1}, {""entry_id"": ""E055"", ""category"": ""ADR (Context)"", ""ndcg5"": 1.0, ""mrr5"": 1.0, ""hit3"": 1, ""hit1"": 1, ""first_relevant_rank"": 1}, {""entry_id"": ""E056"", ""category"": ""ADR (Decision)"", ""ndcg5"": 0.5, ""mrr5"": 0.3333333333333333, ""hit3"": 1, ""hit1"": 0, ""first_relevant_rank"": 3}, {""entry_id"": ""E057"", ""category"": ""ADR (Content)"", ""ndcg5"": 0.0, ""mrr5"": 0.0, ""hit3"": 0, ""hit1"": 0, ""first_relevant_rank"": null}, {""entry_id"": ""E058"", ""category"": ""ADR (Context)"", ""ndcg5"": 1.0, ""mrr5"": 1.0, ""hit3"": 1, ""hit1"": 1, ""first_relevant_rank"": 1}, {""entry_id"": ""E059"", ""category"": ""ADR (Decision)"", ""ndcg5"": 1.0, ""mrr5"": 1.0, ""hit3"": 1, ""hit1"": 1, ""first_relevant_rank"": 1}, {""entry_id"": ""E060"", ""category"": ""ADR (Consequences)"", ""ndcg5"": 0.5, ""mrr5"": 0.3333333333333333, ""hit3"": 1, ""hit1"": 0, ""first_relevant_rank"": 3}, {""entry_id"": ""E061"", ""category"": ""ADR (Context)"", ""ndcg5"": 1.0, ""mrr5"": 1.0, ""hit3"": 1, ""hit1"": 1, ""first_relevant_rank"": 1}, {""entry_id"": ""E062"", ""category"": ""ADR (Decision)"", ""ndcg5"": 0.0, ""mrr5"": 0.0, ""hit3"": 0, ""hit1"": 0, ""first_relevant_rank"": null}, {""entry_id"": ""E063"", ""category"": ""ADR (Consequences)"", ""ndcg5"": 0.5, ""mrr5"": 0.3333333333333333, ""hit3"": 1, ""hit1"": 0, ""first_relevant_rank"": 3}, {""entry_id"": ""E064"", ""category"": ""ADR (Context)"", ""ndcg5"": 1.0, ""mrr5"": 1.0, ""hit3"": 1, ""hit1"": 1, ""first_relevant_rank"": 1}, {""entry_id"": ""E065"", ""category"": ""ADR (Decision)"", ""ndcg5"": 0.0, ""mrr5"": 0.0, ""hit3"": 0, ""hit1"": 0, ""first_relevant_rank"": null}, {""entry_id"": ""E066"", ""category"": ""ADR (Consequences)"", ""ndcg5"": 0.0, ""mrr5"": 0.0, ""hit3"": 0, ""hit1"": 0, ""first_relevant_rank"": null}, {""entry_id"": ""E067"", ""category"": ""ADR (Context)"", ""ndcg5"": 1.0, ""mrr5"": 1.0, ""hit3"": 1, ""hit1"": 1, ""first_relevant_rank"": 1}, {""entry_id"": ""E068"", ""category"": ""ADR (Decision)"", ""ndcg5"": 0.43067655807339306, ""mrr5"": 0.25, ""hit3"": 0, ""hit1"": 0, ""first_relevant_rank"": 4}, {""entry_id"": ""E069"", ""category"": ""ADR (Consequences)"", ""ndcg5"": 0.0, ""mrr5"": 0.0, ""hit3"": 0, ""hit1"": 0, ""first_relevant_rank"": null}, {""entry_id"": ""E070"", ""category"": ""ADR (Context)"", ""ndcg5"": 1.0, ""mrr5"": 1.0, ""hit3"": 1, ""hit1"": 1, ""first_relevant_rank"": 1}, {""entry_id"": ""E071"", ""category"": ""ADR (Decision)"", ""ndcg5"": 0.0, ""mrr5"": 0.0, ""hit3"": 0, ""hit1"": 0, ""first_relevant_rank"": null}, {""entry_id"": ""E072"", ""category"": ""ADR (Consequences)"", ""ndcg5"": 0.0, ""mrr5"": 0.0, ""hit3"": 0, ""hit1"": 0, ""first_relevant_rank"": null}, {""entry_id"": ""E073"", ""category"": ""ADR (Context)"", ""ndcg5"": 1.0, ""mrr5"": 1.0, ""hit3"": 1, ""hit1"": 1, ""first_relevant_rank"": 1}, {""entry_id"": ""E074"", ""category"": ""ADR (Decision)"", ""ndcg5"": 0.38685280723454163, ""mrr5"": 0.2, ""hit3"": 0, ""hit1"": 0, ""first_relevant_rank"": 5}, {""entry_id"": ""E075"", ""category"": ""ADR (Consequences)"", ""ndcg5"": 0.6309297535714575, ""mrr5"": 0.5, ""hit3"": 1, ""hit1"": 0, ""first_relevant_rank"": 2}, {""entry_id"": ""E076"", ""category"": ""Non-file (hermes transcript)"", ""ndcg5"": 1.0, ""mrr5"": 1.0, ""hit3"": 1, ""hit1"": 1, ""first_relevant_rank"": 1}, {""entry_id"": ""E077"", ""category"": ""Non-file (hermes transcript)"", ""ndcg5"": 1.0, ""mrr5"": 1.0, ""hit3"": 1, ""hit1"": 1, ""first_relevant_rank"": 1}, {""entry_id"": ""E078"", ""category"": ""Non-file (hermes transcript)"", ""ndcg5"": 1.0, ""mrr5"": 1.0, ""hit3"": 1, ""hit1"": 1, ""first_relevant_rank"": 1}, {""entry_id"": ""E079"", ""category"": ""Non-file (hermes transcript)"", ""ndcg5"": 1.0, ""mrr5"": 1.0, ""hit3"": 1, ""hit1"": 1, ""first_relevant_rank"": 1}, {""entry_id"": ""E080"", ""category"": ""Non-file (hermes transcript)"", ""ndcg5"": 0.0, ""mrr5"": 0.0, ""hit3"": 0, ""hit1"": 0, ""first_relevant_rank"": null}, {""entry_id"": ""E081"", ""category"": ""Non-file (hermes transcript)"", ""ndcg5"": 1.0, ""mrr5"": 1.0, ""hit3"": 1, ""hit1"": 1, ""first_relevant_rank"": 1}, {""entry_id"": ""E082"", ""category"": ""Non-file (hermes transcript)"", ""ndcg5"": 0.43067655807339306, ""mrr5"": 0.25, ""hit3"": 0, ""hit1"": 0, ""first_relevant_rank"": 4}, {""entry_id"": ""E083"", ""category"": ""Non-file (hermes transcript)"", ""ndcg5"": 1.0, ""mrr5"": 1.0, ""hit3"": 1, ""hit1"": 1, ""first_relevant_rank"": 1}, {""entry_id"": ""E084"", ""category"": ""Non-file (hermes transcript)"", ""ndcg5"": 0.0, ""mrr5"": 0.0, ""hit3"": 0, ""hit1"": 0, ""first_relevant_rank"": null}, {""entry_id"": ""E085"", ""category"": ""Non-file (hermes transcript)"", ""ndcg5"": 1.0, ""mrr5"": 1.0, ""hit3"": 1, ""hit1"": 1, ""first_relevant_rank"": 1}, {""entry_id"": ""E086"", ""category"": ""Non-file (hermes transcript)"", ""ndcg5"": 1.0, ""mrr5"": 1.0, ""hit3"": 1, ""hit1"": 1, ""first_relevant_rank"": 1}, {""entry_id"": ""E087"", ""category"": ""Non-file (hermes transcript)"", ""ndcg5"": 1.0, ""mrr5"": 1.0, ""hit3"": 1, ""hit1"": 1, ""first_relevant_rank"": 1}, {""entry_id"": ""E088"", ""category"": ""Non-file (hermes transcript)"", ""ndcg5"": 1.0, ""mrr5"": 1.0, ""hit3"": 1, ""hit1"": 1, ""first_relevant_rank"": 1}, {""entry_id"": ""E089"", ""category"": ""Non-file (hermes transcript)"", ""ndcg5"": 0.6309297535714575, ""mrr5"": 0.5, ""hit3"": 1, ""hit1"": 0, ""first_relevant_rank"": 2}, {""entry_id"": ""E090"", ""category"": ""Non-file (shared tier)"", ""ndcg5"": 1.0, ""mrr5"": 1.0, ""hit3"": 1, ""hit1"": 1, ""first_relevant_rank"": 1}, {""entry_id"": ""E091"", ""category"": ""Non-file (shared tier)"", ""ndcg5"": 1.0, ""mrr5"": 1.0, ""hit3"": 1, ""hit1"": 1, ""first_relevant_rank"": 1}, {""entry_id"": ""E092"", ""category"": ""Non-file (shared tier)"", ""ndcg5"": 1.0, ""mrr5"": 1.0, ""hit3"": 1, ""hit1"": 1, ""first_relevant_rank"": 1}, {""entry_id"": ""E093"", ""category"": ""Non-file (shared tier)"", ""ndcg5"": 1.0, ""mrr5"": 1.0, ""hit3"": 1, ""hit1"": 1, ""first_relevant_rank"": 1}, {""entry_id"": ""E094"", ""category"": ""Non-file (shared tier)"", ""ndcg5"": 1.0, ""mrr5"": 1.0, ""hit3"": 1, ""hit1"": 1, ""first_relevant_rank"": 1}, {""entry_id"": ""E095"", ""category"": ""Non-file (shared tier)"", ""ndcg5"": 1.0, ""mrr5"": 1.0, ""hit3"": 1, ""hit1"": 1, ""first_relevant_rank"": 1}, {""entry_id"": ""E096"", ""category"": ""Non-file (shared tier)"", ""ndcg5"": 1.0, ""mrr5"": 1.0, ""hit3"": 1, ""hit1"": 1, ""first_relevant_rank"": 1}, {""entry_id"": ""E097"", ""category"": ""Non-file (shared tier)"", ""ndcg5"": 1.0, ""mrr5"": 1.0, ""hit3"": 1, ""hit1"": 1, ""first_relevant_rank"": 1}, {""entry_id"": ""E098"", ""category"": ""Non-file (shared tier)"", ""ndcg5"": 1.0, ""mrr5"": 1.0, ""hit3"": 1, ""hit1"": 1, ""first_relevant_rank"": 1}, {""entry_id"": ""E099"", ""category"": ""Non-file (shared tier)"", ""ndcg5"": 1.0, ""mrr5"": 1.0, ""hit3"": 1, ""hit1"": 1, ""first_relevant_rank"": 1}, {""entry_id"": ""E100"", ""category"": ""Non-file (shared tier)"", ""ndcg5"": 1.0, ""mrr5"": 1.0, ""hit3"": 1, ""hit1"": 1, ""first_relevant_rank"": 1}]","{""ADR (Context)"": ""CategoryMetrics(category='ADR (Context)', count=24, mean_ndcg5=0.8234108127976215, mean_mrr5=0.7916666666666666, hit3_rate=0.9166666666666666, hit1_rate=0.7083333333333334)"", ""ADR (Decision)"": ""CategoryMetrics(category='ADR (Decision)', count=25, mean_ndcg5=0.4238868573302739, mean_mrr5=0.366, hit3_rate=0.48, hit1_rate=0.24)"", ""ADR (Consequences)"": ""CategoryMetrics(category='ADR (Consequences)', count=24, mean_ndcg5=0.34103412228893965, mean_mrr5=0.2881944444444445, hit3_rate=0.375, hit1_rate=0.16666666666666666)"", ""ADR (Content)"": ""CategoryMetrics(category='ADR (Content)', count=2, mean_ndcg5=0.5, mean_mrr5=0.5, hit3_rate=0.5, hit1_rate=0.5)"", ""Non-file (hermes transcript)"": ""CategoryMetrics(category='Non-file (hermes transcript)', count=14, mean_ndcg5=0.7901147365460607, mean_mrr5=0.7678571428571429, hit3_rate=0.7857142857142857, hit1_rate=0.7142857142857143)"", ""Non-file (shared tier)"": ""CategoryMetrics(category='Non-file (shared tier)', count=11, mean_ndcg5=1.0, mean_mrr5=1.0, hit3_rate=1.0, hit1_rate=1.0)""}"
sourceLambda=0.05,sourceLambda,0.05,memory,100,0.6189875183868967,0.5781666666666667,0.69,0.47,"[{""entry_id"": ""E001"", ""category"": ""ADR (Context)"", ""ndcg5"": 1.0, ""mrr5"": 1.0, ""hit3"": 1, ""hit1"": 1, ""first_relevant_rank"": 1}, {""entry_id"": ""E002"", ""category"": ""ADR (Decision)"", ""ndcg5"": 1.0, ""mrr5"": 1.0, ""hit3"": 1, ""hit1"": 1, ""first_relevant_rank"": 1}, {""entry_id"": ""E003"", ""category"": ""ADR (Consequences)"", ""ndcg5"": 0.0, ""mrr5"": 0.0, ""hit3"": 0, ""hit1"": 0, ""first_relevant_rank"": null}, {""entry_id"": ""E004"", ""category"": ""ADR (Context)"", ""ndcg5"": 0.6309297535714575, ""mrr5"": 0.5, ""hit3"": 1, ""hit1"": 0, ""first_relevant_rank"": 2}, {""entry_id"": ""E005"", ""category"": ""ADR (Decision)"", ""ndcg5"": 0.38685280723454163, ""mrr5"": 0.2, ""hit3"": 0, ""hit1"": 0, ""first_relevant_rank"": 5}, {""entry_id"": ""E006"", ""category"": ""ADR (Consequences)"", ""ndcg5"": 1.0, ""mrr5"": 1.0, ""hit3"": 1, ""hit1"": 1, ""first_relevant_rank"": 1}, {""entry_id"": ""E007"", ""category"": ""ADR (Context)"", ""ndcg5"": 0.5, ""mrr5"": 0.3333333333333333, ""hit3"": 1, ""hit1"": 0, ""first_relevant_rank"": 3}, {""entry_id"": ""E008"", ""category"": ""ADR (Decision)"", ""ndcg5"": 0.0, ""mrr5"": 0.0, ""hit3"": 0, ""hit1"": 0, ""first_relevant_rank"": null}, {""entry_id"": ""E009"", ""category"": ""ADR (Consequences)"", ""ndcg5"": 0.6309297535714575, ""mrr5"": 0.5, ""hit3"": 1, ""hit1"": 0, ""first_relevant_rank"": 2}, {""entry_id"": ""E010"", ""category"": ""ADR (Context)"", ""ndcg5"": 0.6309297535714575, ""mrr5"": 0.5, ""hit3"": 1, ""hit1"": 0, ""first_relevant_rank"": 2}, {""entry_id"": ""E011"", ""category"": ""ADR (Decision)"", ""ndcg5"": 0.5, ""mrr5"": 0.3333333333333333, ""hit3"": 1, ""hit1"": 0, ""first_relevant_rank"": 3}, {""entry_id"": ""E012"", ""category"": ""ADR (Consequences)"", ""ndcg5"": 1.0, ""mrr5"": 1.0, ""hit3"": 1, ""hit1"": 1, ""first_relevant_rank"": 1}, {""entry_id"": ""E013"", ""category"": ""ADR (Context)"", ""ndcg5"": 0.5, ""mrr5"": 0.3333333333333333, ""hit3"": 1, ""hit1"": 0, ""first_relevant_rank"": 3}, {""entry_id"": ""E014"", ""category"": ""ADR (Decision)"", ""ndcg5"": 1.0, ""mrr5"": 1.0, ""hit3"": 1, ""hit1"": 1, ""first_relevant_rank"": 1}, {""entry_id"": ""E015"", ""category"": ""ADR (Consequences)"", ""ndcg5"": 1.0, ""mrr5"": 1.0, ""hit3"": 1, ""hit1"": 1, ""first_relevant_rank"": 1}, {""entry_id"": ""E016"", ""category"": ""ADR (Context)"", ""ndcg5"": 0.43067655807339306, ""mrr5"": 0.25, ""hit3"": 0, ""hit1"": 0, ""first_relevant_rank"": 4}, {""entry_id"": ""E017"", ""category"": ""ADR (Decision)"", ""ndcg5"": 0.0, ""mrr5"": 0.0, ""hit3"": 0, ""hit1"": 0, ""first_relevant_rank"": null}, {""entry_id"": ""E018"", ""category"": ""ADR (Consequences)"", ""ndcg5"": 0.6309297535714575, ""mrr5"": 0.5, ""hit3"": 1, ""hit1"": 0, ""first_relevant_rank"": 2}, {""entry_id"": ""E019"", ""category"": ""ADR (Context)"", ""ndcg5"": 0.6309297535714575, ""mrr5"": 0.5, ""hit3"": 1, ""hit1"": 0, ""first_relevant_rank"": 2}, {""entry_id"": ""E020"", ""category"": ""ADR (Decision)"", ""ndcg5"": 0.0, ""mrr5"": 0.0, ""hit3"": 0, ""hit1"": 0, ""first_relevant_rank"": null}, {""entry_id"": ""E021"", ""category"": ""ADR (Consequences)"", ""ndcg5"": 0.0, ""mrr5"": 0.0, ""hit3"": 0, ""hit1"": 0, ""first_relevant_rank"": null}, {""entry_id"": ""E022"", ""category"": ""ADR (Context)"", ""ndcg5"": 0.0, ""mrr5"": 0.0, ""hit3"": 0, ""hit1"": 0, ""first_relevant_rank"": null}, {""entry_id"": ""E023"", ""category"": ""ADR (Decision)"", ""ndcg5"": 1.0, ""mrr5"": 1.0, ""hit3"": 1, ""hit1"": 1, ""first_relevant_rank"": 1}, {""entry_id"": ""E024"", ""category"": ""ADR (Consequences)"", ""ndcg5"": 0.0, ""mrr5"": 0.0, ""hit3"": 0, ""hit1"": 0, ""first_relevant_rank"": null}, {""entry_id"": ""E025"", ""category"": ""ADR (Context)"", ""ndcg5"": 0.6309297535714575, ""mrr5"": 0.5, ""hit3"": 1, ""hit1"": 0, ""first_relevant_rank"": 2}, {""entry_id"": ""E026"", ""category"": ""ADR (Decision)"", ""ndcg5"": 1.0, ""mrr5"": 1.0, ""hit3"": 1, ""hit1"": 1, ""first_relevant_rank"": 1}, {""entry_id"": ""E027"", ""category"": ""ADR (Consequences)"", ""ndcg5"": 0.0, ""mrr5"": 0.0, ""hit3"": 0, ""hit1"": 0, ""first_relevant_rank"": null}, {""entry_id"": ""E028"", ""category"": ""ADR (Context)"", ""ndcg5"": 1.0, ""mrr5"": 1.0, ""hit3"": 1, ""hit1"": 1, ""first_relevant_rank"": 1}, {""entry_id"": ""E029"", ""category"": ""ADR (Decision)"", ""ndcg5"": 0.0, ""mrr5"": 0.0, ""hit3"": 0, ""hit1"": 0, ""first_relevant_rank"": null}, {""entry_id"": ""E030"", ""category"": ""ADR (Consequences)"", ""ndcg5"": 0.0, ""mrr5"": 0.0, ""hit3"": 0, ""hit1"": 0, ""first_relevant_rank"": null}, {""entry_id"": ""E031"", ""category"": ""ADR (Context)"", ""ndcg5"": 1.0, ""mrr5"": 1.0, ""hit3"": 1, ""hit1"": 1, ""first_relevant_rank"": 1}, {""entry_id"": ""E032"", ""category"": ""ADR (Decision)"", ""ndcg5"": 0.0, ""mrr5"": 0.0, ""hit3"": 0, ""hit1"": 0, ""first_relevant_rank"": null}, {""entry_id"": ""E033"", ""category"": ""ADR (Consequences)"", ""ndcg5"": 0.0, ""mrr5"": 0.0, ""hit3"": 0, ""hit1"": 0, ""first_relevant_rank"": null}, {""entry_id"": ""E034"", ""category"": ""ADR (Context)"", ""ndcg5"": 0.0, ""mrr5"": 0.0, ""hit3"": 0, ""hit1"": 0, ""first_relevant_rank"": null}, {""entry_id"": ""E035"", ""category"": ""ADR (Decision)"", ""ndcg5"": 0.0, ""mrr5"": 0.0, ""hit3"": 0, ""hit1"": 0, ""first_relevant_rank"": null}, {""entry_id"": ""E036"", ""category"": ""ADR (Consequences)"", ""ndcg5"": 0.0, ""mrr5"": 0.0, ""hit3"": 0, ""hit1"": 0, ""first_relevant_rank"": null}, {""entry_id"": ""E037"", ""category"": ""ADR (Context)"", ""ndcg5"": 0.6309297535714575, ""mrr5"": 0.5, ""hit3"": 1, ""hit1"": 0, ""first_relevant_rank"": 2}, {""entry_id"": ""E038"", ""category"": ""ADR (Decision)"", ""ndcg5"": 1.0, ""mrr5"": 1.0, ""hit3"": 1, ""hit1"": 1, ""first_relevant_rank"": 1}, {""entry_id"": ""E039"", ""category"": ""ADR (Consequences)"", ""ndcg5"": 0.6309297535714575, ""mrr5"": 0.5, ""hit3"": 1, ""hit1"": 0, ""first_relevant_rank"": 2}, {""entry_id"": ""E040"", ""category"": ""ADR (Context)"", ""ndcg5"": 0.5, ""mrr5"": 0.3333333333333333, ""hit3"": 1, ""hit1"": 0, ""first_relevant_rank"": 3}, {""entry_id"": ""E041"", ""category"": ""ADR (Decision)"", ""ndcg5"": 1.0, ""mrr5"": 1.0, ""hit3"": 1, ""hit1"": 1, ""first_relevant_rank"": 1}, {""entry_id"": ""E042"", ""category"": ""ADR (Consequences)"", ""ndcg5"": 1.0, ""mrr5"": 1.0, ""hit3"": 1, ""hit1"": 1, ""first_relevant_rank"": 1}, {""entry_id"": ""E043"", ""category"": ""ADR (Context)"", ""ndcg5"": 0.43067655807339306, ""mrr5"": 0.25, ""hit3"": 0, ""hit1"": 0, ""first_relevant_rank"": 4}, {""entry_id"": ""E044"", ""category"": ""ADR (Decision)"", ""ndcg5"": 0.6309297535714575, ""mrr5"": 0.5, ""hit3"": 1, ""hit1"": 0, ""first_relevant_rank"": 2}, {""entry_id"": ""E045"", ""category"": ""ADR (Consequences)"", ""ndcg5"": 0.0, ""mrr5"": 0.0, ""hit3"": 0, ""hit1"": 0, ""first_relevant_rank"": null}, {""entry_id"": ""E046"", ""category"": ""ADR (Content)"", ""ndcg5"": 1.0, ""mrr5"": 1.0, ""hit3"": 1, ""hit1"": 1, ""first_relevant_rank"": 1}, {""entry_id"": ""E047"", ""category"": ""ADR (Decision)"", ""ndcg5"": 1.0, ""mrr5"": 1.0, ""hit3"": 1, ""hit1"": 1, ""first_relevant_rank"": 1}, {""entry_id"": ""E048"", ""category"": ""ADR (Consequences)"", ""ndcg5"": 0.6309297535714575, ""mrr5"": 0.5, ""hit3"": 1, ""hit1"": 0, ""first_relevant_rank"": 2}, {""entry_id"": ""E049"", ""category"": ""ADR (Context)"", ""ndcg5"": 1.0, ""mrr5"": 1.0, ""hit3"": 1, ""hit1"": 1, ""first_relevant_rank"": 1}, {""entry_id"": ""E050"", ""category"": ""ADR (Decision)"", ""ndcg5"": 0.0, ""mrr5"": 0.0, ""hit3"": 0, ""hit1"": 0, ""first_relevant_rank"": null}, {""entry_id"": ""E051"", ""category"": ""ADR (Consequences)"", ""ndcg5"": 1.0, ""mrr5"": 1.0, ""hit3"": 1, ""hit1"": 1, ""first_relevant_rank"": 1}, {""entry_id"": ""E052"", ""category"": ""ADR (Context)"", ""ndcg5"": 1.0, ""mrr5"": 1.0, ""hit3"": 1, ""hit1"": 1, ""first_relevant_rank"": 1}, {""entry_id"": ""E053"", ""category"": ""ADR (Decision)"", ""ndcg5"": 1.0, ""mrr5"": 1.0, ""hit3"": 1, ""hit1"": 1, ""first_relevant_rank"": 1}, {""entry_id"": ""E054"", ""category"": ""ADR (Consequences)"", ""ndcg5"": 1.0, ""mrr5"": 1.0, ""hit3"": 1, ""hit1"": 1, ""first_relevant_rank"": 1}, {""entry_id"": ""E055"", ""category"": ""ADR (Context)"", ""ndcg5"": 1.0, ""mrr5"": 1.0, ""hit3"": 1, ""hit1"": 1, ""first_relevant_rank"": 1}, {""entry_id"": ""E056"", ""category"": ""ADR (Decision)"", ""ndcg5"": 0.5, ""mrr5"": 0.3333333333333333, ""hit3"": 1, ""hit1"": 0, ""first_relevant_rank"": 3}, {""entry_id"": ""E057"", ""category"": ""ADR (Content)"", ""ndcg5"": 0.0, ""mrr5"": 0.0, ""hit3"": 0, ""hit1"": 0, ""first_relevant_rank"": null}, {""entry_id"": ""E058"", ""category"": ""ADR (Context)"", ""ndcg5"": 1.0, ""mrr5"": 1.0, ""hit3"": 1, ""hit1"": 1, ""first_relevant_rank"": 1}, {""entry_id"": ""E059"", ""category"": ""ADR (Decision)"", ""ndcg5"": 0.6309297535714575, ""mrr5"": 0.5, ""hit3"": 1, ""hit1"": 0, ""first_relevant_rank"": 2}, {""entry_id"": ""E060"", ""category"": ""ADR (Consequences)"", ""ndcg5"": 0.5, ""mrr5"": 0.3333333333333333, ""hit3"": 1, ""hit1"": 0, ""first_relevant_rank"": 3}, {""entry_id"": ""E061"", ""category"": ""ADR (Context)"", ""ndcg5"": 1.0, ""mrr5"": 1.0, ""hit3"": 1, ""hit1"": 1, ""first_relevant_rank"": 1}, {""entry_id"": ""E062"", ""category"": ""ADR (Decision)"", ""ndcg5"": 0.0, ""mrr5"": 0.0, ""hit3"": 0, ""hit1"": 0, ""first_relevant_rank"": null}, {""entry_id"": ""E063"", ""category"": ""ADR (Consequences)"", ""ndcg5"": 0.38685280723454163, ""mrr5"": 0.2, ""hit3"": 0, ""hit1"": 0, ""first_relevant_rank"": 5}, {""entry_id"": ""E064"", ""category"": ""ADR (Context)"", ""ndcg5"": 0.6309297535714575, ""mrr5"": 0.5, ""hit3"": 1, ""hit1"": 0, ""first_relevant_rank"": 2}, {""entry_id"": ""E065"", ""category"": ""ADR (Decision)"", ""ndcg5"": 0.0, ""mrr5"": 0.0, ""hit3"": 0, ""hit1"": 0, ""first_relevant_rank"": null}, {""entry_id"": ""E066"", ""category"": ""ADR (Consequences)"", ""ndcg5"": 0.0, ""mrr5"": 0.0, ""hit3"": 0, ""hit1"": 0, ""first_relevant_rank"": null}, {""entry_id"": ""E067"", ""category"": ""ADR (Context)"", ""ndcg5"": 1.0, ""mrr5"": 1.0, ""hit3"": 1, ""hit1"": 1, ""first_relevant_rank"": 1}, {""entry_id"": ""E068"", ""category"": ""ADR (Decision)"", ""ndcg5"": 0.5, ""mrr5"": 0.3333333333333333, ""hit3"": 1, ""hit1"": 0, ""first_relevant_rank"": 3}, {""entry_id"": ""E069"", ""category"": ""ADR (Consequences)"", ""ndcg5"": 0.0, ""mrr5"": 0.0, ""hit3"": 0, ""hit1"": 0, ""first_relevant_rank"": null}, {""entry_id"": ""E070"", ""category"": ""ADR (Context)"", ""ndcg5"": 1.0, ""mrr5"": 1.0, ""hit3"": 1, ""hit1"": 1, ""first_relevant_rank"": 1}, {""entry_id"": ""E071"", ""category"": ""ADR (Decision)"", ""ndcg5"": 0.0, ""mrr5"": 0.0, ""hit3"": 0, ""hit1"": 0, ""first_relevant_rank"": null}, {""entry_id"": ""E072"", ""category"": ""ADR (Consequences)"", ""ndcg5"": 0.0, ""mrr5"": 0.0, ""hit3"": 0, ""hit1"": 0, ""first_relevant_rank"": null}, {""entry_id"": ""E073"", ""category"": ""ADR (Context)"", ""ndcg5"": 0.6309297535714575, ""mrr5"": 0.5, ""hit3"": 1, ""hit1"": 0, ""first_relevant_rank"": 2}, {""entry_id"": ""E074"", ""category"": ""ADR (Decision)"", ""ndcg5"": 0.5, ""mrr5"": 0.3333333333333333, ""hit3"": 1, ""hit1"": 0, ""first_relevant_rank"": 3}, {""entry_id"": ""E075"", ""category"": ""ADR (Consequences)"", ""ndcg5"": 1.0, ""mrr5"": 1.0, ""hit3"": 1, ""hit1"": 1, ""first_relevant_rank"": 1}, {""entry_id"": ""E076"", ""category"": ""Non-file (hermes transcript)"", ""ndcg5"": 1.0, ""mrr5"": 1.0, ""hit3"": 1, ""hit1"": 1, ""first_relevant_rank"": 1}, {""entry_id"": ""E077"", ""category"": ""Non-file (hermes transcript)"", ""ndcg5"": 1.0, ""mrr5"": 1.0, ""hit3"": 1, ""hit1"": 1, ""first_relevant_rank"": 1}, {""entry_id"": ""E078"", ""category"": ""Non-file (hermes transcript)"", ""ndcg5"": 1.0, ""mrr5"": 1.0, ""hit3"": 1, ""hit1"": 1, ""first_relevant_rank"": 1}, {""entry_id"": ""E079"", ""category"": ""Non-file (hermes transcript)"", ""ndcg5"": 1.0, ""mrr5"": 1.0, ""hit3"": 1, ""hit1"": 1, ""first_relevant_rank"": 1}, {""entry_id"": ""E080"", ""category"": ""Non-file (hermes transcript)"", ""ndcg5"": 0.0, ""mrr5"": 0.0, ""hit3"": 0, ""hit1"": 0, ""first_relevant_rank"": null}, {""entry_id"": ""E081"", ""category"": ""Non-file (hermes transcript)"", ""ndcg5"": 1.0, ""mrr5"": 1.0, ""hit3"": 1, ""hit1"": 1, ""first_relevant_rank"": 1}, {""entry_id"": ""E082"", ""category"": ""Non-file (hermes transcript)"", ""ndcg5"": 0.43067655807339306, ""mrr5"": 0.25, ""hit3"": 0, ""hit1"": 0, ""first_relevant_rank"": 4}, {""entry_id"": ""E083"", ""category"": ""Non-file (hermes transcript)"", ""ndcg5"": 1.0, ""mrr5"": 1.0, ""hit3"": 1, ""hit1"": 1, ""first_relevant_rank"": 1}, {""entry_id"": ""E084"", ""category"": ""Non-file (hermes transcript)"", ""ndcg5"": 0.0, ""mrr5"": 0.0, ""hit3"": 0, ""hit1"": 0, ""first_relevant_rank"": null}, {""entry_id"": ""E085"", ""category"": ""Non-file (hermes transcript)"", ""ndcg5"": 1.0, ""mrr5"": 1.0, ""hit3"": 1, ""hit1"": 1, ""first_relevant_rank"": 1}, {""entry_id"": ""E086"", ""category"": ""Non-file (hermes transcript)"", ""ndcg5"": 1.0, ""mrr5"": 1.0, ""hit3"": 1, ""hit1"": 1, ""first_relevant_rank"": 1}, {""entry_id"": ""E087"", ""category"": ""Non-file (hermes transcript)"", ""ndcg5"": 1.0, ""mrr5"": 1.0, ""hit3"": 1, ""hit1"": 1, ""first_relevant_rank"": 1}, {""entry_id"": ""E088"", ""category"": ""Non-file (hermes transcript)"", ""ndcg5"": 1.0, ""mrr5"": 1.0, ""hit3"": 1, ""hit1"": 1, ""first_relevant_rank"": 1}, {""entry_id"": ""E089"", ""category"": ""Non-file (hermes transcript)"", ""ndcg5"": 0.6309297535714575, ""mrr5"": 0.5, ""hit3"": 1, ""hit1"": 0, ""first_relevant_rank"": 2}, {""entry_id"": ""E090"", ""category"": ""Non-file (shared tier)"", ""ndcg5"": 1.0, ""mrr5"": 1.0, ""hit3"": 1, ""hit1"": 1, ""first_relevant_rank"": 1}, {""entry_id"": ""E091"", ""category"": ""Non-file (shared tier)"", ""ndcg5"": 1.0, ""mrr5"": 1.0, ""hit3"": 1, ""hit1"": 1, ""first_relevant_rank"": 1}, {""entry_id"": ""E092"", ""category"": ""Non-file (shared tier)"", ""ndcg5"": 1.0, ""mrr5"": 1.0, ""hit3"": 1, ""hit1"": 1, ""first_relevant_rank"": 1}, {""entry_id"": ""E093"", ""category"": ""Non-file (shared tier)"", ""ndcg5"": 1.0, ""mrr5"": 1.0, ""hit3"": 1, ""hit1"": 1, ""first_relevant_rank"": 1}, {""entry_id"": ""E094"", ""category"": ""Non-file (shared tier)"", ""ndcg5"": 1.0, ""mrr5"": 1.0, ""hit3"": 1, ""hit1"": 1, ""first_relevant_rank"": 1}, {""entry_id"": ""E095"", ""category"": ""Non-file (shared tier)"", ""ndcg5"": 1.0, ""mrr5"": 1.0, ""hit3"": 1, ""hit1"": 1, ""first_relevant_rank"": 1}, {""entry_id"": ""E096"", ""category"": ""Non-file (shared tier)"", ""ndcg5"": 1.0, ""mrr5"": 1.0, ""hit3"": 1, ""hit1"": 1, ""first_relevant_rank"": 1}, {""entry_id"": ""E097"", ""category"": ""Non-file (shared tier)"", ""ndcg5"": 1.0, ""mrr5"": 1.0, ""hit3"": 1, ""hit1"": 1, ""first_relevant_rank"": 1}, {""entry_id"": ""E098"", ""category"": ""Non-file (shared tier)"", ""ndcg5"": 1.0, ""mrr5"": 1.0, ""hit3"": 1, ""hit1"": 1, ""first_relevant_rank"": 1}, {""entry_id"": ""E099"", ""category"": ""Non-file (shared tier)"", ""ndcg5"": 1.0, ""mrr5"": 1.0, ""hit3"": 1, ""hit1"": 1, ""first_relevant_rank"": 1}, {""entry_id"": ""E100"", ""category"": ""Non-file (shared tier)"", ""ndcg5"": 1.0, ""mrr5"": 1.0, ""hit3"": 1, ""hit1"": 1, ""first_relevant_rank"": 1}]","{""ADR (Context)"": ""CategoryMetrics(category='ADR (Context)', count=24, mean_ndcg5=0.6990775579644578, mean_mrr5=0.625, hit3_rate=0.8333333333333334, hit1_rate=0.4166666666666667)"", ""ADR (Decision)"": ""CategoryMetrics(category='ADR (Decision)', count=25, mean_ndcg5=0.4659484925750983, mean_mrr5=0.42133333333333334, hit3_rate=0.56, hit1_rate=0.32)"", ""ADR (Consequences)"": ""CategoryMetrics(category='ADR (Consequences)', count=24, mean_ndcg5=0.4337738258966821, mean_mrr5=0.3972222222222222, hit3_rate=0.5, hit1_rate=0.2916666666666667)"", ""ADR (Content)"": ""CategoryMetrics(category='ADR (Content)', count=2, mean_ndcg5=0.5, mean_mrr5=0.5, hit3_rate=0.5, hit1_rate=0.5)"", ""Non-file (hermes transcript)"": ""CategoryMetrics(category='Non-file (hermes transcript)', count=14, mean_ndcg5=0.7901147365460607, mean_mrr5=0.7678571428571429, hit3_rate=0.7857142857142857, hit1_rate=0.7142857142857143)"", ""Non-file (shared tier)"": ""CategoryMetrics(category='Non-file (shared tier)', count=11, mean_ndcg5=1.0, mean_mrr5=1.0, hit3_rate=1.0, hit1_rate=1.0)""}"
sourceLambda=0.1,sourceLambda,0.1,memory,100,0.6105391530585856,0.5676666666666667,0.65,0.47,"[{""entry_id"": ""E001"", ""category"": ""ADR (Context)"", ""ndcg5"": 1.0, ""mrr5"": 1.0, ""hit3"": 1, ""hit1"": 1, ""first_relevant_rank"": 1}, {""entry_id"": ""E002"", ""category"": ""ADR (Decision)"", ""ndcg5"": 1.0, ""mrr5"": 1.0, ""hit3"": 1, ""hit1"": 1, ""first_relevant_rank"": 1}, {""entry_id"": ""E003"", ""category"": ""ADR (Consequences)"", ""ndcg5"": 0.0, ""mrr5"": 0.0, ""hit3"": 0, ""hit1"": 0, ""first_relevant_rank"": null}, {""entry_id"": ""E004"", ""category"": ""ADR (Context)"", ""ndcg5"": 0.38685280723454163, ""mrr5"": 0.2, ""hit3"": 0, ""hit1"": 0, ""first_relevant_rank"": 5}, {""entry_id"": ""E005"", ""category"": ""ADR (Decision)"", ""ndcg5"": 0.38685280723454163, ""mrr5"": 0.2, ""hit3"": 0, ""hit1"": 0, ""first_relevant_rank"": 5}, {""entry_id"": ""E006"", ""category"": ""ADR (Consequences)"", ""ndcg5"": 1.0, ""mrr5"": 1.0, ""hit3"": 1, ""hit1"": 1, ""first_relevant_rank"": 1}, {""entry_id"": ""E007"", ""category"": ""ADR (Context)"", ""ndcg5"": 0.5, ""mrr5"": 0.3333333333333333, ""hit3"": 1, ""hit1"": 0, ""first_relevant_rank"": 3}, {""entry_id"": ""E008"", ""category"": ""ADR (Decision)"", ""ndcg5"": 0.0, ""mrr5"": 0.0, ""hit3"": 0, ""hit1"": 0, ""first_relevant_rank"": null}, {""entry_id"": ""E009"", ""category"": ""ADR (Consequences)"", ""ndcg5"": 0.6309297535714575, ""mrr5"": 0.5, ""hit3"": 1, ""hit1"": 0, ""first_relevant_rank"": 2}, {""entry_id"": ""E010"", ""category"": ""ADR (Context)"", ""ndcg5"": 0.6309297535714575, ""mrr5"": 0.5, ""hit3"": 1, ""hit1"": 0, ""first_relevant_rank"": 2}, {""entry_id"": ""E011"", ""category"": ""ADR (Decision)"", ""ndcg5"": 0.5, ""mrr5"": 0.3333333333333333, ""hit3"": 1, ""hit1"": 0, ""first_relevant_rank"": 3}, {""entry_id"": ""E012"", ""category"": ""ADR (Consequences)"", ""ndcg5"": 1.0, ""mrr5"": 1.0, ""hit3"": 1, ""hit1"": 1, ""first_relevant_rank"": 1}, {""entry_id"": ""E013"", ""category"": ""ADR (Context)"", ""ndcg5"": 0.43067655807339306, ""mrr5"": 0.25, ""hit3"": 0, ""hit1"": 0, ""first_relevant_rank"": 4}, {""entry_id"": ""E014"", ""category"": ""ADR (Decision)"", ""ndcg5"": 1.0, ""mrr5"": 1.0, ""hit3"": 1, ""hit1"": 1, ""first_relevant_rank"": 1}, {""entry_id"": ""E015"", ""category"": ""ADR (Consequences)"", ""ndcg5"": 1.0, ""mrr5"": 1.0, ""hit3"": 1, ""hit1"": 1, ""first_relevant_rank"": 1}, {""entry_id"": ""E016"", ""category"": ""ADR (Context)"", ""ndcg5"": 0.43067655807339306, ""mrr5"": 0.25, ""hit3"": 0, ""hit1"": 0, ""first_relevant_rank"": 4}, {""entry_id"": ""E017"", ""category"": ""ADR (Decision)"", ""ndcg5"": 0.0, ""mrr5"": 0.0, ""hit3"": 0, ""hit1"": 0, ""first_relevant_rank"": null}, {""entry_id"": ""E018"", ""category"": ""ADR (Consequences)"", ""ndcg5"": 0.6309297535714575, ""mrr5"": 0.5, ""hit3"": 1, ""hit1"": 0, ""first_relevant_rank"": 2}, {""entry_id"": ""E019"", ""category"": ""ADR (Context)"", ""ndcg5"": 0.6309297535714575, ""mrr5"": 0.5, ""hit3"": 1, ""hit1"": 0, ""first_relevant_rank"": 2}, {""entry_id"": ""E020"", ""category"": ""ADR (Decision)"", ""ndcg5"": 0.0, ""mrr5"": 0.0, ""hit3"": 0, ""hit1"": 0, ""first_relevant_rank"": null}, {""entry_id"": ""E021"", ""category"": ""ADR (Consequences)"", ""ndcg5"": 0.0, ""mrr5"": 0.0, ""hit3"": 0, ""hit1"": 0, ""first_relevant_rank"": null}, {""entry_id"": ""E022"", ""category"": ""ADR (Context)"", ""ndcg5"": 0.0, ""mrr5"": 0.0, ""hit3"": 0, ""hit1"": 0, ""first_relevant_rank"": null}, {""entry_id"": ""E023"", ""category"": ""ADR (Decision)"", ""ndcg5"": 1.0, ""mrr5"": 1.0, ""hit3"": 1, ""hit1"": 1, ""first_relevant_rank"": 1}, {""entry_id"": ""E024"", ""category"": ""ADR (Consequences)"", ""ndcg5"": 0.0, ""mrr5"": 0.0, ""hit3"": 0, ""hit1"": 0, ""first_relevant_rank"": null}, {""entry_id"": ""E025"", ""category"": ""ADR (Context)"", ""ndcg5"": 0.43067655807339306, ""mrr5"": 0.25, ""hit3"": 0, ""hit1"": 0, ""first_relevant_rank"": 4}, {""entry_id"": ""E026"", ""category"": ""ADR (Decision)"", ""ndcg5"": 1.0, ""mrr5"": 1.0, ""hit3"": 1, ""hit1"": 1, ""first_relevant_rank"": 1}, {""entry_id"": ""E027"", ""category"": ""ADR (Consequences)"", ""ndcg5"": 0.0, ""mrr5"": 0.0, ""hit3"": 0, ""hit1"": 0, ""first_relevant_rank"": null}, {""entry_id"": ""E028"", ""category"": ""ADR (Context)"", ""ndcg5"": 1.0, ""mrr5"": 1.0, ""hit3"": 1, ""hit1"": 1, ""first_relevant_rank"": 1}, {""entry_id"": ""E029"", ""category"": ""ADR (Decision)"", ""ndcg5"": 0.0, ""mrr5"": 0.0, ""hit3"": 0, ""hit1"": 0, ""first_relevant_rank"": null}, {""entry_id"": ""E030"", ""category"": ""ADR (Consequences)"", ""ndcg5"": 0.0, ""mrr5"": 0.0, ""hit3"": 0, ""hit1"": 0, ""first_relevant_rank"": null}, {""entry_id"": ""E031"", ""category"": ""ADR (Context)"", ""ndcg5"": 0.6309297535714575, ""mrr5"": 0.5, ""hit3"": 1, ""hit1"": 0, ""first_relevant_rank"": 2}, {""entry_id"": ""E032"", ""category"": ""ADR (Decision)"", ""ndcg5"": 0.38685280723454163, ""mrr5"": 0.2, ""hit3"": 0, ""hit1"": 0, ""first_relevant_rank"": 5}, {""entry_id"": ""E033"", ""category"": ""ADR (Consequences)"", ""ndcg5"": 0.0, ""mrr5"": 0.0, ""hit3"": 0, ""hit1"": 0, ""first_relevant_rank"": null}, {""entry_id"": ""E034"", ""category"": ""ADR (Context)"", ""ndcg5"": 0.0, ""mrr5"": 0.0, ""hit3"": 0, ""hit1"": 0, ""first_relevant_rank"": null}, {""entry_id"": ""E035"", ""category"": ""ADR (Decision)"", ""ndcg5"": 0.0, ""mrr5"": 0.0, ""hit3"": 0, ""hit1"": 0, ""first_relevant_rank"": null}, {""entry_id"": ""E036"", ""category"": ""ADR (Consequences)"", ""ndcg5"": 0.0, ""mrr5"": 0.0, ""hit3"": 0, ""hit1"": 0, ""first_relevant_rank"": null}, {""entry_id"": ""E037"", ""category"": ""ADR (Context)"", ""ndcg5"": 0.6309297535714575, ""mrr5"": 0.5, ""hit3"": 1, ""hit1"": 0, ""first_relevant_rank"": 2}, {""entry_id"": ""E038"", ""category"": ""ADR (Decision)"", ""ndcg5"": 1.0, ""mrr5"": 1.0, ""hit3"": 1, ""hit1"": 1, ""first_relevant_rank"": 1}, {""entry_id"": ""E039"", ""category"": ""ADR (Consequences)"", ""ndcg5"": 0.6309297535714575, ""mrr5"": 0.5, ""hit3"": 1, ""hit1"": 0, ""first_relevant_rank"": 2}, {""entry_id"": ""E040"", ""category"": ""ADR (Context)"", ""ndcg5"": 0.43067655807339306, ""mrr5"": 0.25, ""hit3"": 0, ""hit1"": 0, ""first_relevant_rank"": 4}, {""entry_id"": ""E041"", ""category"": ""ADR (Decision)"", ""ndcg5"": 1.0, ""mrr5"": 1.0, ""hit3"": 1, ""hit1"": 1, ""first_relevant_rank"": 1}, {""entry_id"": ""E042"", ""category"": ""ADR (Consequences)"", ""ndcg5"": 1.0, ""mrr5"": 1.0, ""hit3"": 1, ""hit1"": 1, ""first_relevant_rank"": 1}, {""entry_id"": ""E043"", ""category"": ""ADR (Context)"", ""ndcg5"": 0.0, ""mrr5"": 0.0, ""hit3"": 0, ""hit1"": 0, ""first_relevant_rank"": null}, {""entry_id"": ""E044"", ""category"": ""ADR (Decision)"", ""ndcg5"": 0.6309297535714575, ""mrr5"": 0.5, ""hit3"": 1, ""hit1"": 0, ""first_relevant_rank"": 2}, {""entry_id"": ""E045"", ""category"": ""ADR (Consequences)"", ""ndcg5"": 0.0, ""mrr5"": 0.0, ""hit3"": 0, ""hit1"": 0, ""first_relevant_rank"": null}, {""entry_id"": ""E046"", ""category"": ""ADR (Content)"", ""ndcg5"": 1.0, ""mrr5"": 1.0, ""hit3"": 1, ""hit1"": 1, ""first_relevant_rank"": 1}, {""entry_id"": ""E047"", ""category"": ""ADR (Decision)"", ""ndcg5"": 1.0, ""mrr5"": 1.0, ""hit3"": 1, ""hit1"": 1, ""first_relevant_rank"": 1}, {""entry_id"": ""E048"", ""category"": ""ADR (Consequences)"", ""ndcg5"": 1.0, ""mrr5"": 1.0, ""hit3"": 1, ""hit1"": 1, ""first_relevant_rank"": 1}, {""entry_id"": ""E049"", ""category"": ""ADR (Context)"", ""ndcg5"": 1.0, ""mrr5"": 1.0, ""hit3"": 1, ""hit1"": 1, ""first_relevant_rank"": 1}, {""entry_id"": ""E050"", ""category"": ""ADR (Decision)"", ""ndcg5"": 0.5, ""mrr5"": 0.3333333333333333, ""hit3"": 1, ""hit1"": 0, ""first_relevant_rank"": 3}, {""entry_id"": ""E051"", ""category"": ""ADR (Consequences)"", ""ndcg5"": 1.0, ""mrr5"": 1.0, ""hit3"": 1, ""hit1"": 1, ""first_relevant_rank"": 1}, {""entry_id"": ""E052"", ""category"": ""ADR (Context)"", ""ndcg5"": 1.0, ""mrr5"": 1.0, ""hit3"": 1, ""hit1"": 1, ""first_relevant_rank"": 1}, {""entry_id"": ""E053"", ""category"": ""ADR (Decision)"", ""ndcg5"": 1.0, ""mrr5"": 1.0, ""hit3"": 1, ""hit1"": 1, ""first_relevant_rank"": 1}, {""entry_id"": ""E054"", ""category"": ""ADR (Consequences)"", ""ndcg5"": 1.0, ""mrr5"": 1.0, ""hit3"": 1, ""hit1"": 1, ""first_relevant_rank"": 1}, {""entry_id"": ""E055"", ""category"": ""ADR (Context)"", ""ndcg5"": 1.0, ""mrr5"": 1.0, ""hit3"": 1, ""hit1"": 1, ""first_relevant_rank"": 1}, {""entry_id"": ""E056"", ""category"": ""ADR (Decision)"", ""ndcg5"": 0.5, ""mrr5"": 0.3333333333333333, ""hit3"": 1, ""hit1"": 0, ""first_relevant_rank"": 3}, {""entry_id"": ""E057"", ""category"": ""ADR (Content)"", ""ndcg5"": 0.0, ""mrr5"": 0.0, ""hit3"": 0, ""hit1"": 0, ""first_relevant_rank"": null}, {""entry_id"": ""E058"", ""category"": ""ADR (Context)"", ""ndcg5"": 1.0, ""mrr5"": 1.0, ""hit3"": 1, ""hit1"": 1, ""first_relevant_rank"": 1}, {""entry_id"": ""E059"", ""category"": ""ADR (Decision)"", ""ndcg5"": 0.5, ""mrr5"": 0.3333333333333333, ""hit3"": 1, ""hit1"": 0, ""first_relevant_rank"": 3}, {""entry_id"": ""E060"", ""category"": ""ADR (Consequences)"", ""ndcg5"": 0.43067655807339306, ""mrr5"": 0.25, ""hit3"": 0, ""hit1"": 0, ""first_relevant_rank"": 4}, {""entry_id"": ""E061"", ""category"": ""ADR (Context)"", ""ndcg5"": 1.0, ""mrr5"": 1.0, ""hit3"": 1, ""hit1"": 1, ""first_relevant_rank"": 1}, {""entry_id"": ""E062"", ""category"": ""ADR (Decision)"", ""ndcg5"": 0.0, ""mrr5"": 0.0, ""hit3"": 0, ""hit1"": 0, ""first_relevant_rank"": null}, {""entry_id"": ""E063"", ""category"": ""ADR (Consequences)"", ""ndcg5"": 0.0, ""mrr5"": 0.0, ""hit3"": 0, ""hit1"": 0, ""first_relevant_rank"": null}, {""entry_id"": ""E064"", ""category"": ""ADR (Context)"", ""ndcg5"": 0.5, ""mrr5"": 0.3333333333333333, ""hit3"": 1, ""hit1"": 0, ""first_relevant_rank"": 3}, {""entry_id"": ""E065"", ""category"": ""ADR (Decision)"", ""ndcg5"": 0.0, ""mrr5"": 0.0, ""hit3"": 0, ""hit1"": 0, ""first_relevant_rank"": null}, {""entry_id"": ""E066"", ""category"": ""ADR (Consequences)"", ""ndcg5"": 0.0, ""mrr5"": 0.0, ""hit3"": 0, ""hit1"": 0, ""first_relevant_rank"": null}, {""entry_id"": ""E067"", ""category"": ""ADR (Context)"", ""ndcg5"": 1.0, ""mrr5"": 1.0, ""hit3"": 1, ""hit1"": 1, ""first_relevant_rank"": 1}, {""entry_id"": ""E068"", ""category"": ""ADR (Decision)"", ""ndcg5"": 0.5, ""mrr5"": 0.3333333333333333, ""hit3"": 1, ""hit1"": 0, ""first_relevant_rank"": 3}, {""entry_id"": ""E069"", ""category"": ""ADR (Consequences)"", ""ndcg5"": 0.0, ""mrr5"": 0.0, ""hit3"": 0, ""hit1"": 0, ""first_relevant_rank"": null}, {""entry_id"": ""E070"", ""category"": ""ADR (Context)"", ""ndcg5"": 1.0, ""mrr5"": 1.0, ""hit3"": 1, ""hit1"": 1, ""first_relevant_rank"": 1}, {""entry_id"": ""E071"", ""category"": ""ADR (Decision)"", ""ndcg5"": 0.0, ""mrr5"": 0.0, ""hit3"": 0, ""hit1"": 0, ""first_relevant_rank"": null}, {""entry_id"": ""E072"", ""category"": ""ADR (Consequences)"", ""ndcg5"": 0.0, ""mrr5"": 0.0, ""hit3"": 0, ""hit1"": 0, ""first_relevant_rank"": null}, {""entry_id"": ""E073"", ""category"": ""ADR (Context)"", ""ndcg5"": 0.5, ""mrr5"": 0.3333333333333333, ""hit3"": 1, ""hit1"": 0, ""first_relevant_rank"": 3}, {""entry_id"": ""E074"", ""category"": ""ADR (Decision)"", ""ndcg5"": 0.6309297535714575, ""mrr5"": 0.5, ""hit3"": 1, ""hit1"": 0, ""first_relevant_rank"": 2}, {""entry_id"": ""E075"", ""category"": ""ADR (Consequences)"", ""ndcg5"": 1.0, ""mrr5"": 1.0, ""hit3"": 1, ""hit1"": 1, ""first_relevant_rank"": 1}, {""entry_id"": ""E076"", ""category"": ""Non-file (hermes transcript)"", ""ndcg5"": 1.0, ""mrr5"": 1.0, ""hit3"": 1, ""hit1"": 1, ""first_relevant_rank"": 1}, {""entry_id"": ""E077"", ""category"": ""Non-file (hermes transcript)"", ""ndcg5"": 1.0, ""mrr5"": 1.0, ""hit3"": 1, ""hit1"": 1, ""first_relevant_rank"": 1}, {""entry_id"": ""E078"", ""category"": ""Non-file (hermes transcript)"", ""ndcg5"": 1.0, ""mrr5"": 1.0, ""hit3"": 1, ""hit1"": 1, ""first_relevant_rank"": 1}, {""entry_id"": ""E079"", ""category"": ""Non-file (hermes transcript)"", ""ndcg5"": 1.0, ""mrr5"": 1.0, ""hit3"": 1, ""hit1"": 1, ""first_relevant_rank"": 1}, {""entry_id"": ""E080"", ""category"": ""Non-file (hermes transcript)"", ""ndcg5"": 0.0, ""mrr5"": 0.0, ""hit3"": 0, ""hit1"": 0, ""first_relevant_rank"": null}, {""entry_id"": ""E081"", ""category"": ""Non-file (hermes transcript)"", ""ndcg5"": 1.0, ""mrr5"": 1.0, ""hit3"": 1, ""hit1"": 1, ""first_relevant_rank"": 1}, {""entry_id"": ""E082"", ""category"": ""Non-file (hermes transcript)"", ""ndcg5"": 0.43067655807339306, ""mrr5"": 0.25, ""hit3"": 0, ""hit1"": 0, ""first_relevant_rank"": 4}, {""entry_id"": ""E083"", ""category"": ""Non-file (hermes transcript)"", ""ndcg5"": 1.0, ""mrr5"": 1.0, ""hit3"": 1, ""hit1"": 1, ""first_relevant_rank"": 1}, {""entry_id"": ""E084"", ""category"": ""Non-file (hermes transcript)"", ""ndcg5"": 0.0, ""mrr5"": 0.0, ""hit3"": 0, ""hit1"": 0, ""first_relevant_rank"": null}, {""entry_id"": ""E085"", ""category"": ""Non-file (hermes transcript)"", ""ndcg5"": 1.0, ""mrr5"": 1.0, ""hit3"": 1, ""hit1"": 1, ""first_relevant_rank"": 1}, {""entry_id"": ""E086"", ""category"": ""Non-file (hermes transcript)"", ""ndcg5"": 1.0, ""mrr5"": 1.0, ""hit3"": 1, ""hit1"": 1, ""first_relevant_rank"": 1}, {""entry_id"": ""E087"", ""category"": ""Non-file (hermes transcript)"", ""ndcg5"": 1.0, ""mrr5"": 1.0, ""hit3"": 1, ""hit1"": 1, ""first_relevant_rank"": 1}, {""entry_id"": ""E088"", ""category"": ""Non-file (hermes transcript)"", ""ndcg5"": 1.0, ""mrr5"": 1.0, ""hit3"": 1, ""hit1"": 1, ""first_relevant_rank"": 1}, {""entry_id"": ""E089"", ""category"": ""Non-file (hermes transcript)"", ""ndcg5"": 0.6309297535714575, ""mrr5"": 0.5, ""hit3"": 1, ""hit1"": 0, ""first_relevant_rank"": 2}, {""entry_id"": ""E090"", ""category"": ""Non-file (shared tier)"", ""ndcg5"": 1.0, ""mrr5"": 1.0, ""hit3"": 1, ""hit1"": 1, ""first_relevant_rank"": 1}, {""entry_id"": ""E091"", ""category"": ""Non-file (shared tier)"", ""ndcg5"": 1.0, ""mrr5"": 1.0, ""hit3"": 1, ""hit1"": 1, ""first_relevant_rank"": 1}, {""entry_id"": ""E092"", ""category"": ""Non-file (shared tier)"", ""ndcg5"": 1.0, ""mrr5"": 1.0, ""hit3"": 1, ""hit1"": 1, ""first_relevant_rank"": 1}, {""entry_id"": ""E093"", ""category"": ""Non-file (shared tier)"", ""ndcg5"": 1.0, ""mrr5"": 1.0, ""hit3"": 1, ""hit1"": 1, ""first_relevant_rank"": 1}, {""entry_id"": ""E094"", ""category"": ""Non-file (shared tier)"", ""ndcg5"": 1.0, ""mrr5"": 1.0, ""hit3"": 1, ""hit1"": 1, ""first_relevant_rank"": 1}, {""entry_id"": ""E095"", ""category"": ""Non-file (shared tier)"", ""ndcg5"": 1.0, ""mrr5"": 1.0, ""hit3"": 1, ""hit1"": 1, ""first_relevant_rank"": 1}, {""entry_id"": ""E096"", ""category"": ""Non-file (shared tier)"", ""ndcg5"": 1.0, ""mrr5"": 1.0, ""hit3"": 1, ""hit1"": 1, ""first_relevant_rank"": 1}, {""entry_id"": ""E097"", ""category"": ""Non-file (shared tier)"", ""ndcg5"": 1.0, ""mrr5"": 1.0, ""hit3"": 1, ""hit1"": 1, ""first_relevant_rank"": 1}, {""entry_id"": ""E098"", ""category"": ""Non-file (shared tier)"", ""ndcg5"": 1.0, ""mrr5"": 1.0, ""hit3"": 1, ""hit1"": 1, ""first_relevant_rank"": 1}, {""entry_id"": ""E099"", ""category"": ""Non-file (shared tier)"", ""ndcg5"": 1.0, ""mrr5"": 1.0, ""hit3"": 1, ""hit1"": 1, ""first_relevant_rank"": 1}, {""entry_id"": ""E100"", ""category"": ""Non-file (shared tier)"", ""ndcg5"": 1.0, ""mrr5"": 1.0, ""hit3"": 1, ""hit1"": 1, ""first_relevant_rank"": 1}]","{""ADR (Context)"": ""CategoryMetrics(category='ADR (Context)', count=24, mean_ndcg5=0.6305532522422477, mean_mrr5=0.5499999999999999, hit3_rate=0.6666666666666666, hit1_rate=0.375)"", ""ADR (Decision)"": ""CategoryMetrics(category='ADR (Decision)', count=25, mean_ndcg5=0.50142260486448, mean_mrr5=0.44266666666666665, hit3_rate=0.6, hit1_rate=0.32)"", ""ADR (Consequences)"": ""CategoryMetrics(category='ADR (Consequences)', count=24, mean_ndcg5=0.43014440911615687, mean_mrr5=0.40625, hit3_rate=0.4583333333333333, hit1_rate=0.3333333333333333)"", ""ADR (Content)"": ""CategoryMetrics(category='ADR (Content)', count=2, mean_ndcg5=0.5, mean_mrr5=0.5, hit3_rate=0.5, hit1_rate=0.5)"", ""Non-file (hermes transcript)"": ""CategoryMetrics(category='Non-file (hermes transcript)', count=14, mean_ndcg5=0.7901147365460607, mean_mrr5=0.7678571428571429, hit3_rate=0.7857142857142857, hit1_rate=0.7142857142857143)"", ""Non-file (shared tier)"": ""CategoryMetrics(category='Non-file (shared tier)', count=11, mean_ndcg5=1.0, mean_mrr5=1.0, hit3_rate=1.0, hit1_rate=1.0)""}"
sourceLambda=0.2,sourceLambda,0.2,memory,100,0.5234359667983626,0.48483333333333334,0.57,0.4,"[{""entry_id"": ""E001"", ""category"": ""ADR (Context)"", ""ndcg5"": 0.6309297535714575, ""mrr5"": 0.5, ""hit3"": 1, ""hit1"": 0, ""first_relevant_rank"": 2}, {""entry_id"": ""E002"", ""category"": ""ADR (Decision)"", ""ndcg5"": 0.43067655807339306, ""mrr5"": 0.25, ""hit3"": 0, ""hit1"": 0, ""first_relevant_rank"": 4}, {""entry_id"": ""E003"", ""category"": ""ADR (Consequences)"", ""ndcg5"": 0.0, ""mrr5"": 0.0, ""hit3"": 0, ""hit1"": 0, ""first_relevant_rank"": null}, {""entry_id"": ""E004"", ""category"": ""ADR (Context)"", ""ndcg5"": 0.0, ""mrr5"": 0.0, ""hit3"": 0, ""hit1"": 0, ""first_relevant_rank"": null}, {""entry_id"": ""E005"", ""category"": ""ADR (Decision)"", ""ndcg5"": 0.5, ""mrr5"": 0.3333333333333333, ""hit3"": 1, ""hit1"": 0, ""first_relevant_rank"": 3}, {""entry_id"": ""E006"", ""category"": ""ADR (Consequences)"", ""ndcg5"": 0.5, ""mrr5"": 0.3333333333333333, ""hit3"": 1, ""hit1"": 0, ""first_relevant_rank"": 3}, {""entry_id"": ""E007"", ""category"": ""ADR (Context)"", ""ndcg5"": 0.38685280723454163, ""mrr5"": 0.2, ""hit3"": 0, ""hit1"": 0, ""first_relevant_rank"": 5}, {""entry_id"": ""E008"", ""category"": ""ADR (Decision)"", ""ndcg5"": 0.0, ""mrr5"": 0.0, ""hit3"": 0, ""hit1"": 0, ""first_relevant_rank"": null}, {""entry_id"": ""E009"", ""category"": ""ADR (Consequences)"", ""ndcg5"": 0.6309297535714575, ""mrr5"": 0.5, ""hit3"": 1, ""hit1"": 0, ""first_relevant_rank"": 2}, {""entry_id"": ""E010"", ""category"": ""ADR (Context)"", ""ndcg5"": 0.0, ""mrr5"": 0.0, ""hit3"": 0, ""hit1"": 0, ""first_relevant_rank"": null}, {""entry_id"": ""E011"", ""category"": ""ADR (Decision)"", ""ndcg5"": 0.0, ""mrr5"": 0.0, ""hit3"": 0, ""hit1"": 0, ""first_relevant_rank"": null}, {""entry_id"": ""E012"", ""category"": ""ADR (Consequences)"", ""ndcg5"": 1.0, ""mrr5"": 1.0, ""hit3"": 1, ""hit1"": 1, ""first_relevant_rank"": 1}, {""entry_id"": ""E013"", ""category"": ""ADR (Context)"", ""ndcg5"": 0.0, ""mrr5"": 0.0, ""hit3"": 0, ""hit1"": 0, ""first_relevant_rank"": null}, {""entry_id"": ""E014"", ""category"": ""ADR (Decision)"", ""ndcg5"": 1.0, ""mrr5"": 1.0, ""hit3"": 1, ""hit1"": 1, ""first_relevant_rank"": 1}, {""entry_id"": ""E015"", ""category"": ""ADR (Consequences)"", ""ndcg5"": 1.0, ""mrr5"": 1.0, ""hit3"": 1, ""hit1"": 1, ""first_relevant_rank"": 1}, {""entry_id"": ""E016"", ""category"": ""ADR (Context)"", ""ndcg5"": 0.0, ""mrr5"": 0.0, ""hit3"": 0, ""hit1"": 0, ""first_relevant_rank"": null}, {""entry_id"": ""E017"", ""category"": ""ADR (Decision)"", ""ndcg5"": 0.0, ""mrr5"": 0.0, ""hit3"": 0, ""hit1"": 0, ""first_relevant_rank"": null}, {""entry_id"": ""E018"", ""category"": ""ADR (Consequences)"", ""ndcg5"": 0.5, ""mrr5"": 0.3333333333333333, ""hit3"": 1, ""hit1"": 0, ""first_relevant_rank"": 3}, {""entry_id"": ""E019"", ""category"": ""ADR (Context)"", ""ndcg5"": 0.43067655807339306, ""mrr5"": 0.25, ""hit3"": 0, ""hit1"": 0, ""first_relevant_rank"": 4}, {""entry_id"": ""E020"", ""category"": ""ADR (Decision)"", ""ndcg5"": 0.0, ""mrr5"": 0.0, ""hit3"": 0, ""hit1"": 0, ""first_relevant_rank"": null}, {""entry_id"": ""E021"", ""category"": ""ADR (Consequences)"", ""ndcg5"": 0.0, ""mrr5"": 0.0, ""hit3"": 0, ""hit1"": 0, ""first_relevant_rank"": null}, {""entry_id"": ""E022"", ""category"": ""ADR (Context)"", ""ndcg5"": 0.0, ""mrr5"": 0.0, ""hit3"": 0, ""hit1"": 0, ""first_relevant_rank"": null}, {""entry_id"": ""E023"", ""category"": ""ADR (Decision)"", ""ndcg5"": 0.0, ""mrr5"": 0.0, ""hit3"": 0, ""hit1"": 0, ""first_relevant_rank"": null}, {""entry_id"": ""E024"", ""category"": ""ADR (Consequences)"", ""ndcg5"": 0.5, ""mrr5"": 0.3333333333333333, ""hit3"": 1, ""hit1"": 0, ""first_relevant_rank"": 3}, {""entry_id"": ""E025"", ""category"": ""ADR (Context)"", ""ndcg5"": 0.0, ""mrr5"": 0.0, ""hit3"": 0, ""hit1"": 0, ""first_relevant_rank"": null}, {""entry_id"": ""E026"", ""category"": ""ADR (Decision)"", ""ndcg5"": 1.0, ""mrr5"": 1.0, ""hit3"": 1, ""hit1"": 1, ""first_relevant_rank"": 1}, {""entry_id"": ""E027"", ""category"": ""ADR (Consequences)"", ""ndcg5"": 0.0, ""mrr5"": 0.0, ""hit3"": 0, ""hit1"": 0, ""first_relevant_rank"": null}, {""entry_id"": ""E028"", ""category"": ""ADR (Context)"", ""ndcg5"": 0.6309297535714575, ""mrr5"": 0.5, ""hit3"": 1, ""hit1"": 0, ""first_relevant_rank"": 2}, {""entry_id"": ""E029"", ""category"": ""ADR (Decision)"", ""ndcg5"": 0.0, ""mrr5"": 0.0, ""hit3"": 0, ""hit1"": 0, ""first_relevant_rank"": null}, {""entry_id"": ""E030"", ""category"": ""ADR (Consequences)"", ""ndcg5"": 0.0, ""mrr5"": 0.0, ""hit3"": 0, ""hit1"": 0, ""first_relevant_rank"": null}, {""entry_id"": ""E031"", ""category"": ""ADR (Context)"", ""ndcg5"": 0.0, ""mrr5"": 0.0, ""hit3"": 0, ""hit1"": 0, ""first_relevant_rank"": null}, {""entry_id"": ""E032"", ""category"": ""ADR (Decision)"", ""ndcg5"": 0.5, ""mrr5"": 0.3333333333333333, ""hit3"": 1, ""hit1"": 0, ""first_relevant_rank"": 3}, {""entry_id"": ""E033"", ""category"": ""ADR (Consequences)"", ""ndcg5"": 0.0, ""mrr5"": 0.0, ""hit3"": 0, ""hit1"": 0, ""first_relevant_rank"": null}, {""entry_id"": ""E034"", ""category"": ""ADR (Context)"", ""ndcg5"": 0.0, ""mrr5"": 0.0, ""hit3"": 0, ""hit1"": 0, ""first_relevant_rank"": null}, {""entry_id"": ""E035"", ""category"": ""ADR (Decision)"", ""ndcg5"": 0.0, ""mrr5"": 0.0, ""hit3"": 0, ""hit1"": 0, ""first_relevant_rank"": null}, {""entry_id"": ""E036"", ""category"": ""ADR (Consequences)"", ""ndcg5"": 0.0, ""mrr5"": 0.0, ""hit3"": 0, ""hit1"": 0, ""first_relevant_rank"": null}, {""entry_id"": ""E037"", ""category"": ""ADR (Context)"", ""ndcg5"": 0.0, ""mrr5"": 0.0, ""hit3"": 0, ""hit1"": 0, ""first_relevant_rank"": null}, {""entry_id"": ""E038"", ""category"": ""ADR (Decision)"", ""ndcg5"": 1.0, ""mrr5"": 1.0, ""hit3"": 1, ""hit1"": 1, ""first_relevant_rank"": 1}, {""entry_id"": ""E039"", ""category"": ""ADR (Consequences)"", ""ndcg5"": 0.6309297535714575, ""mrr5"": 0.5, ""hit3"": 1, ""hit1"": 0, ""first_relevant_rank"": 2}, {""entry_id"": ""E040"", ""category"": ""ADR (Context)"", ""ndcg5"": 0.38685280723454163, ""mrr5"": 0.2, ""hit3"": 0, ""hit1"": 0, ""first_relevant_rank"": 5}, {""entry_id"": ""E041"", ""category"": ""ADR (Decision)"", ""ndcg5"": 1.0, ""mrr5"": 1.0, ""hit3"": 1, ""hit1"": 1, ""first_relevant_rank"": 1}, {""entry_id"": ""E042"", ""category"": ""ADR (Consequences)"", ""ndcg5"": 1.0, ""mrr5"": 1.0, ""hit3"": 1, ""hit1"": 1, ""first_relevant_rank"": 1}, {""entry_id"": ""E043"", ""category"": ""ADR (Context)"", ""ndcg5"": 0.0, ""mrr5"": 0.0, ""hit3"": 0, ""hit1"": 0, ""first_relevant_rank"": null}, {""entry_id"": ""E044"", ""category"": ""ADR (Decision)"", ""ndcg5"": 0.5, ""mrr5"": 0.3333333333333333, ""hit3"": 1, ""hit1"": 0, ""first_relevant_rank"": 3}, {""entry_id"": ""E045"", ""category"": ""ADR (Consequences)"", ""ndcg5"": 0.0, ""mrr5"": 0.0, ""hit3"": 0, ""hit1"": 0, ""first_relevant_rank"": null}, {""entry_id"": ""E046"", ""category"": ""ADR (Content)"", ""ndcg5"": 1.0, ""mrr5"": 1.0, ""hit3"": 1, ""hit1"": 1, ""first_relevant_rank"": 1}, {""entry_id"": ""E047"", ""category"": ""ADR (Decision)"", ""ndcg5"": 1.0, ""mrr5"": 1.0, ""hit3"": 1, ""hit1"": 1, ""first_relevant_rank"": 1}, {""entry_id"": ""E048"", ""category"": ""ADR (Consequences)"", ""ndcg5"": 1.0, ""mrr5"": 1.0, ""hit3"": 1, ""hit1"": 1, ""first_relevant_rank"": 1}, {""entry_id"": ""E049"", ""category"": ""ADR (Context)"", ""ndcg5"": 0.6309297535714575, ""mrr5"": 0.5, ""hit3"": 1, ""hit1"": 0, ""first_relevant_rank"": 2}, {""entry_id"": ""E050"", ""category"": ""ADR (Decision)"", ""ndcg5"": 1.0, ""mrr5"": 1.0, ""hit3"": 1, ""hit1"": 1, ""first_relevant_rank"": 1}, {""entry_id"": ""E051"", ""category"": ""ADR (Consequences)"", ""ndcg5"": 1.0, ""mrr5"": 1.0, ""hit3"": 1, ""hit1"": 1, ""first_relevant_rank"": 1}, {""entry_id"": ""E052"", ""category"": ""ADR (Context)"", ""ndcg5"": 1.0, ""mrr5"": 1.0, ""hit3"": 1, ""hit1"": 1, ""first_relevant_rank"": 1}, {""entry_id"": ""E053"", ""category"": ""ADR (Decision)"", ""ndcg5"": 0.5, ""mrr5"": 0.3333333333333333, ""hit3"": 1, ""hit1"": 0, ""first_relevant_rank"": 3}, {""entry_id"": ""E054"", ""category"": ""ADR (Consequences)"", ""ndcg5"": 1.0, ""mrr5"": 1.0, ""hit3"": 1, ""hit1"": 1, ""first_relevant_rank"": 1}, {""entry_id"": ""E055"", ""category"": ""ADR (Context)"", ""ndcg5"": 1.0, ""mrr5"": 1.0, ""hit3"": 1, ""hit1"": 1, ""first_relevant_rank"": 1}, {""entry_id"": ""E056"", ""category"": ""ADR (Decision)"", ""ndcg5"": 0.5, ""mrr5"": 0.3333333333333333, ""hit3"": 1, ""hit1"": 0, ""first_relevant_rank"": 3}, {""entry_id"": ""E057"", ""category"": ""ADR (Content)"", ""ndcg5"": 0.0, ""mrr5"": 0.0, ""hit3"": 0, ""hit1"": 0, ""first_relevant_rank"": null}, {""entry_id"": ""E058"", ""category"": ""ADR (Context)"", ""ndcg5"": 1.0, ""mrr5"": 1.0, ""hit3"": 1, ""hit1"": 1, ""first_relevant_rank"": 1}, {""entry_id"": ""E059"", ""category"": ""ADR (Decision)"", ""ndcg5"": 0.0, ""mrr5"": 0.0, ""hit3"": 0, ""hit1"": 0, ""first_relevant_rank"": null}, {""entry_id"": ""E060"", ""category"": ""ADR (Consequences)"", ""ndcg5"": 0.43067655807339306, ""mrr5"": 0.25, ""hit3"": 0, ""hit1"": 0, ""first_relevant_rank"": 4}, {""entry_id"": ""E061"", ""category"": ""ADR (Context)"", ""ndcg5"": 0.5, ""mrr5"": 0.3333333333333333, ""hit3"": 1, ""hit1"": 0, ""first_relevant_rank"": 3}, {""entry_id"": ""E062"", ""category"": ""ADR (Decision)"", ""ndcg5"": 0.0, ""mrr5"": 0.0, ""hit3"": 0, ""hit1"": 0, ""first_relevant_rank"": null}, {""entry_id"": ""E063"", ""category"": ""ADR (Consequences)"", ""ndcg5"": 0.0, ""mrr5"": 0.0, ""hit3"": 0, ""hit1"": 0, ""first_relevant_rank"": null}, {""entry_id"": ""E064"", ""category"": ""ADR (Context)"", ""ndcg5"": 0.43067655807339306, ""mrr5"": 0.25, ""hit3"": 0, ""hit1"": 0, ""first_relevant_rank"": 4}, {""entry_id"": ""E065"", ""category"": ""ADR (Decision)"", ""ndcg5"": 0.0, ""mrr5"": 0.0, ""hit3"": 0, ""hit1"": 0, ""first_relevant_rank"": null}, {""entry_id"": ""E066"", ""category"": ""ADR (Consequences)"", ""ndcg5"": 0.0, ""mrr5"": 0.0, ""hit3"": 0, ""hit1"": 0, ""first_relevant_rank"": null}, {""entry_id"": ""E067"", ""category"": ""ADR (Context)"", ""ndcg5"": 1.0, ""mrr5"": 1.0, ""hit3"": 1, ""hit1"": 1, ""first_relevant_rank"": 1}, {""entry_id"": ""E068"", ""category"": ""ADR (Decision)"", ""ndcg5"": 0.5, ""mrr5"": 0.3333333333333333, ""hit3"": 1, ""hit1"": 0, ""first_relevant_rank"": 3}, {""entry_id"": ""E069"", ""category"": ""ADR (Consequences)"", ""ndcg5"": 0.0, ""mrr5"": 0.0, ""hit3"": 0, ""hit1"": 0, ""first_relevant_rank"": null}, {""entry_id"": ""E070"", ""category"": ""ADR (Context)"", ""ndcg5"": 1.0, ""mrr5"": 1.0, ""hit3"": 1, ""hit1"": 1, ""first_relevant_rank"": 1}, {""entry_id"": ""E071"", ""category"": ""ADR (Decision)"", ""ndcg5"": 0.0, ""mrr5"": 0.0, ""hit3"": 0, ""hit1"": 0, ""first_relevant_rank"": null}, {""entry_id"": ""E072"", ""category"": ""ADR (Consequences)"", ""ndcg5"": 0.0, ""mrr5"": 0.0, ""hit3"": 0, ""hit1"": 0, ""first_relevant_rank"": null}, {""entry_id"": ""E073"", ""category"": ""ADR (Context)"", ""ndcg5"": 0.0, ""mrr5"": 0.0, ""hit3"": 0, ""hit1"": 0, ""first_relevant_rank"": null}, {""entry_id"": ""E074"", ""category"": ""ADR (Decision)"", ""ndcg5"": 0.6309297535714575, ""mrr5"": 0.5, ""hit3"": 1, ""hit1"": 0, ""first_relevant_rank"": 2}, {""entry_id"": ""E075"", ""category"": ""ADR (Consequences)"", ""ndcg5"": 1.0, ""mrr5"": 1.0, ""hit3"": 1, ""hit1"": 1, ""first_relevant_rank"": 1}, {""entry_id"": ""E076"", ""category"": ""Non-file (hermes transcript)"", ""ndcg5"": 1.0, ""mrr5"": 1.0, ""hit3"": 1, ""hit1"": 1, ""first_relevant_rank"": 1}, {""entry_id"": ""E077"", ""category"": ""Non-file (hermes transcript)"", ""ndcg5"": 1.0, ""mrr5"": 1.0, ""hit3"": 1, ""hit1"": 1, ""first_relevant_rank"": 1}, {""entry_id"": ""E078"", ""category"": ""Non-file (hermes transcript)"", ""ndcg5"": 1.0, ""mrr5"": 1.0, ""hit3"": 1, ""hit1"": 1, ""first_relevant_rank"": 1}, {""entry_id"": ""E079"", ""category"": ""Non-file (hermes transcript)"", ""ndcg5"": 1.0, ""mrr5"": 1.0, ""hit3"": 1, ""hit1"": 1, ""first_relevant_rank"": 1}, {""entry_id"": ""E080"", ""category"": ""Non-file (hermes transcript)"", ""ndcg5"": 0.0, ""mrr5"": 0.0, ""hit3"": 0, ""hit1"": 0, ""first_relevant_rank"": null}, {""entry_id"": ""E081"", ""category"": ""Non-file (hermes transcript)"", ""ndcg5"": 1.0, ""mrr5"": 1.0, ""hit3"": 1, ""hit1"": 1, ""first_relevant_rank"": 1}, {""entry_id"": ""E082"", ""category"": ""Non-file (hermes transcript)"", ""ndcg5"": 0.43067655807339306, ""mrr5"": 0.25, ""hit3"": 0, ""hit1"": 0, ""first_relevant_rank"": 4}, {""entry_id"": ""E083"", ""category"": ""Non-file (hermes transcript)"", ""ndcg5"": 1.0, ""mrr5"": 1.0, ""hit3"": 1, ""hit1"": 1, ""first_relevant_rank"": 1}, {""entry_id"": ""E084"", ""category"": ""Non-file (hermes transcript)"", ""ndcg5"": 0.0, ""mrr5"": 0.0, ""hit3"": 0, ""hit1"": 0, ""first_relevant_rank"": null}, {""entry_id"": ""E085"", ""category"": ""Non-file (hermes transcript)"", ""ndcg5"": 1.0, ""mrr5"": 1.0, ""hit3"": 1, ""hit1"": 1, ""first_relevant_rank"": 1}, {""entry_id"": ""E086"", ""category"": ""Non-file (hermes transcript)"", ""ndcg5"": 1.0, ""mrr5"": 1.0, ""hit3"": 1, ""hit1"": 1, ""first_relevant_rank"": 1}, {""entry_id"": ""E087"", ""category"": ""Non-file (hermes transcript)"", ""ndcg5"": 1.0, ""mrr5"": 1.0, ""hit3"": 1, ""hit1"": 1, ""first_relevant_rank"": 1}, {""entry_id"": ""E088"", ""category"": ""Non-file (hermes transcript)"", ""ndcg5"": 1.0, ""mrr5"": 1.0, ""hit3"": 1, ""hit1"": 1, ""first_relevant_rank"": 1}, {""entry_id"": ""E089"", ""category"": ""Non-file (hermes transcript)"", ""ndcg5"": 0.6309297535714575, ""mrr5"": 0.5, ""hit3"": 1, ""hit1"": 0, ""first_relevant_rank"": 2}, {""entry_id"": ""E090"", ""category"": ""Non-file (shared tier)"", ""ndcg5"": 1.0, ""mrr5"": 1.0, ""hit3"": 1, ""hit1"": 1, ""first_relevant_rank"": 1}, {""entry_id"": ""E091"", ""category"": ""Non-file (shared tier)"", ""ndcg5"": 1.0, ""mrr5"": 1.0, ""hit3"": 1, ""hit1"": 1, ""first_relevant_rank"": 1}, {""entry_id"": ""E092"", ""category"": ""Non-file (shared tier)"", ""ndcg5"": 1.0, ""mrr5"": 1.0, ""hit3"": 1, ""hit1"": 1, ""first_relevant_rank"": 1}, {""entry_id"": ""E093"", ""category"": ""Non-file (shared tier)"", ""ndcg5"": 1.0, ""mrr5"": 1.0, ""hit3"": 1, ""hit1"": 1, ""first_relevant_rank"": 1}, {""entry_id"": ""E094"", ""category"": ""Non-file (shared tier)"", ""ndcg5"": 1.0, ""mrr5"": 1.0, ""hit3"": 1, ""hit1"": 1, ""first_relevant_rank"": 1}, {""entry_id"": ""E095"", ""category"": ""Non-file (shared tier)"", ""ndcg5"": 1.0, ""mrr5"": 1.0, ""hit3"": 1, ""hit1"": 1, ""first_relevant_rank"": 1}, {""entry_id"": ""E096"", ""category"": ""Non-file (shared tier)"", ""ndcg5"": 1.0, ""mrr5"": 1.0, ""hit3"": 1, ""hit1"": 1, ""first_relevant_rank"": 1}, {""entry_id"": ""E097"", ""category"": ""Non-file (shared tier)"", ""ndcg5"": 1.0, ""mrr5"": 1.0, ""hit3"": 1, ""hit1"": 1, ""first_relevant_rank"": 1}, {""entry_id"": ""E098"", ""category"": ""Non-file (shared tier)"", ""ndcg5"": 1.0, ""mrr5"": 1.0, ""hit3"": 1, ""hit1"": 1, ""first_relevant_rank"": 1}, {""entry_id"": ""E099"", ""category"": ""Non-file (shared tier)"", ""ndcg5"": 1.0, ""mrr5"": 1.0, ""hit3"": 1, ""hit1"": 1, ""first_relevant_rank"": 1}, {""entry_id"": ""E100"", ""category"": ""Non-file (shared tier)"", ""ndcg5"": 1.0, ""mrr5"": 1.0, ""hit3"": 1, ""hit1"": 1, ""first_relevant_rank"": 1}]","{""ADR (Context)"": ""CategoryMetrics(category='ADR (Context)', count=24, mean_ndcg5=0.37616033297209345, mean_mrr5=0.32222222222222224, hit3_rate=0.375, hit1_rate=0.20833333333333334)"", ""ADR (Decision)"": ""CategoryMetrics(category='ADR (Decision)', count=25, mean_ndcg5=0.402464252465794, mean_mrr5=0.35, hit3_rate=0.52, hit1_rate=0.24)"", ""ADR (Consequences)"": ""CategoryMetrics(category='ADR (Consequences)', count=24, mean_ndcg5=0.42468900271734616, mean_mrr5=0.3854166666666667, hit3_rate=0.5, hit1_rate=0.2916666666666667)"", ""ADR (Content)"": ""CategoryMetrics(category='ADR (Content)', count=2, mean_ndcg5=0.5, mean_mrr5=0.5, hit3_rate=0.5, hit1_rate=0.5)"", ""Non-file (hermes transcript)"": ""CategoryMetrics(category='Non-file (hermes transcript)', count=14, mean_ndcg5=0.7901147365460607, mean_mrr5=0.7678571428571429, hit3_rate=0.7857142857142857, hit1_rate=0.7142857142857143)"", ""Non-file (shared tier)"": ""CategoryMetrics(category='Non-file (shared tier)', count=11, mean_ndcg5=1.0, mean_mrr5=1.0, hit3_rate=1.0, hit1_rate=1.0)""}"
sourceLambda=0.3,sourceLambda,0.3,memory,100,0.5008767362617317,0.4678333333333333,0.54,0.39,"[{""entry_id"": ""E001"", ""category"": ""ADR (Context)"", ""ndcg5"": 0.43067655807339306, ""mrr5"": 0.25, ""hit3"": 0, ""hit1"": 0, ""first_relevant_rank"": 4}, {""entry_id"": ""E002"", ""category"": ""ADR (Decision)"", ""ndcg5"": 0.0, ""mrr5"": 0.0, ""hit3"": 0, ""hit1"": 0, ""first_relevant_rank"": null}, {""entry_id"": ""E003"", ""category"": ""ADR (Consequences)"", ""ndcg5"": 0.0, ""mrr5"": 0.0, ""hit3"": 0, ""hit1"": 0, ""first_relevant_rank"": null}, {""entry_id"": ""E004"", ""category"": ""ADR (Context)"", ""ndcg5"": 0.0, ""mrr5"": 0.0, ""hit3"": 0, ""hit1"": 0, ""first_relevant_rank"": null}, {""entry_id"": ""E005"", ""category"": ""ADR (Decision)"", ""ndcg5"": 0.5, ""mrr5"": 0.3333333333333333, ""hit3"": 1, ""hit1"": 0, ""first_relevant_rank"": 3}, {""entry_id"": ""E006"", ""category"": ""ADR (Consequences)"", ""ndcg5"": 0.0, ""mrr5"": 0.0, ""hit3"": 0, ""hit1"": 0, ""first_relevant_rank"": null}, {""entry_id"": ""E007"", ""category"": ""ADR (Context)"", ""ndcg5"": 0.0, ""mrr5"": 0.0, ""hit3"": 0, ""hit1"": 0, ""first_relevant_rank"": null}, {""entry_id"": ""E008"", ""category"": ""ADR (Decision)"", ""ndcg5"": 0.0, ""mrr5"": 0.0, ""hit3"": 0, ""hit1"": 0, ""first_relevant_rank"": null}, {""entry_id"": ""E009"", ""category"": ""ADR (Consequences)"", ""ndcg5"": 0.6309297535714575, ""mrr5"": 0.5, ""hit3"": 1, ""hit1"": 0, ""first_relevant_rank"": 2}, {""entry_id"": ""E010"", ""category"": ""ADR (Context)"", ""ndcg5"": 0.0, ""mrr5"": 0.0, ""hit3"": 0, ""hit1"": 0, ""first_relevant_rank"": null}, {""entry_id"": ""E011"", ""category"": ""ADR (Decision)"", ""ndcg5"": 0.0, ""mrr5"": 0.0, ""hit3"": 0, ""hit1"": 0, ""first_relevant_rank"": null}, {""entry_id"": ""E012"", ""category"": ""ADR (Consequences)"", ""ndcg5"": 1.0, ""mrr5"": 1.0, ""hit3"": 1, ""hit1"": 1, ""first_relevant_rank"": 1}, {""entry_id"": ""E013"", ""category"": ""ADR (Context)"", ""ndcg5"": 0.0, ""mrr5"": 0.0, ""hit3"": 0, ""hit1"": 0, ""first_relevant_rank"": null}, {""entry_id"": ""E014"", ""category"": ""ADR (Decision)"", ""ndcg5"": 1.0, ""mrr5"": 1.0, ""hit3"": 1, ""hit1"": 1, ""first_relevant_rank"": 1}, {""entry_id"": ""E015"", ""category"": ""ADR (Consequences)"", ""ndcg5"": 1.0, ""mrr5"": 1.0, ""hit3"": 1, ""hit1"": 1, ""first_relevant_rank"": 1}, {""entry_id"": ""E016"", ""category"": ""ADR (Context)"", ""ndcg5"": 0.0, ""mrr5"": 0.0, ""hit3"": 0, ""hit1"": 0, ""first_relevant_rank"": null}, {""entry_id"": ""E017"", ""category"": ""ADR (Decision)"", ""ndcg5"": 0.0, ""mrr5"": 0.0, ""hit3"": 0, ""hit1"": 0, ""first_relevant_rank"": null}, {""entry_id"": ""E018"", ""category"": ""ADR (Consequences)"", ""ndcg5"": 0.6309297535714575, ""mrr5"": 0.5, ""hit3"": 1, ""hit1"": 0, ""first_relevant_rank"": 2}, {""entry_id"": ""E019"", ""category"": ""ADR (Context)"", ""ndcg5"": 0.43067655807339306, ""mrr5"": 0.25, ""hit3"": 0, ""hit1"": 0, ""first_relevant_rank"": 4}, {""entry_id"": ""E020"", ""category"": ""ADR (Decision)"", ""ndcg5"": 0.0, ""mrr5"": 0.0, ""hit3"": 0, ""hit1"": 0, ""first_relevant_rank"": null}, {""entry_id"": ""E021"", ""category"": ""ADR (Consequences)"", ""ndcg5"": 0.0, ""mrr5"": 0.0, ""hit3"": 0, ""hit1"": 0, ""first_relevant_rank"": null}, {""entry_id"": ""E022"", ""category"": ""ADR (Context)"", ""ndcg5"": 0.5, ""mrr5"": 0.3333333333333333, ""hit3"": 1, ""hit1"": 0, ""first_relevant_rank"": 3}, {""entry_id"": ""E023"", ""category"": ""ADR (Decision)"", ""ndcg5"": 0.0, ""mrr5"": 0.0, ""hit3"": 0, ""hit1"": 0, ""first_relevant_rank"": null}, {""entry_id"": ""E024"", ""category"": ""ADR (Consequences)"", ""ndcg5"": 0.5, ""mrr5"": 0.3333333333333333, ""hit3"": 1, ""hit1"": 0, ""first_relevant_rank"": 3}, {""entry_id"": ""E025"", ""category"": ""ADR (Context)"", ""ndcg5"": 0.0, ""mrr5"": 0.0, ""hit3"": 0, ""hit1"": 0, ""first_relevant_rank"": null}, {""entry_id"": ""E026"", ""category"": ""ADR (Decision)"", ""ndcg5"": 1.0, ""mrr5"": 1.0, ""hit3"": 1, ""hit1"": 1, ""first_relevant_rank"": 1}, {""entry_id"": ""E027"", ""category"": ""ADR (Consequences)"", ""ndcg5"": 0.0, ""mrr5"": 0.0, ""hit3"": 0, ""hit1"": 0, ""first_relevant_rank"": null}, {""entry_id"": ""E028"", ""category"": ""ADR (Context)"", ""ndcg5"": 0.5, ""mrr5"": 0.3333333333333333, ""hit3"": 1, ""hit1"": 0, ""first_relevant_rank"": 3}, {""entry_id"": ""E029"", ""category"": ""ADR (Decision)"", ""ndcg5"": 0.0, ""mrr5"": 0.0, ""hit3"": 0, ""hit1"": 0, ""first_relevant_rank"": null}, {""entry_id"": ""E030"", ""category"": ""ADR (Consequences)"", ""ndcg5"": 0.0, ""mrr5"": 0.0, ""hit3"": 0, ""hit1"": 0, ""first_relevant_rank"": null}, {""entry_id"": ""E031"", ""category"": ""ADR (Context)"", ""ndcg5"": 0.0, ""mrr5"": 0.0, ""hit3"": 0, ""hit1"": 0, ""first_relevant_rank"": null}, {""entry_id"": ""E032"", ""category"": ""ADR (Decision)"", ""ndcg5"": 0.5, ""mrr5"": 0.3333333333333333, ""hit3"": 1, ""hit1"": 0, ""first_relevant_rank"": 3}, {""entry_id"": ""E033"", ""category"": ""ADR (Consequences)"", ""ndcg5"": 0.0, ""mrr5"": 0.0, ""hit3"": 0, ""hit1"": 0, ""first_relevant_rank"": null}, {""entry_id"": ""E034"", ""category"": ""ADR (Context)"", ""ndcg5"": 0.0, ""mrr5"": 0.0, ""hit3"": 0, ""hit1"": 0, ""first_relevant_rank"": null}, {""entry_id"": ""E035"", ""category"": ""ADR (Decision)"", ""ndcg5"": 0.0, ""mrr5"": 0.0, ""hit3"": 0, ""hit1"": 0, ""first_relevant_rank"": null}, {""entry_id"": ""E036"", ""category"": ""ADR (Consequences)"", ""ndcg5"": 0.0, ""mrr5"": 0.0, ""hit3"": 0, ""hit1"": 0, ""first_relevant_rank"": null}, {""entry_id"": ""E037"", ""category"": ""ADR (Context)"", ""ndcg5"": 0.0, ""mrr5"": 0.0, ""hit3"": 0, ""hit1"": 0, ""first_relevant_rank"": null}, {""entry_id"": ""E038"", ""category"": ""ADR (Decision)"", ""ndcg5"": 1.0, ""mrr5"": 1.0, ""hit3"": 1, ""hit1"": 1, ""first_relevant_rank"": 1}, {""entry_id"": ""E039"", ""category"": ""ADR (Consequences)"", ""ndcg5"": 0.6309297535714575, ""mrr5"": 0.5, ""hit3"": 1, ""hit1"": 0, ""first_relevant_rank"": 2}, {""entry_id"": ""E040"", ""category"": ""ADR (Context)"", ""ndcg5"": 0.43067655807339306, ""mrr5"": 0.25, ""hit3"": 0, ""hit1"": 0, ""first_relevant_rank"": 4}, {""entry_id"": ""E041"", ""category"": ""ADR (Decision)"", ""ndcg5"": 0.6309297535714575, ""mrr5"": 0.5, ""hit3"": 1, ""hit1"": 0, ""first_relevant_rank"": 2}, {""entry_id"": ""E042"", ""category"": ""ADR (Consequences)"", ""ndcg5"": 1.0, ""mrr5"": 1.0, ""hit3"": 1, ""hit1"": 1, ""first_relevant_rank"": 1}, {""entry_id"": ""E043"", ""category"": ""ADR (Context)"", ""ndcg5"": 0.0, ""mrr5"": 0.0, ""hit3"": 0, ""hit1"": 0, ""first_relevant_rank"": null}, {""entry_id"": ""E044"", ""category"": ""ADR (Decision)"", ""ndcg5"": 0.6309297535714575, ""mrr5"": 0.5, ""hit3"": 1, ""hit1"": 0, ""first_relevant_rank"": 2}, {""entry_id"": ""E045"", ""category"": ""ADR (Consequences)"", ""ndcg5"": 0.0, ""mrr5"": 0.0, ""hit3"": 0, ""hit1"": 0, ""first_relevant_rank"": null}, {""entry_id"": ""E046"", ""category"": ""ADR (Content)"", ""ndcg5"": 1.0, ""mrr5"": 1.0, ""hit3"": 1, ""hit1"": 1, ""first_relevant_rank"": 1}, {""entry_id"": ""E047"", ""category"": ""ADR (Decision)"", ""ndcg5"": 1.0, ""mrr5"": 1.0, ""hit3"": 1, ""hit1"": 1, ""first_relevant_rank"": 1}, {""entry_id"": ""E048"", ""category"": ""ADR (Consequences)"", ""ndcg5"": 1.0, ""mrr5"": 1.0, ""hit3"": 1, ""hit1"": 1, ""first_relevant_rank"": 1}, {""entry_id"": ""E049"", ""category"": ""ADR (Context)"", ""ndcg5"": 0.6309297535714575, ""mrr5"": 0.5, ""hit3"": 1, ""hit1"": 0, ""first_relevant_rank"": 2}, {""entry_id"": ""E050"", ""category"": ""ADR (Decision)"", ""ndcg5"": 1.0, ""mrr5"": 1.0, ""hit3"": 1, ""hit1"": 1, ""first_relevant_rank"": 1}, {""entry_id"": ""E051"", ""category"": ""ADR (Consequences)"", ""ndcg5"": 1.0, ""mrr5"": 1.0, ""hit3"": 1, ""hit1"": 1, ""first_relevant_rank"": 1}, {""entry_id"": ""E052"", ""category"": ""ADR (Context)"", ""ndcg5"": 1.0, ""mrr5"": 1.0, ""hit3"": 1, ""hit1"": 1, ""first_relevant_rank"": 1}, {""entry_id"": ""E053"", ""category"": ""ADR (Decision)"", ""ndcg5"": 0.0, ""mrr5"": 0.0, ""hit3"": 0, ""hit1"": 0, ""first_relevant_rank"": null}, {""entry_id"": ""E054"", ""category"": ""ADR (Consequences)"", ""ndcg5"": 1.0, ""mrr5"": 1.0, ""hit3"": 1, ""hit1"": 1, ""first_relevant_rank"": 1}, {""entry_id"": ""E055"", ""category"": ""ADR (Context)"", ""ndcg5"": 1.0, ""mrr5"": 1.0, ""hit3"": 1, ""hit1"": 1, ""first_relevant_rank"": 1}, {""entry_id"": ""E056"", ""category"": ""ADR (Decision)"", ""ndcg5"": 0.5, ""mrr5"": 0.3333333333333333, ""hit3"": 1, ""hit1"": 0, ""first_relevant_rank"": 3}, {""entry_id"": ""E057"", ""category"": ""ADR (Content)"", ""ndcg5"": 0.0, ""mrr5"": 0.0, ""hit3"": 0, ""hit1"": 0, ""first_relevant_rank"": null}, {""entry_id"": ""E058"", ""category"": ""ADR (Context)"", ""ndcg5"": 1.0, ""mrr5"": 1.0, ""hit3"": 1, ""hit1"": 1, ""first_relevant_rank"": 1}, {""entry_id"": ""E059"", ""category"": ""ADR (Decision)"", ""ndcg5"": 0.0, ""mrr5"": 0.0, ""hit3"": 0, ""hit1"": 0, ""first_relevant_rank"": null}, {""entry_id"": ""E060"", ""category"": ""ADR (Consequences)"", ""ndcg5"": 0.0, ""mrr5"": 0.0, ""hit3"": 0, ""hit1"": 0, ""first_relevant_rank"": null}, {""entry_id"": ""E061"", ""category"": ""ADR (Context)"", ""ndcg5"": 0.38685280723454163, ""mrr5"": 0.2, ""hit3"": 0, ""hit1"": 0, ""first_relevant_rank"": 5}, {""entry_id"": ""E062"", ""category"": ""ADR (Decision)"", ""ndcg5"": 0.0, ""mrr5"": 0.0, ""hit3"": 0, ""hit1"": 0, ""first_relevant_rank"": null}, {""entry_id"": ""E063"", ""category"": ""ADR (Consequences)"", ""ndcg5"": 0.0, ""mrr5"": 0.0, ""hit3"": 0, ""hit1"": 0, ""first_relevant_rank"": null}, {""entry_id"": ""E064"", ""category"": ""ADR (Context)"", ""ndcg5"": 0.43067655807339306, ""mrr5"": 0.25, ""hit3"": 0, ""hit1"": 0, ""first_relevant_rank"": 4}, {""entry_id"": ""E065"", ""category"": ""ADR (Decision)"", ""ndcg5"": 0.0, ""mrr5"": 0.0, ""hit3"": 0, ""hit1"": 0, ""first_relevant_rank"": null}, {""entry_id"": ""E066"", ""category"": ""ADR (Consequences)"", ""ndcg5"": 0.0, ""mrr5"": 0.0, ""hit3"": 0, ""hit1"": 0, ""first_relevant_rank"": null}, {""entry_id"": ""E067"", ""category"": ""ADR (Context)"", ""ndcg5"": 1.0, ""mrr5"": 1.0, ""hit3"": 1, ""hit1"": 1, ""first_relevant_rank"": 1}, {""entry_id"": ""E068"", ""category"": ""ADR (Decision)"", ""ndcg5"": 0.5, ""mrr5"": 0.3333333333333333, ""hit3"": 1, ""hit1"": 0, ""first_relevant_rank"": 3}, {""entry_id"": ""E069"", ""category"": ""ADR (Consequences)"", ""ndcg5"": 0.0, ""mrr5"": 0.0, ""hit3"": 0, ""hit1"": 0, ""first_relevant_rank"": null}, {""entry_id"": ""E070"", ""category"": ""ADR (Context)"", ""ndcg5"": 1.0, ""mrr5"": 1.0, ""hit3"": 1, ""hit1"": 1, ""first_relevant_rank"": 1}, {""entry_id"": ""E071"", ""category"": ""ADR (Decision)"", ""ndcg5"": 0.0, ""mrr5"": 0.0, ""hit3"": 0, ""hit1"": 0, ""first_relevant_rank"": null}, {""entry_id"": ""E072"", ""category"": ""ADR (Consequences)"", ""ndcg5"": 0.0, ""mrr5"": 0.0, ""hit3"": 0, ""hit1"": 0, ""first_relevant_rank"": null}, {""entry_id"": ""E073"", ""category"": ""ADR (Context)"", ""ndcg5"": 0.0, ""mrr5"": 0.0, ""hit3"": 0, ""hit1"": 0, ""first_relevant_rank"": null}, {""entry_id"": ""E074"", ""category"": ""ADR (Decision)"", ""ndcg5"": 0.6309297535714575, ""mrr5"": 0.5, ""hit3"": 1, ""hit1"": 0, ""first_relevant_rank"": 2}, {""entry_id"": ""E075"", ""category"": ""ADR (Consequences)"", ""ndcg5"": 1.0, ""mrr5"": 1.0, ""hit3"": 1, ""hit1"": 1, ""first_relevant_rank"": 1}, {""entry_id"": ""E076"", ""category"": ""Non-file (hermes transcript)"", ""ndcg5"": 1.0, ""mrr5"": 1.0, ""hit3"": 1, ""hit1"": 1, ""first_relevant_rank"": 1}, {""entry_id"": ""E077"", ""category"": ""Non-file (hermes transcript)"", ""ndcg5"": 1.0, ""mrr5"": 1.0, ""hit3"": 1, ""hit1"": 1, ""first_relevant_rank"": 1}, {""entry_id"": ""E078"", ""category"": ""Non-file (hermes transcript)"", ""ndcg5"": 1.0, ""mrr5"": 1.0, ""hit3"": 1, ""hit1"": 1, ""first_relevant_rank"": 1}, {""entry_id"": ""E079"", ""category"": ""Non-file (hermes transcript)"", ""ndcg5"": 1.0, ""mrr5"": 1.0, ""hit3"": 1, ""hit1"": 1, ""first_relevant_rank"": 1}, {""entry_id"": ""E080"", ""category"": ""Non-file (hermes transcript)"", ""ndcg5"": 0.0, ""mrr5"": 0.0, ""hit3"": 0, ""hit1"": 0, ""first_relevant_rank"": null}, {""entry_id"": ""E081"", ""category"": ""Non-file (hermes transcript)"", ""ndcg5"": 1.0, ""mrr5"": 1.0, ""hit3"": 1, ""hit1"": 1, ""first_relevant_rank"": 1}, {""entry_id"": ""E082"", ""category"": ""Non-file (hermes transcript)"", ""ndcg5"": 0.43067655807339306, ""mrr5"": 0.25, ""hit3"": 0, ""hit1"": 0, ""first_relevant_rank"": 4}, {""entry_id"": ""E083"", ""category"": ""Non-file (hermes transcript)"", ""ndcg5"": 1.0, ""mrr5"": 1.0, ""hit3"": 1, ""hit1"": 1, ""first_relevant_rank"": 1}, {""entry_id"": ""E084"", ""category"": ""Non-file (hermes transcript)"", ""ndcg5"": 0.0, ""mrr5"": 0.0, ""hit3"": 0, ""hit1"": 0, ""first_relevant_rank"": null}, {""entry_id"": ""E085"", ""category"": ""Non-file (hermes transcript)"", ""ndcg5"": 1.0, ""mrr5"": 1.0, ""hit3"": 1, ""hit1"": 1, ""first_relevant_rank"": 1}, {""entry_id"": ""E086"", ""category"": ""Non-file (hermes transcript)"", ""ndcg5"": 1.0, ""mrr5"": 1.0, ""hit3"": 1, ""hit1"": 1, ""first_relevant_rank"": 1}, {""entry_id"": ""E087"", ""category"": ""Non-file (hermes transcript)"", ""ndcg5"": 1.0, ""mrr5"": 1.0, ""hit3"": 1, ""hit1"": 1, ""first_relevant_rank"": 1}, {""entry_id"": ""E088"", ""category"": ""Non-file (hermes transcript)"", ""ndcg5"": 1.0, ""mrr5"": 1.0, ""hit3"": 1, ""hit1"": 1, ""first_relevant_rank"": 1}, {""entry_id"": ""E089"", ""category"": ""Non-file (hermes transcript)"", ""ndcg5"": 0.6309297535714575, ""mrr5"": 0.5, ""hit3"": 1, ""hit1"": 0, ""first_relevant_rank"": 2}, {""entry_id"": ""E090"", ""category"": ""Non-file (shared tier)"", ""ndcg5"": 1.0, ""mrr5"": 1.0, ""hit3"": 1, ""hit1"": 1, ""first_relevant_rank"": 1}, {""entry_id"": ""E091"", ""category"": ""Non-file (shared tier)"", ""ndcg5"": 1.0, ""mrr5"": 1.0, ""hit3"": 1, ""hit1"": 1, ""first_relevant_rank"": 1}, {""entry_id"": ""E092"", ""category"": ""Non-file (shared tier)"", ""ndcg5"": 1.0, ""mrr5"": 1.0, ""hit3"": 1, ""hit1"": 1, ""first_relevant_rank"": 1}, {""entry_id"": ""E093"", ""category"": ""Non-file (shared tier)"", ""ndcg5"": 1.0, ""mrr5"": 1.0, ""hit3"": 1, ""hit1"": 1, ""first_relevant_rank"": 1}, {""entry_id"": ""E094"", ""category"": ""Non-file (shared tier)"", ""ndcg5"": 1.0, ""mrr5"": 1.0, ""hit3"": 1, ""hit1"": 1, ""first_relevant_rank"": 1}, {""entry_id"": ""E095"", ""category"": ""Non-file (shared tier)"", ""ndcg5"": 1.0, ""mrr5"": 1.0, ""hit3"": 1, ""hit1"": 1, ""first_relevant_rank"": 1}, {""entry_id"": ""E096"", ""category"": ""Non-file (shared tier)"", ""ndcg5"": 1.0, ""mrr5"": 1.0, ""hit3"": 1, ""hit1"": 1, ""first_relevant_rank"": 1}, {""entry_id"": ""E097"", ""category"": ""Non-file (shared tier)"", ""ndcg5"": 1.0, ""mrr5"": 1.0, ""hit3"": 1, ""hit1"": 1, ""first_relevant_rank"": 1}, {""entry_id"": ""E098"", ""category"": ""Non-file (shared tier)"", ""ndcg5"": 1.0, ""mrr5"": 1.0, ""hit3"": 1, ""hit1"": 1, ""first_relevant_rank"": 1}, {""entry_id"": ""E099"", ""category"": ""Non-file (shared tier)"", ""ndcg5"": 1.0, ""mrr5"": 1.0, ""hit3"": 1, ""hit1"": 1, ""first_relevant_rank"": 1}, {""entry_id"": ""E100"", ""category"": ""Non-file (shared tier)"", ""ndcg5"": 1.0, ""mrr5"": 1.0, ""hit3"": 1, ""hit1"": 1, ""first_relevant_rank"": 1}]","{""ADR (Context)"": ""CategoryMetrics(category='ADR (Context)', count=24, mean_ndcg5=0.36418703304581546, mean_mrr5=0.3069444444444444, hit3_rate=0.3333333333333333, hit1_rate=0.20833333333333334)"", ""ADR (Decision)"": ""CategoryMetrics(category='ADR (Decision)', count=25, mean_ndcg5=0.35571157042857493, mean_mrr5=0.3133333333333333, hit3_rate=0.48, hit1_rate=0.2)"", ""ADR (Consequences)"": ""CategoryMetrics(category='ADR (Consequences)', count=24, mean_ndcg5=0.3913662191964322, mean_mrr5=0.3680555555555556, hit3_rate=0.4583333333333333, hit1_rate=0.2916666666666667)"", ""ADR (Content)"": ""CategoryMetrics(category='ADR (Content)', count=2, mean_ndcg5=0.5, mean_mrr5=0.5, hit3_rate=0.5, hit1_rate=0.5)"", ""Non-file (hermes transcript)"": ""CategoryMetrics(category='Non-file (hermes transcript)', count=14, mean_ndcg5=0.7901147365460607, mean_mrr5=0.7678571428571429, hit3_rate=0.7857142857142857, hit1_rate=0.7142857142857143)"", ""Non-file (shared tier)"": ""CategoryMetrics(category='Non-file (shared tier)', count=11, mean_ndcg5=1.0, mean_mrr5=1.0, hit3_rate=1.0, hit1_rate=1.0)""}"
sourceLambda=0.5,sourceLambda,0.5,memory,100,0.4818249675918753,0.45233333333333337,0.53,0.38,"[{""entry_id"": ""E001"", ""category"": ""ADR (Context)"", ""ndcg5"": 0.38685280723454163, ""mrr5"": 0.2, ""hit3"": 0, ""hit1"": 0, ""first_relevant_rank"": 5}, {""entry_id"": ""E002"", ""category"": ""ADR (Decision)"", ""ndcg5"": 0.0, ""mrr5"": 0.0, ""hit3"": 0, ""hit1"": 0, ""first_relevant_rank"": null}, {""entry_id"": ""E003"", ""category"": ""ADR (Consequences)"", ""ndcg5"": 0.0, ""mrr5"": 0.0, ""hit3"": 0, ""hit1"": 0, ""first_relevant_rank"": null}, {""entry_id"": ""E004"", ""category"": ""ADR (Context)"", ""ndcg5"": 0.0, ""mrr5"": 0.0, ""hit3"": 0, ""hit1"": 0, ""first_relevant_rank"": null}, {""entry_id"": ""E005"", ""category"": ""ADR (Decision)"", ""ndcg5"": 0.5, ""mrr5"": 0.3333333333333333, ""hit3"": 1, ""hit1"": 0, ""first_relevant_rank"": 3}, {""entry_id"": ""E006"", ""category"": ""ADR (Consequences)"", ""ndcg5"": 0.0, ""mrr5"": 0.0, ""hit3"": 0, ""hit1"": 0, ""first_relevant_rank"": null}, {""entry_id"": ""E007"", ""category"": ""ADR (Context)"", ""ndcg5"": 0.0, ""mrr5"": 0.0, ""hit3"": 0, ""hit1"": 0, ""first_relevant_rank"": null}, {""entry_id"": ""E008"", ""category"": ""ADR (Decision)"", ""ndcg5"": 0.0, ""mrr5"": 0.0, ""hit3"": 0, ""hit1"": 0, ""first_relevant_rank"": null}, {""entry_id"": ""E009"", ""category"": ""ADR (Consequences)"", ""ndcg5"": 0.6309297535714575, ""mrr5"": 0.5, ""hit3"": 1, ""hit1"": 0, ""first_relevant_rank"": 2}, {""entry_id"": ""E010"", ""category"": ""ADR (Context)"", ""ndcg5"": 0.0, ""mrr5"": 0.0, ""hit3"": 0, ""hit1"": 0, ""first_relevant_rank"": null}, {""entry_id"": ""E011"", ""category"": ""ADR (Decision)"", ""ndcg5"": 0.0, ""mrr5"": 0.0, ""hit3"": 0, ""hit1"": 0, ""first_relevant_rank"": null}, {""entry_id"": ""E012"", ""category"": ""ADR (Consequences)"", ""ndcg5"": 1.0, ""mrr5"": 1.0, ""hit3"": 1, ""hit1"": 1, ""first_relevant_rank"": 1}, {""entry_id"": ""E013"", ""category"": ""ADR (Context)"", ""ndcg5"": 0.0, ""mrr5"": 0.0, ""hit3"": 0, ""hit1"": 0, ""first_relevant_rank"": null}, {""entry_id"": ""E014"", ""category"": ""ADR (Decision)"", ""ndcg5"": 1.0, ""mrr5"": 1.0, ""hit3"": 1, ""hit1"": 1, ""first_relevant_rank"": 1}, {""entry_id"": ""E015"", ""category"": ""ADR (Consequences)"", ""ndcg5"": 1.0, ""mrr5"": 1.0, ""hit3"": 1, ""hit1"": 1, ""first_relevant_rank"": 1}, {""entry_id"": ""E016"", ""category"": ""ADR (Context)"", ""ndcg5"": 0.0, ""mrr5"": 0.0, ""hit3"": 0, ""hit1"": 0, ""first_relevant_rank"": null}, {""entry_id"": ""E017"", ""category"": ""ADR (Decision)"", ""ndcg5"": 0.0, ""mrr5"": 0.0, ""hit3"": 0, ""hit1"": 0, ""first_relevant_rank"": null}, {""entry_id"": ""E018"", ""category"": ""ADR (Consequences)"", ""ndcg5"": 0.6309297535714575, ""mrr5"": 0.5, ""hit3"": 1, ""hit1"": 0, ""first_relevant_rank"": 2}, {""entry_id"": ""E019"", ""category"": ""ADR (Context)"", ""ndcg5"": 0.0, ""mrr5"": 0.0, ""hit3"": 0, ""hit1"": 0, ""first_relevant_rank"": null}, {""entry_id"": ""E020"", ""category"": ""ADR (Decision)"", ""ndcg5"": 0.0, ""mrr5"": 0.0, ""hit3"": 0, ""hit1"": 0, ""first_relevant_rank"": null}, {""entry_id"": ""E021"", ""category"": ""ADR (Consequences)"", ""ndcg5"": 0.0, ""mrr5"": 0.0, ""hit3"": 0, ""hit1"": 0, ""first_relevant_rank"": null}, {""entry_id"": ""E022"", ""category"": ""ADR (Context)"", ""ndcg5"": 0.5, ""mrr5"": 0.3333333333333333, ""hit3"": 1, ""hit1"": 0, ""first_relevant_rank"": 3}, {""entry_id"": ""E023"", ""category"": ""ADR (Decision)"", ""ndcg5"": 0.0, ""mrr5"": 0.0, ""hit3"": 0, ""hit1"": 0, ""first_relevant_rank"": null}, {""entry_id"": ""E024"", ""category"": ""ADR (Consequences)"", ""ndcg5"": 0.5, ""mrr5"": 0.3333333333333333, ""hit3"": 1, ""hit1"": 0, ""first_relevant_rank"": 3}, {""entry_id"": ""E025"", ""category"": ""ADR (Context)"", ""ndcg5"": 0.0, ""mrr5"": 0.0, ""hit3"": 0, ""hit1"": 0, ""first_relevant_rank"": null}, {""entry_id"": ""E026"", ""category"": ""ADR (Decision)"", ""ndcg5"": 1.0, ""mrr5"": 1.0, ""hit3"": 1, ""hit1"": 1, ""first_relevant_rank"": 1}, {""entry_id"": ""E027"", ""category"": ""ADR (Consequences)"", ""ndcg5"": 0.0, ""mrr5"": 0.0, ""hit3"": 0, ""hit1"": 0, ""first_relevant_rank"": null}, {""entry_id"": ""E028"", ""category"": ""ADR (Context)"", ""ndcg5"": 0.5, ""mrr5"": 0.3333333333333333, ""hit3"": 1, ""hit1"": 0, ""first_relevant_rank"": 3}, {""entry_id"": ""E029"", ""category"": ""ADR (Decision)"", ""ndcg5"": 0.0, ""mrr5"": 0.0, ""hit3"": 0, ""hit1"": 0, ""first_relevant_rank"": null}, {""entry_id"": ""E030"", ""category"": ""ADR (Consequences)"", ""ndcg5"": 0.5, ""mrr5"": 0.3333333333333333, ""hit3"": 1, ""hit1"": 0, ""first_relevant_rank"": 3}, {""entry_id"": ""E031"", ""category"": ""ADR (Context)"", ""ndcg5"": 0.0, ""mrr5"": 0.0, ""hit3"": 0, ""hit1"": 0, ""first_relevant_rank"": null}, {""entry_id"": ""E032"", ""category"": ""ADR (Decision)"", ""ndcg5"": 0.43067655807339306, ""mrr5"": 0.25, ""hit3"": 0, ""hit1"": 0, ""first_relevant_rank"": 4}, {""entry_id"": ""E033"", ""category"": ""ADR (Consequences)"", ""ndcg5"": 0.0, ""mrr5"": 0.0, ""hit3"": 0, ""hit1"": 0, ""first_relevant_rank"": null}, {""entry_id"": ""E034"", ""category"": ""ADR (Context)"", ""ndcg5"": 0.0, ""mrr5"": 0.0, ""hit3"": 0, ""hit1"": 0, ""first_relevant_rank"": null}, {""entry_id"": ""E035"", ""category"": ""ADR (Decision)"", ""ndcg5"": 0.0, ""mrr5"": 0.0, ""hit3"": 0, ""hit1"": 0, ""first_relevant_rank"": null}, {""entry_id"": ""E036"", ""category"": ""ADR (Consequences)"", ""ndcg5"": 0.0, ""mrr5"": 0.0, ""hit3"": 0, ""hit1"": 0, ""first_relevant_rank"": null}, {""entry_id"": ""E037"", ""category"": ""ADR (Context)"", ""ndcg5"": 0.0, ""mrr5"": 0.0, ""hit3"": 0, ""hit1"": 0, ""first_relevant_rank"": null}, {""entry_id"": ""E038"", ""category"": ""ADR (Decision)"", ""ndcg5"": 1.0, ""mrr5"": 1.0, ""hit3"": 1, ""hit1"": 1, ""first_relevant_rank"": 1}, {""entry_id"": ""E039"", ""category"": ""ADR (Consequences)"", ""ndcg5"": 0.6309297535714575, ""mrr5"": 0.5, ""hit3"": 1, ""hit1"": 0, ""first_relevant_rank"": 2}, {""entry_id"": ""E040"", ""category"": ""ADR (Context)"", ""ndcg5"": 0.0, ""mrr5"": 0.0, ""hit3"": 0, ""hit1"": 0, ""first_relevant_rank"": null}, {""entry_id"": ""E041"", ""category"": ""ADR (Decision)"", ""ndcg5"": 0.0, ""mrr5"": 0.0, ""hit3"": 0, ""hit1"": 0, ""first_relevant_rank"": null}, {""entry_id"": ""E042"", ""category"": ""ADR (Consequences)"", ""ndcg5"": 1.0, ""mrr5"": 1.0, ""hit3"": 1, ""hit1"": 1, ""first_relevant_rank"": 1}, {""entry_id"": ""E043"", ""category"": ""ADR (Context)"", ""ndcg5"": 0.0, ""mrr5"": 0.0, ""hit3"": 0, ""hit1"": 0, ""first_relevant_rank"": null}, {""entry_id"": ""E044"", ""category"": ""ADR (Decision)"", ""ndcg5"": 0.6309297535714575, ""mrr5"": 0.5, ""hit3"": 1, ""hit1"": 0, ""first_relevant_rank"": 2}, {""entry_id"": ""E045"", ""category"": ""ADR (Consequences)"", ""ndcg5"": 0.0, ""mrr5"": 0.0, ""hit3"": 0, ""hit1"": 0, ""first_relevant_rank"": null}, {""entry_id"": ""E046"", ""category"": ""ADR (Content)"", ""ndcg5"": 1.0, ""mrr5"": 1.0, ""hit3"": 1, ""hit1"": 1, ""first_relevant_rank"": 1}, {""entry_id"": ""E047"", ""category"": ""ADR (Decision)"", ""ndcg5"": 1.0, ""mrr5"": 1.0, ""hit3"": 1, ""hit1"": 1, ""first_relevant_rank"": 1}, {""entry_id"": ""E048"", ""category"": ""ADR (Consequences)"", ""ndcg5"": 1.0, ""mrr5"": 1.0, ""hit3"": 1, ""hit1"": 1, ""first_relevant_rank"": 1}, {""entry_id"": ""E049"", ""category"": ""ADR (Context)"", ""ndcg5"": 0.6309297535714575, ""mrr5"": 0.5, ""hit3"": 1, ""hit1"": 0, ""first_relevant_rank"": 2}, {""entry_id"": ""E050"", ""category"": ""ADR (Decision)"", ""ndcg5"": 1.0, ""mrr5"": 1.0, ""hit3"": 1, ""hit1"": 1, ""first_relevant_rank"": 1}, {""entry_id"": ""E051"", ""category"": ""ADR (Consequences)"", ""ndcg5"": 1.0, ""mrr5"": 1.0, ""hit3"": 1, ""hit1"": 1, ""first_relevant_rank"": 1}, {""entry_id"": ""E052"", ""category"": ""ADR (Context)"", ""ndcg5"": 1.0, ""mrr5"": 1.0, ""hit3"": 1, ""hit1"": 1, ""first_relevant_rank"": 1}, {""entry_id"": ""E053"", ""category"": ""ADR (Decision)"", ""ndcg5"": 0.0, ""mrr5"": 0.0, ""hit3"": 0, ""hit1"": 0, ""first_relevant_rank"": null}, {""entry_id"": ""E054"", ""category"": ""ADR (Consequences)"", ""ndcg5"": 1.0, ""mrr5"": 1.0, ""hit3"": 1, ""hit1"": 1, ""first_relevant_rank"": 1}, {""entry_id"": ""E055"", ""category"": ""ADR (Context)"", ""ndcg5"": 1.0, ""mrr5"": 1.0, ""hit3"": 1, ""hit1"": 1, ""first_relevant_rank"": 1}, {""entry_id"": ""E056"", ""category"": ""ADR (Decision)"", ""ndcg5"": 0.5, ""mrr5"": 0.3333333333333333, ""hit3"": 1, ""hit1"": 0, ""first_relevant_rank"": 3}, {""entry_id"": ""E057"", ""category"": ""ADR (Content)"", ""ndcg5"": 0.0, ""mrr5"": 0.0, ""hit3"": 0, ""hit1"": 0, ""first_relevant_rank"": null}, {""entry_id"": ""E058"", ""category"": ""ADR (Context)"", ""ndcg5"": 1.0, ""mrr5"": 1.0, ""hit3"": 1, ""hit1"": 1, ""first_relevant_rank"": 1}, {""entry_id"": ""E059"", ""category"": ""ADR (Decision)"", ""ndcg5"": 0.0, ""mrr5"": 0.0, ""hit3"": 0, ""hit1"": 0, ""first_relevant_rank"": null}, {""entry_id"": ""E060"", ""category"": ""ADR (Consequences)"", ""ndcg5"": 0.0, ""mrr5"": 0.0, ""hit3"": 0, ""hit1"": 0, ""first_relevant_rank"": null}, {""entry_id"": ""E061"", ""category"": ""ADR (Context)"", ""ndcg5"": 0.0, ""mrr5"": 0.0, ""hit3"": 0, ""hit1"": 0, ""first_relevant_rank"": null}, {""entry_id"": ""E062"", ""category"": ""ADR (Decision)"", ""ndcg5"": 0.0, ""mrr5"": 0.0, ""hit3"": 0, ""hit1"": 0, ""first_relevant_rank"": null}, {""entry_id"": ""E063"", ""category"": ""ADR (Consequences)"", ""ndcg5"": 0.0, ""mrr5"": 0.0, ""hit3"": 0, ""hit1"": 0, ""first_relevant_rank"": null}, {""entry_id"": ""E064"", ""category"": ""ADR (Context)"", ""ndcg5"": 0.0, ""mrr5"": 0.0, ""hit3"": 0, ""hit1"": 0, ""first_relevant_rank"": null}, {""entry_id"": ""E065"", ""category"": ""ADR (Decision)"", ""ndcg5"": 0.0, ""mrr5"": 0.0, ""hit3"": 0, ""hit1"": 0, ""first_relevant_rank"": null}, {""entry_id"": ""E066"", ""category"": ""ADR (Consequences)"", ""ndcg5"": 0.38685280723454163, ""mrr5"": 0.2, ""hit3"": 0, ""hit1"": 0, ""first_relevant_rank"": 5}, {""entry_id"": ""E067"", ""category"": ""ADR (Context)"", ""ndcg5"": 1.0, ""mrr5"": 1.0, ""hit3"": 1, ""hit1"": 1, ""first_relevant_rank"": 1}, {""entry_id"": ""E068"", ""category"": ""ADR (Decision)"", ""ndcg5"": 0.5, ""mrr5"": 0.3333333333333333, ""hit3"": 1, ""hit1"": 0, ""first_relevant_rank"": 3}, {""entry_id"": ""E069"", ""category"": ""ADR (Consequences)"", ""ndcg5"": 0.0, ""mrr5"": 0.0, ""hit3"": 0, ""hit1"": 0, ""first_relevant_rank"": null}, {""entry_id"": ""E070"", ""category"": ""ADR (Context)"", ""ndcg5"": 0.6309297535714575, ""mrr5"": 0.5, ""hit3"": 1, ""hit1"": 0, ""first_relevant_rank"": 2}, {""entry_id"": ""E071"", ""category"": ""ADR (Decision)"", ""ndcg5"": 0.0, ""mrr5"": 0.0, ""hit3"": 0, ""hit1"": 0, ""first_relevant_rank"": null}, {""entry_id"": ""E072"", ""category"": ""ADR (Consequences)"", ""ndcg5"": 0.0, ""mrr5"": 0.0, ""hit3"": 0, ""hit1"": 0, ""first_relevant_rank"": null}, {""entry_id"": ""E073"", ""category"": ""ADR (Context)"", ""ndcg5"": 0.0, ""mrr5"": 0.0, ""hit3"": 0, ""hit1"": 0, ""first_relevant_rank"": null}, {""entry_id"": ""E074"", ""category"": ""ADR (Decision)"", ""ndcg5"": 0.6309297535714575, ""mrr5"": 0.5, ""hit3"": 1, ""hit1"": 0, ""first_relevant_rank"": 2}, {""entry_id"": ""E075"", ""category"": ""ADR (Consequences)"", ""ndcg5"": 1.0, ""mrr5"": 1.0, ""hit3"": 1, ""hit1"": 1, ""first_relevant_rank"": 1}, {""entry_id"": ""E076"", ""category"": ""Non-file (hermes transcript)"", ""ndcg5"": 1.0, ""mrr5"": 1.0, ""hit3"": 1, ""hit1"": 1, ""first_relevant_rank"": 1}, {""entry_id"": ""E077"", ""category"": ""Non-file (hermes transcript)"", ""ndcg5"": 1.0, ""mrr5"": 1.0, ""hit3"": 1, ""hit1"": 1, ""first_relevant_rank"": 1}, {""entry_id"": ""E078"", ""category"": ""Non-file (hermes transcript)"", ""ndcg5"": 1.0, ""mrr5"": 1.0, ""hit3"": 1, ""hit1"": 1, ""first_relevant_rank"": 1}, {""entry_id"": ""E079"", ""category"": ""Non-file (hermes transcript)"", ""ndcg5"": 1.0, ""mrr5"": 1.0, ""hit3"": 1, ""hit1"": 1, ""first_relevant_rank"": 1}, {""entry_id"": ""E080"", ""category"": ""Non-file (hermes transcript)"", ""ndcg5"": 0.0, ""mrr5"": 0.0, ""hit3"": 0, ""hit1"": 0, ""first_relevant_rank"": null}, {""entry_id"": ""E081"", ""category"": ""Non-file (hermes transcript)"", ""ndcg5"": 1.0, ""mrr5"": 1.0, ""hit3"": 1, ""hit1"": 1, ""first_relevant_rank"": 1}, {""entry_id"": ""E082"", ""category"": ""Non-file (hermes transcript)"", ""ndcg5"": 0.43067655807339306, ""mrr5"": 0.25, ""hit3"": 0, ""hit1"": 0, ""first_relevant_rank"": 4}, {""entry_id"": ""E083"", ""category"": ""Non-file (hermes transcript)"", ""ndcg5"": 1.0, ""mrr5"": 1.0, ""hit3"": 1, ""hit1"": 1, ""first_relevant_rank"": 1}, {""entry_id"": ""E084"", ""category"": ""Non-file (hermes transcript)"", ""ndcg5"": 0.0, ""mrr5"": 0.0, ""hit3"": 0, ""hit1"": 0, ""first_relevant_rank"": null}, {""entry_id"": ""E085"", ""category"": ""Non-file (hermes transcript)"", ""ndcg5"": 1.0, ""mrr5"": 1.0, ""hit3"": 1, ""hit1"": 1, ""first_relevant_rank"": 1}, {""entry_id"": ""E086"", ""category"": ""Non-file (hermes transcript)"", ""ndcg5"": 1.0, ""mrr5"": 1.0, ""hit3"": 1, ""hit1"": 1, ""first_relevant_rank"": 1}, {""entry_id"": ""E087"", ""category"": ""Non-file (hermes transcript)"", ""ndcg5"": 1.0, ""mrr5"": 1.0, ""hit3"": 1, ""hit1"": 1, ""first_relevant_rank"": 1}, {""entry_id"": ""E088"", ""category"": ""Non-file (hermes transcript)"", ""ndcg5"": 1.0, ""mrr5"": 1.0, ""hit3"": 1, ""hit1"": 1, ""first_relevant_rank"": 1}, {""entry_id"": ""E089"", ""category"": ""Non-file (hermes transcript)"", ""ndcg5"": 0.6309297535714575, ""mrr5"": 0.5, ""hit3"": 1, ""hit1"": 0, ""first_relevant_rank"": 2}, {""entry_id"": ""E090"", ""category"": ""Non-file (shared tier)"", ""ndcg5"": 1.0, ""mrr5"": 1.0, ""hit3"": 1, ""hit1"": 1, ""first_relevant_rank"": 1}, {""entry_id"": ""E091"", ""category"": ""Non-file (shared tier)"", ""ndcg5"": 1.0, ""mrr5"": 1.0, ""hit3"": 1, ""hit1"": 1, ""first_relevant_rank"": 1}, {""entry_id"": ""E092"", ""category"": ""Non-file (shared tier)"", ""ndcg5"": 1.0, ""mrr5"": 1.0, ""hit3"": 1, ""hit1"": 1, ""first_relevant_rank"": 1}, {""entry_id"": ""E093"", ""category"": ""Non-file (shared tier)"", ""ndcg5"": 1.0, ""mrr5"": 1.0, ""hit3"": 1, ""hit1"": 1, ""first_relevant_rank"": 1}, {""entry_id"": ""E094"", ""category"": ""Non-file (shared tier)"", ""ndcg5"": 1.0, ""mrr5"": 1.0, ""hit3"": 1, ""hit1"": 1, ""first_relevant_rank"": 1}, {""entry_id"": ""E095"", ""category"": ""Non-file (shared tier)"", ""ndcg5"": 1.0, ""mrr5"": 1.0, ""hit3"": 1, ""hit1"": 1, ""first_relevant_rank"": 1}, {""entry_id"": ""E096"", ""category"": ""Non-file (shared tier)"", ""ndcg5"": 1.0, ""mrr5"": 1.0, ""hit3"": 1, ""hit1"": 1, ""first_relevant_rank"": 1}, {""entry_id"": ""E097"", ""category"": ""Non-file (shared tier)"", ""ndcg5"": 1.0, ""mrr5"": 1.0, ""hit3"": 1, ""hit1"": 1, ""first_relevant_rank"": 1}, {""entry_id"": ""E098"", ""category"": ""Non-file (shared tier)"", ""ndcg5"": 1.0, ""mrr5"": 1.0, ""hit3"": 1, ""hit1"": 1, ""first_relevant_rank"": 1}, {""entry_id"": ""E099"", ""category"": ""Non-file (shared tier)"", ""ndcg5"": 1.0, ""mrr5"": 1.0, ""hit3"": 1, ""hit1"": 1, ""first_relevant_rank"": 1}, {""entry_id"": ""E100"", ""category"": ""Non-file (shared tier)"", ""ndcg5"": 1.0, ""mrr5"": 1.0, ""hit3"": 1, ""hit1"": 1, ""first_relevant_rank"": 1}]","{""ADR (Context)"": ""CategoryMetrics(category='ADR (Context)', count=24, mean_ndcg5=0.2770296797657274, mean_mrr5=0.24444444444444444, hit3_rate=0.3333333333333333, hit1_rate=0.16666666666666666)"", ""ADR (Decision)"": ""CategoryMetrics(category='ADR (Decision)', count=25, mean_ndcg5=0.3277014426086523, mean_mrr5=0.29, hit3_rate=0.4, hit1_rate=0.2)"", ""ADR (Consequences)"": ""CategoryMetrics(category='ADR (Consequences)', count=24, mean_ndcg5=0.42831841949787147, mean_mrr5=0.3902777777777778, hit3_rate=0.5, hit1_rate=0.2916666666666667)"", ""ADR (Content)"": ""CategoryMetrics(category='ADR (Content)', count=2, mean_ndcg5=0.5, mean_mrr5=0.5, hit3_rate=0.5, hit1_rate=0.5)"", ""Non-file (hermes transcript)"": ""CategoryMetrics(category='Non-file (hermes transcript)', count=14, mean_ndcg5=0.7901147365460607, mean_mrr5=0.7678571428571429, hit3_rate=0.7857142857142857, hit1_rate=0.7142857142857143)"", ""Non-file (shared tier)"": ""CategoryMetrics(category='Non-file (shared tier)', count=11, mean_ndcg5=1.0, mean_mrr5=1.0, hit3_rate=1.0, hit1_rate=1.0)""}"
consolidationThreshold=0,consolidationThreshold,0,memory,100,0.47787926821671234,0.4503333333333333,0.51,0.38,"[{""entry_id"": ""E001"", ""category"": ""ADR (Context)"", ""ndcg5"": 1.0, ""mrr5"": 1.0, ""hit3"": 1, ""hit1"": 1, ""first_relevant_rank"": 1}, {""entry_id"": ""E002"", ""category"": ""ADR (Decision)"", ""ndcg5"": 1.0, ""mrr5"": 1.0, ""hit3"": 1, ""hit1"": 1, ""first_relevant_rank"": 1}, {""entry_id"": ""E003"", ""category"": ""ADR (Consequences)"", ""ndcg5"": 0.0, ""mrr5"": 0.0, ""hit3"": 0, ""hit1"": 0, ""first_relevant_rank"": null}, {""entry_id"": ""E004"", ""category"": ""ADR (Context)"", ""ndcg5"": 1.0, ""mrr5"": 1.0, ""hit3"": 1, ""hit1"": 1, ""first_relevant_rank"": 1}, {""entry_id"": ""E005"", ""category"": ""ADR (Decision)"", ""ndcg5"": 0.43067655807339306, ""mrr5"": 0.25, ""hit3"": 0, ""hit1"": 0, ""first_relevant_rank"": 4}, {""entry_id"": ""E006"", ""category"": ""ADR (Consequences)"", ""ndcg5"": 0.0, ""mrr5"": 0.0, ""hit3"": 0, ""hit1"": 0, ""first_relevant_rank"": null}, {""entry_id"": ""E007"", ""category"": ""ADR (Context)"", ""ndcg5"": 1.0, ""mrr5"": 1.0, ""hit3"": 1, ""hit1"": 1, ""first_relevant_rank"": 1}, {""entry_id"": ""E008"", ""category"": ""ADR (Decision)"", ""ndcg5"": 0.0, ""mrr5"": 0.0, ""hit3"": 0, ""hit1"": 0, ""first_relevant_rank"": null}, {""entry_id"": ""E009"", ""category"": ""ADR (Consequences)"", ""ndcg5"": 1.0, ""mrr5"": 1.0, ""hit3"": 1, ""hit1"": 1, ""first_relevant_rank"": 1}, {""entry_id"": ""E010"", ""category"": ""ADR (Context)"", ""ndcg5"": 0.0, ""mrr5"": 0.0, ""hit3"": 0, ""hit1"": 0, ""first_relevant_rank"": null}, {""entry_id"": ""E011"", ""category"": ""ADR (Decision)"", ""ndcg5"": 0.0, ""mrr5"": 0.0, ""hit3"": 0, ""hit1"": 0, ""first_relevant_rank"": null}, {""entry_id"": ""E012"", ""category"": ""ADR (Consequences)"", ""ndcg5"": 0.0, ""mrr5"": 0.0, ""hit3"": 0, ""hit1"": 0, ""first_relevant_rank"": null}, {""entry_id"": ""E013"", ""category"": ""ADR (Context)"", ""ndcg5"": 0.5, ""mrr5"": 0.3333333333333333, ""hit3"": 1, ""hit1"": 0, ""first_relevant_rank"": 3}, {""entry_id"": ""E014"", ""category"": ""ADR (Decision)"", ""ndcg5"": 0.0, ""mrr5"": 0.0, ""hit3"": 0, ""hit1"": 0, ""first_relevant_rank"": null}, {""entry_id"": ""E015"", ""category"": ""ADR (Consequences)"", ""ndcg5"": 0.0, ""mrr5"": 0.0, ""hit3"": 0, ""hit1"": 0, ""first_relevant_rank"": null}, {""entry_id"": ""E016"", ""category"": ""ADR (Context)"", ""ndcg5"": 0.6309297535714575, ""mrr5"": 0.5, ""hit3"": 1, ""hit1"": 0, ""first_relevant_rank"": 2}, {""entry_id"": ""E017"", ""category"": ""ADR (Decision)"", ""ndcg5"": 0.0, ""mrr5"": 0.0, ""hit3"": 0, ""hit1"": 0, ""first_relevant_rank"": null}, {""entry_id"": ""E018"", ""category"": ""ADR (Consequences)"", ""ndcg5"": 0.6309297535714575, ""mrr5"": 0.5, ""hit3"": 1, ""hit1"": 0, ""first_relevant_rank"": 2}, {""entry_id"": ""E019"", ""category"": ""ADR (Context)"", ""ndcg5"": 0.6309297535714575, ""mrr5"": 0.5, ""hit3"": 1, ""hit1"": 0, ""first_relevant_rank"": 2}, {""entry_id"": ""E020"", ""category"": ""ADR (Decision)"", ""ndcg5"": 0.0, ""mrr5"": 0.0, ""hit3"": 0, ""hit1"": 0, ""first_relevant_rank"": null}, {""entry_id"": ""E021"", ""category"": ""ADR (Consequences)"", ""ndcg5"": 0.0, ""mrr5"": 0.0, ""hit3"": 0, ""hit1"": 0, ""first_relevant_rank"": null}, {""entry_id"": ""E022"", ""category"": ""ADR (Context)"", ""ndcg5"": 0.0, ""mrr5"": 0.0, ""hit3"": 0, ""hit1"": 0, ""first_relevant_rank"": null}, {""entry_id"": ""E023"", ""category"": ""ADR (Decision)"", ""ndcg5"": 1.0, ""mrr5"": 1.0, ""hit3"": 1, ""hit1"": 1, ""first_relevant_rank"": 1}, {""entry_id"": ""E024"", ""category"": ""ADR (Consequences)"", ""ndcg5"": 0.0, ""mrr5"": 0.0, ""hit3"": 0, ""hit1"": 0, ""first_relevant_rank"": null}, {""entry_id"": ""E025"", ""category"": ""ADR (Context)"", ""ndcg5"": 1.0, ""mrr5"": 1.0, ""hit3"": 1, ""hit1"": 1, ""first_relevant_rank"": 1}, {""entry_id"": ""E026"", ""category"": ""ADR (Decision)"", ""ndcg5"": 0.0, ""mrr5"": 0.0, ""hit3"": 0, ""hit1"": 0, ""first_relevant_rank"": null}, {""entry_id"": ""E027"", ""category"": ""ADR (Consequences)"", ""ndcg5"": 0.0, ""mrr5"": 0.0, ""hit3"": 0, ""hit1"": 0, ""first_relevant_rank"": null}, {""entry_id"": ""E028"", ""category"": ""ADR (Context)"", ""ndcg5"": 1.0, ""mrr5"": 1.0, ""hit3"": 1, ""hit1"": 1, ""first_relevant_rank"": 1}, {""entry_id"": ""E029"", ""category"": ""ADR (Decision)"", ""ndcg5"": 1.0, ""mrr5"": 1.0, ""hit3"": 1, ""hit1"": 1, ""first_relevant_rank"": 1}, {""entry_id"": ""E030"", ""category"": ""ADR (Consequences)"", ""ndcg5"": 0.0, ""mrr5"": 0.0, ""hit3"": 0, ""hit1"": 0, ""first_relevant_rank"": null}, {""entry_id"": ""E031"", ""category"": ""ADR (Context)"", ""ndcg5"": 0.0, ""mrr5"": 0.0, ""hit3"": 0, ""hit1"": 0, ""first_relevant_rank"": null}, {""entry_id"": ""E032"", ""category"": ""ADR (Decision)"", ""ndcg5"": 0.0, ""mrr5"": 0.0, ""hit3"": 0, ""hit1"": 0, ""first_relevant_rank"": null}, {""entry_id"": ""E033"", ""category"": ""ADR (Consequences)"", ""ndcg5"": 0.0, ""mrr5"": 0.0, ""hit3"": 0, ""hit1"": 0, ""first_relevant_rank"": null}, {""entry_id"": ""E034"", ""category"": ""ADR (Context)"", ""ndcg5"": 0.0, ""mrr5"": 0.0, ""hit3"": 0, ""hit1"": 0, ""first_relevant_rank"": null}, {""entry_id"": ""E035"", ""category"": ""ADR (Decision)"", ""ndcg5"": 0.0, ""mrr5"": 0.0, ""hit3"": 0, ""hit1"": 0, ""first_relevant_rank"": null}, {""entry_id"": ""E036"", ""category"": ""ADR (Consequences)"", ""ndcg5"": 0.0, ""mrr5"": 0.0, ""hit3"": 0, ""hit1"": 0, ""first_relevant_rank"": null}, {""entry_id"": ""E037"", ""category"": ""ADR (Context)"", ""ndcg5"": 0.0, ""mrr5"": 0.0, ""hit3"": 0, ""hit1"": 0, ""first_relevant_rank"": null}, {""entry_id"": ""E038"", ""category"": ""ADR (Decision)"", ""ndcg5"": 1.0, ""mrr5"": 1.0, ""hit3"": 1, ""hit1"": 1, ""first_relevant_rank"": 1}, {""entry_id"": ""E039"", ""category"": ""ADR (Consequences)"", ""ndcg5"": 0.0, ""mrr5"": 0.0, ""hit3"": 0, ""hit1"": 0, ""first_relevant_rank"": null}, {""entry_id"": ""E040"", ""category"": ""ADR (Context)"", ""ndcg5"": 0.5, ""mrr5"": 0.3333333333333333, ""hit3"": 1, ""hit1"": 0, ""first_relevant_rank"": 3}, {""entry_id"": ""E041"", ""category"": ""ADR (Decision)"", ""ndcg5"": 0.6309297535714575, ""mrr5"": 0.5, ""hit3"": 1, ""hit1"": 0, ""first_relevant_rank"": 2}, {""entry_id"": ""E042"", ""category"": ""ADR (Consequences)"", ""ndcg5"": 0.43067655807339306, ""mrr5"": 0.25, ""hit3"": 0, ""hit1"": 0, ""first_relevant_rank"": 4}, {""entry_id"": ""E043"", ""category"": ""ADR (Context)"", ""ndcg5"": 0.6309297535714575, ""mrr5"": 0.5, ""hit3"": 1, ""hit1"": 0, ""first_relevant_rank"": 2}, {""entry_id"": ""E044"", ""category"": ""ADR (Decision)"", ""ndcg5"": 1.0, ""mrr5"": 1.0, ""hit3"": 1, ""hit1"": 1, ""first_relevant_rank"": 1}, {""entry_id"": ""E045"", ""category"": ""ADR (Consequences)"", ""ndcg5"": 0.0, ""mrr5"": 0.0, ""hit3"": 0, ""hit1"": 0, ""first_relevant_rank"": null}, {""entry_id"": ""E046"", ""category"": ""ADR (Content)"", ""ndcg5"": 0.0, ""mrr5"": 0.0, ""hit3"": 0, ""hit1"": 0, ""first_relevant_rank"": null}, {""entry_id"": ""E047"", ""category"": ""ADR (Decision)"", ""ndcg5"": 0.6309297535714575, ""mrr5"": 0.5, ""hit3"": 1, ""hit1"": 0, ""first_relevant_rank"": 2}, {""entry_id"": ""E048"", ""category"": ""ADR (Consequences)"", ""ndcg5"": 1.0, ""mrr5"": 1.0, ""hit3"": 1, ""hit1"": 1, ""first_relevant_rank"": 1}, {""entry_id"": ""E049"", ""category"": ""ADR (Context)"", ""ndcg5"": 0.0, ""mrr5"": 0.0, ""hit3"": 0, ""hit1"": 0, ""first_relevant_rank"": null}, {""entry_id"": ""E050"", ""category"": ""ADR (Decision)"", ""ndcg5"": 0.0, ""mrr5"": 0.0, ""hit3"": 0, ""hit1"": 0, ""first_relevant_rank"": null}, {""entry_id"": ""E051"", ""category"": ""ADR (Consequences)"", ""ndcg5"": 0.43067655807339306, ""mrr5"": 0.25, ""hit3"": 0, ""hit1"": 0, ""first_relevant_rank"": 4}, {""entry_id"": ""E052"", ""category"": ""ADR (Context)"", ""ndcg5"": 0.0, ""mrr5"": 0.0, ""hit3"": 0, ""hit1"": 0, ""first_relevant_rank"": null}, {""entry_id"": ""E053"", ""category"": ""ADR (Decision)"", ""ndcg5"": 1.0, ""mrr5"": 1.0, ""hit3"": 1, ""hit1"": 1, ""first_relevant_rank"": 1}, {""entry_id"": ""E054"", ""category"": ""ADR (Consequences)"", ""ndcg5"": 0.0, ""mrr5"": 0.0, ""hit3"": 0, ""hit1"": 0, ""first_relevant_rank"": null}, {""entry_id"": ""E055"", ""category"": ""ADR (Context)"", ""ndcg5"": 0.0, ""mrr5"": 0.0, ""hit3"": 0, ""hit1"": 0, ""first_relevant_rank"": null}, {""entry_id"": ""E056"", ""category"": ""ADR (Decision)"", ""ndcg5"": 1.0, ""mrr5"": 1.0, ""hit3"": 1, ""hit1"": 1, ""first_relevant_rank"": 1}, {""entry_id"": ""E057"", ""category"": ""ADR (Content)"", ""ndcg5"": 0.0, ""mrr5"": 0.0, ""hit3"": 0, ""hit1"": 0, ""first_relevant_rank"": null}, {""entry_id"": ""E058"", ""category"": ""ADR (Context)"", ""ndcg5"": 0.0, ""mrr5"": 0.0, ""hit3"": 0, ""hit1"": 0, ""first_relevant_rank"": null}, {""entry_id"": ""E059"", ""category"": ""ADR (Decision)"", ""ndcg5"": 0.0, ""mrr5"": 0.0, ""hit3"": 0, ""hit1"": 0, ""first_relevant_rank"": null}, {""entry_id"": ""E060"", ""category"": ""ADR (Consequences)"", ""ndcg5"": 0.5, ""mrr5"": 0.3333333333333333, ""hit3"": 1, ""hit1"": 0, ""first_relevant_rank"": 3}, {""entry_id"": ""E061"", ""category"": ""ADR (Context)"", ""ndcg5"": 1.0, ""mrr5"": 1.0, ""hit3"": 1, ""hit1"": 1, ""first_relevant_rank"": 1}, {""entry_id"": ""E062"", ""category"": ""ADR (Decision)"", ""ndcg5"": 0.6309297535714575, ""mrr5"": 0.5, ""hit3"": 1, ""hit1"": 0, ""first_relevant_rank"": 2}, {""entry_id"": ""E063"", ""category"": ""ADR (Consequences)"", ""ndcg5"": 0.5, ""mrr5"": 0.3333333333333333, ""hit3"": 1, ""hit1"": 0, ""first_relevant_rank"": 3}, {""entry_id"": ""E064"", ""category"": ""ADR (Context)"", ""ndcg5"": 1.0, ""mrr5"": 1.0, ""hit3"": 1, ""hit1"": 1, ""first_relevant_rank"": 1}, {""entry_id"": ""E065"", ""category"": ""ADR (Decision)"", ""ndcg5"": 0.0, ""mrr5"": 0.0, ""hit3"": 0, ""hit1"": 0, ""first_relevant_rank"": null}, {""entry_id"": ""E066"", ""category"": ""ADR (Consequences)"", ""ndcg5"": 0.0, ""mrr5"": 0.0, ""hit3"": 0, ""hit1"": 0, ""first_relevant_rank"": null}, {""entry_id"": ""E067"", ""category"": ""ADR (Context)"", ""ndcg5"": 0.0, ""mrr5"": 0.0, ""hit3"": 0, ""hit1"": 0, ""first_relevant_rank"": null}, {""entry_id"": ""E068"", ""category"": ""ADR (Decision)"", ""ndcg5"": 0.0, ""mrr5"": 0.0, ""hit3"": 0, ""hit1"": 0, ""first_relevant_rank"": null}, {""entry_id"": ""E069"", ""category"": ""ADR (Consequences)"", ""ndcg5"": 0.0, ""mrr5"": 0.0, ""hit3"": 0, ""hit1"": 0, ""first_relevant_rank"": null}, {""entry_id"": ""E070"", ""category"": ""ADR (Context)"", ""ndcg5"": 0.0, ""mrr5"": 0.0, ""hit3"": 0, ""hit1"": 0, ""first_relevant_rank"": null}, {""entry_id"": ""E071"", ""category"": ""ADR (Decision)"", ""ndcg5"": 0.38685280723454163, ""mrr5"": 0.2, ""hit3"": 0, ""hit1"": 0, ""first_relevant_rank"": 5}, {""entry_id"": ""E072"", ""category"": ""ADR (Consequences)"", ""ndcg5"": 0.0, ""mrr5"": 0.0, ""hit3"": 0, ""hit1"": 0, ""first_relevant_rank"": null}, {""entry_id"": ""E073"", ""category"": ""ADR (Context)"", ""ndcg5"": 1.0, ""mrr5"": 1.0, ""hit3"": 1, ""hit1"": 1, ""first_relevant_rank"": 1}, {""entry_id"": ""E074"", ""category"": ""ADR (Decision)"", ""ndcg5"": 0.0, ""mrr5"": 0.0, ""hit3"": 0, ""hit1"": 0, ""first_relevant_rank"": null}, {""entry_id"": ""E075"", ""category"": ""ADR (Consequences)"", ""ndcg5"": 0.6309297535714575, ""mrr5"": 0.5, ""hit3"": 1, ""hit1"": 0, ""first_relevant_rank"": 2}, {""entry_id"": ""E076"", ""category"": ""Non-file (hermes transcript)"", ""ndcg5"": 1.0, ""mrr5"": 1.0, ""hit3"": 1, ""hit1"": 1, ""first_relevant_rank"": 1}, {""entry_id"": ""E077"", ""category"": ""Non-file (hermes transcript)"", ""ndcg5"": 1.0, ""mrr5"": 1.0, ""hit3"": 1, ""hit1"": 1, ""first_relevant_rank"": 1}, {""entry_id"": ""E078"", ""category"": ""Non-file (hermes transcript)"", ""ndcg5"": 1.0, ""mrr5"": 1.0, ""hit3"": 1, ""hit1"": 1, ""first_relevant_rank"": 1}, {""entry_id"": ""E079"", ""category"": ""Non-file (hermes transcript)"", ""ndcg5"": 1.0, ""mrr5"": 1.0, ""hit3"": 1, ""hit1"": 1, ""first_relevant_rank"": 1}, {""entry_id"": ""E080"", ""category"": ""Non-file (hermes transcript)"", ""ndcg5"": 0.0, ""mrr5"": 0.0, ""hit3"": 0, ""hit1"": 0, ""first_relevant_rank"": null}, {""entry_id"": ""E081"", ""category"": ""Non-file (hermes transcript)"", ""ndcg5"": 1.0, ""mrr5"": 1.0, ""hit3"": 1, ""hit1"": 1, ""first_relevant_rank"": 1}, {""entry_id"": ""E082"", ""category"": ""Non-file (hermes transcript)"", ""ndcg5"": 0.43067655807339306, ""mrr5"": 0.25, ""hit3"": 0, ""hit1"": 0, ""first_relevant_rank"": 4}, {""entry_id"": ""E083"", ""category"": ""Non-file (hermes transcript)"", ""ndcg5"": 1.0, ""mrr5"": 1.0, ""hit3"": 1, ""hit1"": 1, ""first_relevant_rank"": 1}, {""entry_id"": ""E084"", ""category"": ""Non-file (hermes transcript)"", ""ndcg5"": 0.0, ""mrr5"": 0.0, ""hit3"": 0, ""hit1"": 0, ""first_relevant_rank"": null}, {""entry_id"": ""E085"", ""category"": ""Non-file (hermes transcript)"", ""ndcg5"": 1.0, ""mrr5"": 1.0, ""hit3"": 1, ""hit1"": 1, ""first_relevant_rank"": 1}, {""entry_id"": ""E086"", ""category"": ""Non-file (hermes transcript)"", ""ndcg5"": 1.0, ""mrr5"": 1.0, ""hit3"": 1, ""hit1"": 1, ""first_relevant_rank"": 1}, {""entry_id"": ""E087"", ""category"": ""Non-file (hermes transcript)"", ""ndcg5"": 1.0, ""mrr5"": 1.0, ""hit3"": 1, ""hit1"": 1, ""first_relevant_rank"": 1}, {""entry_id"": ""E088"", ""category"": ""Non-file (hermes transcript)"", ""ndcg5"": 1.0, ""mrr5"": 1.0, ""hit3"": 1, ""hit1"": 1, ""first_relevant_rank"": 1}, {""entry_id"": ""E089"", ""category"": ""Non-file (hermes transcript)"", ""ndcg5"": 0.6309297535714575, ""mrr5"": 0.5, ""hit3"": 1, ""hit1"": 0, ""first_relevant_rank"": 2}, {""entry_id"": ""E090"", ""category"": ""Non-file (shared tier)"", ""ndcg5"": 1.0, ""mrr5"": 1.0, ""hit3"": 1, ""hit1"": 1, ""first_relevant_rank"": 1}, {""entry_id"": ""E091"", ""category"": ""Non-file (shared tier)"", ""ndcg5"": 1.0, ""mrr5"": 1.0, ""hit3"": 1, ""hit1"": 1, ""first_relevant_rank"": 1}, {""entry_id"": ""E092"", ""category"": ""Non-file (shared tier)"", ""ndcg5"": 1.0, ""mrr5"": 1.0, ""hit3"": 1, ""hit1"": 1, ""first_relevant_rank"": 1}, {""entry_id"": ""E093"", ""category"": ""Non-file (shared tier)"", ""ndcg5"": 1.0, ""mrr5"": 1.0, ""hit3"": 1, ""hit1"": 1, ""first_relevant_rank"": 1}, {""entry_id"": ""E094"", ""category"": ""Non-file (shared tier)"", ""ndcg5"": 1.0, ""mrr5"": 1.0, ""hit3"": 1, ""hit1"": 1, ""first_relevant_rank"": 1}, {""entry_id"": ""E095"", ""category"": ""Non-file (shared tier)"", ""ndcg5"": 1.0, ""mrr5"": 1.0, ""hit3"": 1, ""hit1"": 1, ""first_relevant_rank"": 1}, {""entry_id"": ""E096"", ""category"": ""Non-file (shared tier)"", ""ndcg5"": 1.0, ""mrr5"": 1.0, ""hit3"": 1, ""hit1"": 1, ""first_relevant_rank"": 1}, {""entry_id"": ""E097"", ""category"": ""Non-file (shared tier)"", ""ndcg5"": 1.0, ""mrr5"": 1.0, ""hit3"": 1, ""hit1"": 1, ""first_relevant_rank"": 1}, {""entry_id"": ""E098"", ""category"": ""Non-file (shared tier)"", ""ndcg5"": 1.0, ""mrr5"": 1.0, ""hit3"": 1, ""hit1"": 1, ""first_relevant_rank"": 1}, {""entry_id"": ""E099"", ""category"": ""Non-file (shared tier)"", ""ndcg5"": 1.0, ""mrr5"": 1.0, ""hit3"": 1, ""hit1"": 1, ""first_relevant_rank"": 1}, {""entry_id"": ""E100"", ""category"": ""Non-file (shared tier)"", ""ndcg5"": 1.0, ""mrr5"": 1.0, ""hit3"": 1, ""hit1"": 1, ""first_relevant_rank"": 1}]","{""ADR (Context)"": ""CategoryMetrics(category='ADR (Context)', count=24, mean_ndcg5=0.4538662191964322, mean_mrr5=0.4236111111111111, hit3_rate=0.5416666666666666, hit1_rate=0.3333333333333333)"", ""ADR (Decision)"": ""CategoryMetrics(category='ADR (Decision)', count=25, mean_ndcg5=0.3884127450408923, mean_mrr5=0.358, hit3_rate=0.4, hit1_rate=0.28)"", ""ADR (Consequences)"": ""CategoryMetrics(category='ADR (Consequences)', count=24, mean_ndcg5=0.2134671926370709, mean_mrr5=0.17361111111111113, hit3_rate=0.25, hit1_rate=0.08333333333333333)"", ""ADR (Content)"": ""CategoryMetrics(category='ADR (Content)', count=2, mean_ndcg5=0.0, mean_mrr5=0.0, hit3_rate=0.0, hit1_rate=0.0)"", ""Non-file (hermes transcript)"": ""CategoryMetrics(category='Non-file (hermes transcript)', count=14, mean_ndcg5=0.7901147365460607, mean_mrr5=0.7678571428571429, hit3_rate=0.7857142857142857, hit1_rate=0.7142857142857143)"", ""Non-file (shared tier)"": ""CategoryMetrics(category='Non-file (shared tier)', count=11, mean_ndcg5=1.0, mean_mrr5=1.0, hit3_rate=1.0, hit1_rate=1.0)""}"
consolidationThreshold=0.05,consolidationThreshold,0.05,memory,100,0.5801424733169761,0.5331666666666667,0.63,0.41,"[{""entry_id"": ""E001"", ""category"": ""ADR (Context)"", ""ndcg5"": 1.0, ""mrr5"": 1.0, ""hit3"": 1, ""hit1"": 1, ""first_relevant_rank"": 1}, {""entry_id"": ""E002"", ""category"": ""ADR (Decision)"", ""ndcg5"": 1.0, ""mrr5"": 1.0, ""hit3"": 1, ""hit1"": 1, ""first_relevant_rank"": 1}, {""entry_id"": ""E003"", ""category"": ""ADR (Consequences)"", ""ndcg5"": 0.0, ""mrr5"": 0.0, ""hit3"": 0, ""hit1"": 0, ""first_relevant_rank"": null}, {""entry_id"": ""E004"", ""category"": ""ADR (Context)"", ""ndcg5"": 0.6309297535714575, ""mrr5"": 0.5, ""hit3"": 1, ""hit1"": 0, ""first_relevant_rank"": 2}, {""entry_id"": ""E005"", ""category"": ""ADR (Decision)"", ""ndcg5"": 0.6309297535714575, ""mrr5"": 0.5, ""hit3"": 1, ""hit1"": 0, ""first_relevant_rank"": 2}, {""entry_id"": ""E006"", ""category"": ""ADR (Consequences)"", ""ndcg5"": 0.5, ""mrr5"": 0.3333333333333333, ""hit3"": 1, ""hit1"": 0, ""first_relevant_rank"": 3}, {""entry_id"": ""E007"", ""category"": ""ADR (Context)"", ""ndcg5"": 0.5, ""mrr5"": 0.3333333333333333, ""hit3"": 1, ""hit1"": 0, ""first_relevant_rank"": 3}, {""entry_id"": ""E008"", ""category"": ""ADR (Decision)"", ""ndcg5"": 0.0, ""mrr5"": 0.0, ""hit3"": 0, ""hit1"": 0, ""first_relevant_rank"": null}, {""entry_id"": ""E009"", ""category"": ""ADR (Consequences)"", ""ndcg5"": 0.6309297535714575, ""mrr5"": 0.5, ""hit3"": 1, ""hit1"": 0, ""first_relevant_rank"": 2}, {""entry_id"": ""E010"", ""category"": ""ADR (Context)"", ""ndcg5"": 1.0, ""mrr5"": 1.0, ""hit3"": 1, ""hit1"": 1, ""first_relevant_rank"": 1}, {""entry_id"": ""E011"", ""category"": ""ADR (Decision)"", ""ndcg5"": 0.0, ""mrr5"": 0.0, ""hit3"": 0, ""hit1"": 0, ""first_relevant_rank"": null}, {""entry_id"": ""E012"", ""category"": ""ADR (Consequences)"", ""ndcg5"": 1.0, ""mrr5"": 1.0, ""hit3"": 1, ""hit1"": 1, ""first_relevant_rank"": 1}, {""entry_id"": ""E013"", ""category"": ""ADR (Context)"", ""ndcg5"": 0.43067655807339306, ""mrr5"": 0.25, ""hit3"": 0, ""hit1"": 0, ""first_relevant_rank"": 4}, {""entry_id"": ""E014"", ""category"": ""ADR (Decision)"", ""ndcg5"": 1.0, ""mrr5"": 1.0, ""hit3"": 1, ""hit1"": 1, ""first_relevant_rank"": 1}, {""entry_id"": ""E015"", ""category"": ""ADR (Consequences)"", ""ndcg5"": 1.0, ""mrr5"": 1.0, ""hit3"": 1, ""hit1"": 1, ""first_relevant_rank"": 1}, {""entry_id"": ""E016"", ""category"": ""ADR (Context)"", ""ndcg5"": 0.0, ""mrr5"": 0.0, ""hit3"": 0, ""hit1"": 0, ""first_relevant_rank"": null}, {""entry_id"": ""E017"", ""category"": ""ADR (Decision)"", ""ndcg5"": 0.0, ""mrr5"": 0.0, ""hit3"": 0, ""hit1"": 0, ""first_relevant_rank"": null}, {""entry_id"": ""E018"", ""category"": ""ADR (Consequences)"", ""ndcg5"": 0.43067655807339306, ""mrr5"": 0.25, ""hit3"": 0, ""hit1"": 0, ""first_relevant_rank"": 4}, {""entry_id"": ""E019"", ""category"": ""ADR (Context)"", ""ndcg5"": 0.6309297535714575, ""mrr5"": 0.5, ""hit3"": 1, ""hit1"": 0, ""first_relevant_rank"": 2}, {""entry_id"": ""E020"", ""category"": ""ADR (Decision)"", ""ndcg5"": 0.0, ""mrr5"": 0.0, ""hit3"": 0, ""hit1"": 0, ""first_relevant_rank"": null}, {""entry_id"": ""E021"", ""category"": ""ADR (Consequences)"", ""ndcg5"": 0.0, ""mrr5"": 0.0, ""hit3"": 0, ""hit1"": 0, ""first_relevant_rank"": null}, {""entry_id"": ""E022"", ""category"": ""ADR (Context)"", ""ndcg5"": 0.0, ""mrr5"": 0.0, ""hit3"": 0, ""hit1"": 0, ""first_relevant_rank"": null}, {""entry_id"": ""E023"", ""category"": ""ADR (Decision)"", ""ndcg5"": 1.0, ""mrr5"": 1.0, ""hit3"": 1, ""hit1"": 1, ""first_relevant_rank"": 1}, {""entry_id"": ""E024"", ""category"": ""ADR (Consequences)"", ""ndcg5"": 0.0, ""mrr5"": 0.0, ""hit3"": 0, ""hit1"": 0, ""first_relevant_rank"": null}, {""entry_id"": ""E025"", ""category"": ""ADR (Context)"", ""ndcg5"": 0.6309297535714575, ""mrr5"": 0.5, ""hit3"": 1, ""hit1"": 0, ""first_relevant_rank"": 2}, {""entry_id"": ""E026"", ""category"": ""ADR (Decision)"", ""ndcg5"": 1.0, ""mrr5"": 1.0, ""hit3"": 1, ""hit1"": 1, ""first_relevant_rank"": 1}, {""entry_id"": ""E027"", ""category"": ""ADR (Consequences)"", ""ndcg5"": 0.0, ""mrr5"": 0.0, ""hit3"": 0, ""hit1"": 0, ""first_relevant_rank"": null}, {""entry_id"": ""E028"", ""category"": ""ADR (Context)"", ""ndcg5"": 1.0, ""mrr5"": 1.0, ""hit3"": 1, ""hit1"": 1, ""first_relevant_rank"": 1}, {""entry_id"": ""E029"", ""category"": ""ADR (Decision)"", ""ndcg5"": 0.43067655807339306, ""mrr5"": 0.25, ""hit3"": 0, ""hit1"": 0, ""first_relevant_rank"": 4}, {""entry_id"": ""E030"", ""category"": ""ADR (Consequences)"", ""ndcg5"": 0.0, ""mrr5"": 0.0, ""hit3"": 0, ""hit1"": 0, ""first_relevant_rank"": null}, {""entry_id"": ""E031"", ""category"": ""ADR (Context)"", ""ndcg5"": 0.0, ""mrr5"": 0.0, ""hit3"": 0, ""hit1"": 0, ""first_relevant_rank"": null}, {""entry_id"": ""E032"", ""category"": ""ADR (Decision)"", ""ndcg5"": 0.38685280723454163, ""mrr5"": 0.2, ""hit3"": 0, ""hit1"": 0, ""first_relevant_rank"": 5}, {""entry_id"": ""E033"", ""category"": ""ADR (Consequences)"", ""ndcg5"": 0.0, ""mrr5"": 0.0, ""hit3"": 0, ""hit1"": 0, ""first_relevant_rank"": null}, {""entry_id"": ""E034"", ""category"": ""ADR (Context)"", ""ndcg5"": 0.0, ""mrr5"": 0.0, ""hit3"": 0, ""hit1"": 0, ""first_relevant_rank"": null}, {""entry_id"": ""E035"", ""category"": ""ADR (Decision)"", ""ndcg5"": 0.0, ""mrr5"": 0.0, ""hit3"": 0, ""hit1"": 0, ""first_relevant_rank"": null}, {""entry_id"": ""E036"", ""category"": ""ADR (Consequences)"", ""ndcg5"": 0.0, ""mrr5"": 0.0, ""hit3"": 0, ""hit1"": 0, ""first_relevant_rank"": null}, {""entry_id"": ""E037"", ""category"": ""ADR (Context)"", ""ndcg5"": 0.0, ""mrr5"": 0.0, ""hit3"": 0, ""hit1"": 0, ""first_relevant_rank"": null}, {""entry_id"": ""E038"", ""category"": ""ADR (Decision)"", ""ndcg5"": 1.0, ""mrr5"": 1.0, ""hit3"": 1, ""hit1"": 1, ""first_relevant_rank"": 1}, {""entry_id"": ""E039"", ""category"": ""ADR (Consequences)"", ""ndcg5"": 0.6309297535714575, ""mrr5"": 0.5, ""hit3"": 1, ""hit1"": 0, ""first_relevant_rank"": 2}, {""entry_id"": ""E040"", ""category"": ""ADR (Context)"", ""ndcg5"": 0.43067655807339306, ""mrr5"": 0.25, ""hit3"": 0, ""hit1"": 0, ""first_relevant_rank"": 4}, {""entry_id"": ""E041"", ""category"": ""ADR (Decision)"", ""ndcg5"": 1.0, ""mrr5"": 1.0, ""hit3"": 1, ""hit1"": 1, ""first_relevant_rank"": 1}, {""entry_id"": ""E042"", ""category"": ""ADR (Consequences)"", ""ndcg5"": 0.0, ""mrr5"": 0.0, ""hit3"": 0, ""hit1"": 0, ""first_relevant_rank"": null}, {""entry_id"": ""E043"", ""category"": ""ADR (Context)"", ""ndcg5"": 0.43067655807339306, ""mrr5"": 0.25, ""hit3"": 0, ""hit1"": 0, ""first_relevant_rank"": 4}, {""entry_id"": ""E044"", ""category"": ""ADR (Decision)"", ""ndcg5"": 0.6309297535714575, ""mrr5"": 0.5, ""hit3"": 1, ""hit1"": 0, ""first_relevant_rank"": 2}, {""entry_id"": ""E045"", ""category"": ""ADR (Consequences)"", ""ndcg5"": 0.0, ""mrr5"": 0.0, ""hit3"": 0, ""hit1"": 0, ""first_relevant_rank"": null}, {""entry_id"": ""E046"", ""category"": ""ADR (Content)"", ""ndcg5"": 0.5, ""mrr5"": 0.3333333333333333, ""hit3"": 1, ""hit1"": 0, ""first_relevant_rank"": 3}, {""entry_id"": ""E047"", ""category"": ""ADR (Decision)"", ""ndcg5"": 1.0, ""mrr5"": 1.0, ""hit3"": 1, ""hit1"": 1, ""first_relevant_rank"": 1}, {""entry_id"": ""E048"", ""category"": ""ADR (Consequences)"", ""ndcg5"": 1.0, ""mrr5"": 1.0, ""hit3"": 1, ""hit1"": 1, ""first_relevant_rank"": 1}, {""entry_id"": ""E049"", ""category"": ""ADR (Context)"", ""ndcg5"": 0.6309297535714575, ""mrr5"": 0.5, ""hit3"": 1, ""hit1"": 0, ""first_relevant_rank"": 2}, {""entry_id"": ""E050"", ""category"": ""ADR (Decision)"", ""ndcg5"": 0.5, ""mrr5"": 0.3333333333333333, ""hit3"": 1, ""hit1"": 0, ""first_relevant_rank"": 3}, {""entry_id"": ""E051"", ""category"": ""ADR (Consequences)"", ""ndcg5"": 0.6309297535714575, ""mrr5"": 0.5, ""hit3"": 1, ""hit1"": 0, ""first_relevant_rank"": 2}, {""entry_id"": ""E052"", ""category"": ""ADR (Context)"", ""ndcg5"": 0.6309297535714575, ""mrr5"": 0.5, ""hit3"": 1, ""hit1"": 0, ""first_relevant_rank"": 2}, {""entry_id"": ""E053"", ""category"": ""ADR (Decision)"", ""ndcg5"": 1.0, ""mrr5"": 1.0, ""hit3"": 1, ""hit1"": 1, ""first_relevant_rank"": 1}, {""entry_id"": ""E054"", ""category"": ""ADR (Consequences)"", ""ndcg5"": 0.6309297535714575, ""mrr5"": 0.5, ""hit3"": 1, ""hit1"": 0, ""first_relevant_rank"": 2}, {""entry_id"": ""E055"", ""category"": ""ADR (Context)"", ""ndcg5"": 1.0, ""mrr5"": 1.0, ""hit3"": 1, ""hit1"": 1, ""first_relevant_rank"": 1}, {""entry_id"": ""E056"", ""category"": ""ADR (Decision)"", ""ndcg5"": 0.6309297535714575, ""mrr5"": 0.5, ""hit3"": 1, ""hit1"": 0, ""first_relevant_rank"": 2}, {""entry_id"": ""E057"", ""category"": ""ADR (Content)"", ""ndcg5"": 0.0, ""mrr5"": 0.0, ""hit3"": 0, ""hit1"": 0, ""first_relevant_rank"": null}, {""entry_id"": ""E058"", ""category"": ""ADR (Context)"", ""ndcg5"": 0.43067655807339306, ""mrr5"": 0.25, ""hit3"": 0, ""hit1"": 0, ""first_relevant_rank"": 4}, {""entry_id"": ""E059"", ""category"": ""ADR (Decision)"", ""ndcg5"": 0.6309297535714575, ""mrr5"": 0.5, ""hit3"": 1, ""hit1"": 0, ""first_relevant_rank"": 2}, {""entry_id"": ""E060"", ""category"": ""ADR (Consequences)"", ""ndcg5"": 0.5, ""mrr5"": 0.3333333333333333, ""hit3"": 1, ""hit1"": 0, ""first_relevant_rank"": 3}, {""entry_id"": ""E061"", ""category"": ""ADR (Context)"", ""ndcg5"": 1.0, ""mrr5"": 1.0, ""hit3"": 1, ""hit1"": 1, ""first_relevant_rank"": 1}, {""entry_id"": ""E062"", ""category"": ""ADR (Decision)"", ""ndcg5"": 0.0, ""mrr5"": 0.0, ""hit3"": 0, ""hit1"": 0, ""first_relevant_rank"": null}, {""entry_id"": ""E063"", ""category"": ""ADR (Consequences)"", ""ndcg5"": 0.38685280723454163, ""mrr5"": 0.2, ""hit3"": 0, ""hit1"": 0, ""first_relevant_rank"": 5}, {""entry_id"": ""E064"", ""category"": ""ADR (Context)"", ""ndcg5"": 0.6309297535714575, ""mrr5"": 0.5, ""hit3"": 1, ""hit1"": 0, ""first_relevant_rank"": 2}, {""entry_id"": ""E065"", ""category"": ""ADR (Decision)"", ""ndcg5"": 0.0, ""mrr5"": 0.0, ""hit3"": 0, ""hit1"": 0, ""first_relevant_rank"": null}, {""entry_id"": ""E066"", ""category"": ""ADR (Consequences)"", ""ndcg5"": 0.0, ""mrr5"": 0.0, ""hit3"": 0, ""hit1"": 0, ""first_relevant_rank"": null}, {""entry_id"": ""E067"", ""category"": ""ADR (Context)"", ""ndcg5"": 1.0, ""mrr5"": 1.0, ""hit3"": 1, ""hit1"": 1, ""first_relevant_rank"": 1}, {""entry_id"": ""E068"", ""category"": ""ADR (Decision)"", ""ndcg5"": 0.6309297535714575, ""mrr5"": 0.5, ""hit3"": 1, ""hit1"": 0, ""first_relevant_rank"": 2}, {""entry_id"": ""E069"", ""category"": ""ADR (Consequences)"", ""ndcg5"": 0.0, ""mrr5"": 0.0, ""hit3"": 0, ""hit1"": 0, ""first_relevant_rank"": null}, {""entry_id"": ""E070"", ""category"": ""ADR (Context)"", ""ndcg5"": 1.0, ""mrr5"": 1.0, ""hit3"": 1, ""hit1"": 1, ""first_relevant_rank"": 1}, {""entry_id"": ""E071"", ""category"": ""ADR (Decision)"", ""ndcg5"": 0.0, ""mrr5"": 0.0, ""hit3"": 0, ""hit1"": 0, ""first_relevant_rank"": null}, {""entry_id"": ""E072"", ""category"": ""ADR (Consequences)"", ""ndcg5"": 0.0, ""mrr5"": 0.0, ""hit3"": 0, ""hit1"": 0, ""first_relevant_rank"": null}, {""entry_id"": ""E073"", ""category"": ""ADR (Context)"", ""ndcg5"": 0.6309297535714575, ""mrr5"": 0.5, ""hit3"": 1, ""hit1"": 0, ""first_relevant_rank"": 2}, {""entry_id"": ""E074"", ""category"": ""ADR (Decision)"", ""ndcg5"": 1.0, ""mrr5"": 1.0, ""hit3"": 1, ""hit1"": 1, ""first_relevant_rank"": 1}, {""entry_id"": ""E075"", ""category"": ""ADR (Consequences)"", ""ndcg5"": 1.0, ""mrr5"": 1.0, ""hit3"": 1, ""hit1"": 1, ""first_relevant_rank"": 1}, {""entry_id"": ""E076"", ""category"": ""Non-file (hermes transcript)"", ""ndcg5"": 1.0, ""mrr5"": 1.0, ""hit3"": 1, ""hit1"": 1, ""first_relevant_rank"": 1}, {""entry_id"": ""E077"", ""category"": ""Non-file (hermes transcript)"", ""ndcg5"": 1.0, ""mrr5"": 1.0, ""hit3"": 1, ""hit1"": 1, ""first_relevant_rank"": 1}, {""entry_id"": ""E078"", ""category"": ""Non-file (hermes transcript)"", ""ndcg5"": 1.0, ""mrr5"": 1.0, ""hit3"": 1, ""hit1"": 1, ""first_relevant_rank"": 1}, {""entry_id"": ""E079"", ""category"": ""Non-file (hermes transcript)"", ""ndcg5"": 1.0, ""mrr5"": 1.0, ""hit3"": 1, ""hit1"": 1, ""first_relevant_rank"": 1}, {""entry_id"": ""E080"", ""category"": ""Non-file (hermes transcript)"", ""ndcg5"": 0.0, ""mrr5"": 0.0, ""hit3"": 0, ""hit1"": 0, ""first_relevant_rank"": null}, {""entry_id"": ""E081"", ""category"": ""Non-file (hermes transcript)"", ""ndcg5"": 1.0, ""mrr5"": 1.0, ""hit3"": 1, ""hit1"": 1, ""first_relevant_rank"": 1}, {""entry_id"": ""E082"", ""category"": ""Non-file (hermes transcript)"", ""ndcg5"": 0.43067655807339306, ""mrr5"": 0.25, ""hit3"": 0, ""hit1"": 0, ""first_relevant_rank"": 4}, {""entry_id"": ""E083"", ""category"": ""Non-file (hermes transcript)"", ""ndcg5"": 1.0, ""mrr5"": 1.0, ""hit3"": 1, ""hit1"": 1, ""first_relevant_rank"": 1}, {""entry_id"": ""E084"", ""category"": ""Non-file (hermes transcript)"", ""ndcg5"": 0.0, ""mrr5"": 0.0, ""hit3"": 0, ""hit1"": 0, ""first_relevant_rank"": null}, {""entry_id"": ""E085"", ""category"": ""Non-file (hermes transcript)"", ""ndcg5"": 1.0, ""mrr5"": 1.0, ""hit3"": 1, ""hit1"": 1, ""first_relevant_rank"": 1}, {""entry_id"": ""E086"", ""category"": ""Non-file (hermes transcript)"", ""ndcg5"": 1.0, ""mrr5"": 1.0, ""hit3"": 1, ""hit1"": 1, ""first_relevant_rank"": 1}, {""entry_id"": ""E087"", ""category"": ""Non-file (hermes transcript)"", ""ndcg5"": 1.0, ""mrr5"": 1.0, ""hit3"": 1, ""hit1"": 1, ""first_relevant_rank"": 1}, {""entry_id"": ""E088"", ""category"": ""Non-file (hermes transcript)"", ""ndcg5"": 1.0, ""mrr5"": 1.0, ""hit3"": 1, ""hit1"": 1, ""first_relevant_rank"": 1}, {""entry_id"": ""E089"", ""category"": ""Non-file (hermes transcript)"", ""ndcg5"": 0.6309297535714575, ""mrr5"": 0.5, ""hit3"": 1, ""hit1"": 0, ""first_relevant_rank"": 2}, {""entry_id"": ""E090"", ""category"": ""Non-file (shared tier)"", ""ndcg5"": 1.0, ""mrr5"": 1.0, ""hit3"": 1, ""hit1"": 1, ""first_relevant_rank"": 1}, {""entry_id"": ""E091"", ""category"": ""Non-file (shared tier)"", ""ndcg5"": 1.0, ""mrr5"": 1.0, ""hit3"": 1, ""hit1"": 1, ""first_relevant_rank"": 1}, {""entry_id"": ""E092"", ""category"": ""Non-file (shared tier)"", ""ndcg5"": 1.0, ""mrr5"": 1.0, ""hit3"": 1, ""hit1"": 1, ""first_relevant_rank"": 1}, {""entry_id"": ""E093"", ""category"": ""Non-file (shared tier)"", ""ndcg5"": 1.0, ""mrr5"": 1.0, ""hit3"": 1, ""hit1"": 1, ""first_relevant_rank"": 1}, {""entry_id"": ""E094"", ""category"": ""Non-file (shared tier)"", ""ndcg5"": 1.0, ""mrr5"": 1.0, ""hit3"": 1, ""hit1"": 1, ""first_relevant_rank"": 1}, {""entry_id"": ""E095"", ""category"": ""Non-file (shared tier)"", ""ndcg5"": 1.0, ""mrr5"": 1.0, ""hit3"": 1, ""hit1"": 1, ""first_relevant_rank"": 1}, {""entry_id"": ""E096"", ""category"": ""Non-file (shared tier)"", ""ndcg5"": 1.0, ""mrr5"": 1.0, ""hit3"": 1, ""hit1"": 1, ""first_relevant_rank"": 1}, {""entry_id"": ""E097"", ""category"": ""Non-file (shared tier)"", ""ndcg5"": 1.0, ""mrr5"": 1.0, ""hit3"": 1, ""hit1"": 1, ""first_relevant_rank"": 1}, {""entry_id"": ""E098"", ""category"": ""Non-file (shared tier)"", ""ndcg5"": 1.0, ""mrr5"": 1.0, ""hit3"": 1, ""hit1"": 1, ""first_relevant_rank"": 1}, {""entry_id"": ""E099"", ""category"": ""Non-file (shared tier)"", ""ndcg5"": 1.0, ""mrr5"": 1.0, ""hit3"": 1, ""hit1"": 1, ""first_relevant_rank"": 1}, {""entry_id"": ""E100"", ""category"": ""Non-file (shared tier)"", ""ndcg5"": 1.0, ""mrr5"": 1.0, ""hit3"": 1, ""hit1"": 1, ""first_relevant_rank"": 1}]","{""ADR (Context)"": ""CategoryMetrics(category='ADR (Context)', count=24, mean_ndcg5=0.568300604470574, mean_mrr5=0.4930555555555556, hit3_rate=0.625, hit1_rate=0.2916666666666667)"", ""ADR (Decision)"": ""CategoryMetrics(category='ADR (Decision)', count=25, mean_ndcg5=0.5388871253266089, mean_mrr5=0.49133333333333334, hit3_rate=0.6, hit1_rate=0.36)"", ""ADR (Consequences)"": ""CategoryMetrics(category='ADR (Consequences)', count=24, mean_ndcg5=0.3475520158164069, mean_mrr5=0.2965277777777778, hit3_rate=0.4166666666666667, hit1_rate=0.16666666666666666)"", ""ADR (Content)"": ""CategoryMetrics(category='ADR (Content)', count=2, mean_ndcg5=0.25, mean_mrr5=0.16666666666666666, hit3_rate=0.5, hit1_rate=0.0)"", ""Non-file (hermes transcript)"": ""CategoryMetrics(category='Non-file (hermes transcript)', count=14, mean_ndcg5=0.7901147365460607, mean_mrr5=0.7678571428571429, hit3_rate=0.7857142857142857, hit1_rate=0.7142857142857143)"", ""Non-file (shared tier)"": ""CategoryMetrics(category='Non-file (shared tier)', count=11, mean_ndcg5=1.0, mean_mrr5=1.0, hit3_rate=1.0, hit1_rate=1.0)""}"
consolidationThreshold=0.1,consolidationThreshold,0.1,memory,100,0.6105391530585856,0.5676666666666667,0.65,0.47,"[{""entry_id"": ""E001"", ""category"": ""ADR (Context)"", ""ndcg5"": 1.0, ""mrr5"": 1.0, ""hit3"": 1, ""hit1"": 1, ""first_relevant_rank"": 1}, {""entry_id"": ""E002"", ""category"": ""ADR (Decision)"", ""ndcg5"": 1.0, ""mrr5"": 1.0, ""hit3"": 1, ""hit1"": 1, ""first_relevant_rank"": 1}, {""entry_id"": ""E003"", ""category"": ""ADR (Consequences)"", ""ndcg5"": 0.0, ""mrr5"": 0.0, ""hit3"": 0, ""hit1"": 0, ""first_relevant_rank"": null}, {""entry_id"": ""E004"", ""category"": ""ADR (Context)"", ""ndcg5"": 0.38685280723454163, ""mrr5"": 0.2, ""hit3"": 0, ""hit1"": 0, ""first_relevant_rank"": 5}, {""entry_id"": ""E005"", ""category"": ""ADR (Decision)"", ""ndcg5"": 0.38685280723454163, ""mrr5"": 0.2, ""hit3"": 0, ""hit1"": 0, ""first_relevant_rank"": 5}, {""entry_id"": ""E006"", ""category"": ""ADR (Consequences)"", ""ndcg5"": 1.0, ""mrr5"": 1.0, ""hit3"": 1, ""hit1"": 1, ""first_relevant_rank"": 1}, {""entry_id"": ""E007"", ""category"": ""ADR (Context)"", ""ndcg5"": 0.5, ""mrr5"": 0.3333333333333333, ""hit3"": 1, ""hit1"": 0, ""first_relevant_rank"": 3}, {""entry_id"": ""E008"", ""category"": ""ADR (Decision)"", ""ndcg5"": 0.0, ""mrr5"": 0.0, ""hit3"": 0, ""hit1"": 0, ""first_relevant_rank"": null}, {""entry_id"": ""E009"", ""category"": ""ADR (Consequences)"", ""ndcg5"": 0.6309297535714575, ""mrr5"": 0.5, ""hit3"": 1, ""hit1"": 0, ""first_relevant_rank"": 2}, {""entry_id"": ""E010"", ""category"": ""ADR (Context)"", ""ndcg5"": 0.6309297535714575, ""mrr5"": 0.5, ""hit3"": 1, ""hit1"": 0, ""first_relevant_rank"": 2}, {""entry_id"": ""E011"", ""category"": ""ADR (Decision)"", ""ndcg5"": 0.5, ""mrr5"": 0.3333333333333333, ""hit3"": 1, ""hit1"": 0, ""first_relevant_rank"": 3}, {""entry_id"": ""E012"", ""category"": ""ADR (Consequences)"", ""ndcg5"": 1.0, ""mrr5"": 1.0, ""hit3"": 1, ""hit1"": 1, ""first_relevant_rank"": 1}, {""entry_id"": ""E013"", ""category"": ""ADR (Context)"", ""ndcg5"": 0.43067655807339306, ""mrr5"": 0.25, ""hit3"": 0, ""hit1"": 0, ""first_relevant_rank"": 4}, {""entry_id"": ""E014"", ""category"": ""ADR (Decision)"", ""ndcg5"": 1.0, ""mrr5"": 1.0, ""hit3"": 1, ""hit1"": 1, ""first_relevant_rank"": 1}, {""entry_id"": ""E015"", ""category"": ""ADR (Consequences)"", ""ndcg5"": 1.0, ""mrr5"": 1.0, ""hit3"": 1, ""hit1"": 1, ""first_relevant_rank"": 1}, {""entry_id"": ""E016"", ""category"": ""ADR (Context)"", ""ndcg5"": 0.43067655807339306, ""mrr5"": 0.25, ""hit3"": 0, ""hit1"": 0, ""first_relevant_rank"": 4}, {""entry_id"": ""E017"", ""category"": ""ADR (Decision)"", ""ndcg5"": 0.0, ""mrr5"": 0.0, ""hit3"": 0, ""hit1"": 0, ""first_relevant_rank"": null}, {""entry_id"": ""E018"", ""category"": ""ADR (Consequences)"", ""ndcg5"": 0.6309297535714575, ""mrr5"": 0.5, ""hit3"": 1, ""hit1"": 0, ""first_relevant_rank"": 2}, {""entry_id"": ""E019"", ""category"": ""ADR (Context)"", ""ndcg5"": 0.6309297535714575, ""mrr5"": 0.5, ""hit3"": 1, ""hit1"": 0, ""first_relevant_rank"": 2}, {""entry_id"": ""E020"", ""category"": ""ADR (Decision)"", ""ndcg5"": 0.0, ""mrr5"": 0.0, ""hit3"": 0, ""hit1"": 0, ""first_relevant_rank"": null}, {""entry_id"": ""E021"", ""category"": ""ADR (Consequences)"", ""ndcg5"": 0.0, ""mrr5"": 0.0, ""hit3"": 0, ""hit1"": 0, ""first_relevant_rank"": null}, {""entry_id"": ""E022"", ""category"": ""ADR (Context)"", ""ndcg5"": 0.0, ""mrr5"": 0.0, ""hit3"": 0, ""hit1"": 0, ""first_relevant_rank"": null}, {""entry_id"": ""E023"", ""category"": ""ADR (Decision)"", ""ndcg5"": 1.0, ""mrr5"": 1.0, ""hit3"": 1, ""hit1"": 1, ""first_relevant_rank"": 1}, {""entry_id"": ""E024"", ""category"": ""ADR (Consequences)"", ""ndcg5"": 0.0, ""mrr5"": 0.0, ""hit3"": 0, ""hit1"": 0, ""first_relevant_rank"": null}, {""entry_id"": ""E025"", ""category"": ""ADR (Context)"", ""ndcg5"": 0.43067655807339306, ""mrr5"": 0.25, ""hit3"": 0, ""hit1"": 0, ""first_relevant_rank"": 4}, {""entry_id"": ""E026"", ""category"": ""ADR (Decision)"", ""ndcg5"": 1.0, ""mrr5"": 1.0, ""hit3"": 1, ""hit1"": 1, ""first_relevant_rank"": 1}, {""entry_id"": ""E027"", ""category"": ""ADR (Consequences)"", ""ndcg5"": 0.0, ""mrr5"": 0.0, ""hit3"": 0, ""hit1"": 0, ""first_relevant_rank"": null}, {""entry_id"": ""E028"", ""category"": ""ADR (Context)"", ""ndcg5"": 1.0, ""mrr5"": 1.0, ""hit3"": 1, ""hit1"": 1, ""first_relevant_rank"": 1}, {""entry_id"": ""E029"", ""category"": ""ADR (Decision)"", ""ndcg5"": 0.0, ""mrr5"": 0.0, ""hit3"": 0, ""hit1"": 0, ""first_relevant_rank"": null}, {""entry_id"": ""E030"", ""category"": ""ADR (Consequences)"", ""ndcg5"": 0.0, ""mrr5"": 0.0, ""hit3"": 0, ""hit1"": 0, ""first_relevant_rank"": null}, {""entry_id"": ""E031"", ""category"": ""ADR (Context)"", ""ndcg5"": 0.6309297535714575, ""mrr5"": 0.5, ""hit3"": 1, ""hit1"": 0, ""first_relevant_rank"": 2}, {""entry_id"": ""E032"", ""category"": ""ADR (Decision)"", ""ndcg5"": 0.38685280723454163, ""mrr5"": 0.2, ""hit3"": 0, ""hit1"": 0, ""first_relevant_rank"": 5}, {""entry_id"": ""E033"", ""category"": ""ADR (Consequences)"", ""ndcg5"": 0.0, ""mrr5"": 0.0, ""hit3"": 0, ""hit1"": 0, ""first_relevant_rank"": null}, {""entry_id"": ""E034"", ""category"": ""ADR (Context)"", ""ndcg5"": 0.0, ""mrr5"": 0.0, ""hit3"": 0, ""hit1"": 0, ""first_relevant_rank"": null}, {""entry_id"": ""E035"", ""category"": ""ADR (Decision)"", ""ndcg5"": 0.0, ""mrr5"": 0.0, ""hit3"": 0, ""hit1"": 0, ""first_relevant_rank"": null}, {""entry_id"": ""E036"", ""category"": ""ADR (Consequences)"", ""ndcg5"": 0.0, ""mrr5"": 0.0, ""hit3"": 0, ""hit1"": 0, ""first_relevant_rank"": null}, {""entry_id"": ""E037"", ""category"": ""ADR (Context)"", ""ndcg5"": 0.6309297535714575, ""mrr5"": 0.5, ""hit3"": 1, ""hit1"": 0, ""first_relevant_rank"": 2}, {""entry_id"": ""E038"", ""category"": ""ADR (Decision)"", ""ndcg5"": 1.0, ""mrr5"": 1.0, ""hit3"": 1, ""hit1"": 1, ""first_relevant_rank"": 1}, {""entry_id"": ""E039"", ""category"": ""ADR (Consequences)"", ""ndcg5"": 0.6309297535714575, ""mrr5"": 0.5, ""hit3"": 1, ""hit1"": 0, ""first_relevant_rank"": 2}, {""entry_id"": ""E040"", ""category"": ""ADR (Context)"", ""ndcg5"": 0.43067655807339306, ""mrr5"": 0.25, ""hit3"": 0, ""hit1"": 0, ""first_relevant_rank"": 4}, {""entry_id"": ""E041"", ""category"": ""ADR (Decision)"", ""ndcg5"": 1.0, ""mrr5"": 1.0, ""hit3"": 1, ""hit1"": 1, ""first_relevant_rank"": 1}, {""entry_id"": ""E042"", ""category"": ""ADR (Consequences)"", ""ndcg5"": 1.0, ""mrr5"": 1.0, ""hit3"": 1, ""hit1"": 1, ""first_relevant_rank"": 1}, {""entry_id"": ""E043"", ""category"": ""ADR (Context)"", ""ndcg5"": 0.0, ""mrr5"": 0.0, ""hit3"": 0, ""hit1"": 0, ""first_relevant_rank"": null}, {""entry_id"": ""E044"", ""category"": ""ADR (Decision)"", ""ndcg5"": 0.6309297535714575, ""mrr5"": 0.5, ""hit3"": 1, ""hit1"": 0, ""first_relevant_rank"": 2}, {""entry_id"": ""E045"", ""category"": ""ADR (Consequences)"", ""ndcg5"": 0.0, ""mrr5"": 0.0, ""hit3"": 0, ""hit1"": 0, ""first_relevant_rank"": null}, {""entry_id"": ""E046"", ""category"": ""ADR (Content)"", ""ndcg5"": 1.0, ""mrr5"": 1.0, ""hit3"": 1, ""hit1"": 1, ""first_relevant_rank"": 1}, {""entry_id"": ""E047"", ""category"": ""ADR (Decision)"", ""ndcg5"": 1.0, ""mrr5"": 1.0, ""hit3"": 1, ""hit1"": 1, ""first_relevant_rank"": 1}, {""entry_id"": ""E048"", ""category"": ""ADR (Consequences)"", ""ndcg5"": 1.0, ""mrr5"": 1.0, ""hit3"": 1, ""hit1"": 1, ""first_relevant_rank"": 1}, {""entry_id"": ""E049"", ""category"": ""ADR (Context)"", ""ndcg5"": 1.0, ""mrr5"": 1.0, ""hit3"": 1, ""hit1"": 1, ""first_relevant_rank"": 1}, {""entry_id"": ""E050"", ""category"": ""ADR (Decision)"", ""ndcg5"": 0.5, ""mrr5"": 0.3333333333333333, ""hit3"": 1, ""hit1"": 0, ""first_relevant_rank"": 3}, {""entry_id"": ""E051"", ""category"": ""ADR (Consequences)"", ""ndcg5"": 1.0, ""mrr5"": 1.0, ""hit3"": 1, ""hit1"": 1, ""first_relevant_rank"": 1}, {""entry_id"": ""E052"", ""category"": ""ADR (Context)"", ""ndcg5"": 1.0, ""mrr5"": 1.0, ""hit3"": 1, ""hit1"": 1, ""first_relevant_rank"": 1}, {""entry_id"": ""E053"", ""category"": ""ADR (Decision)"", ""ndcg5"": 1.0, ""mrr5"": 1.0, ""hit3"": 1, ""hit1"": 1, ""first_relevant_rank"": 1}, {""entry_id"": ""E054"", ""category"": ""ADR (Consequences)"", ""ndcg5"": 1.0, ""mrr5"": 1.0, ""hit3"": 1, ""hit1"": 1, ""first_relevant_rank"": 1}, {""entry_id"": ""E055"", ""category"": ""ADR (Context)"", ""ndcg5"": 1.0, ""mrr5"": 1.0, ""hit3"": 1, ""hit1"": 1, ""first_relevant_rank"": 1}, {""entry_id"": ""E056"", ""category"": ""ADR (Decision)"", ""ndcg5"": 0.5, ""mrr5"": 0.3333333333333333, ""hit3"": 1, ""hit1"": 0, ""first_relevant_rank"": 3}, {""entry_id"": ""E057"", ""category"": ""ADR (Content)"", ""ndcg5"": 0.0, ""mrr5"": 0.0, ""hit3"": 0, ""hit1"": 0, ""first_relevant_rank"": null}, {""entry_id"": ""E058"", ""category"": ""ADR (Context)"", ""ndcg5"": 1.0, ""mrr5"": 1.0, ""hit3"": 1, ""hit1"": 1, ""first_relevant_rank"": 1}, {""entry_id"": ""E059"", ""category"": ""ADR (Decision)"", ""ndcg5"": 0.5, ""mrr5"": 0.3333333333333333, ""hit3"": 1, ""hit1"": 0, ""first_relevant_rank"": 3}, {""entry_id"": ""E060"", ""category"": ""ADR (Consequences)"", ""ndcg5"": 0.43067655807339306, ""mrr5"": 0.25, ""hit3"": 0, ""hit1"": 0, ""first_relevant_rank"": 4}, {""entry_id"": ""E061"", ""category"": ""ADR (Context)"", ""ndcg5"": 1.0, ""mrr5"": 1.0, ""hit3"": 1, ""hit1"": 1, ""first_relevant_rank"": 1}, {""entry_id"": ""E062"", ""category"": ""ADR (Decision)"", ""ndcg5"": 0.0, ""mrr5"": 0.0, ""hit3"": 0, ""hit1"": 0, ""first_relevant_rank"": null}, {""entry_id"": ""E063"", ""category"": ""ADR (Consequences)"", ""ndcg5"": 0.0, ""mrr5"": 0.0, ""hit3"": 0, ""hit1"": 0, ""first_relevant_rank"": null}, {""entry_id"": ""E064"", ""category"": ""ADR (Context)"", ""ndcg5"": 0.5, ""mrr5"": 0.3333333333333333, ""hit3"": 1, ""hit1"": 0, ""first_relevant_rank"": 3}, {""entry_id"": ""E065"", ""category"": ""ADR (Decision)"", ""ndcg5"": 0.0, ""mrr5"": 0.0, ""hit3"": 0, ""hit1"": 0, ""first_relevant_rank"": null}, {""entry_id"": ""E066"", ""category"": ""ADR (Consequences)"", ""ndcg5"": 0.0, ""mrr5"": 0.0, ""hit3"": 0, ""hit1"": 0, ""first_relevant_rank"": null}, {""entry_id"": ""E067"", ""category"": ""ADR (Context)"", ""ndcg5"": 1.0, ""mrr5"": 1.0, ""hit3"": 1, ""hit1"": 1, ""first_relevant_rank"": 1}, {""entry_id"": ""E068"", ""category"": ""ADR (Decision)"", ""ndcg5"": 0.5, ""mrr5"": 0.3333333333333333, ""hit3"": 1, ""hit1"": 0, ""first_relevant_rank"": 3}, {""entry_id"": ""E069"", ""category"": ""ADR (Consequences)"", ""ndcg5"": 0.0, ""mrr5"": 0.0, ""hit3"": 0, ""hit1"": 0, ""first_relevant_rank"": null}, {""entry_id"": ""E070"", ""category"": ""ADR (Context)"", ""ndcg5"": 1.0, ""mrr5"": 1.0, ""hit3"": 1, ""hit1"": 1, ""first_relevant_rank"": 1}, {""entry_id"": ""E071"", ""category"": ""ADR (Decision)"", ""ndcg5"": 0.0, ""mrr5"": 0.0, ""hit3"": 0, ""hit1"": 0, ""first_relevant_rank"": null}, {""entry_id"": ""E072"", ""category"": ""ADR (Consequences)"", ""ndcg5"": 0.0, ""mrr5"": 0.0, ""hit3"": 0, ""hit1"": 0, ""first_relevant_rank"": null}, {""entry_id"": ""E073"", ""category"": ""ADR (Context)"", ""ndcg5"": 0.5, ""mrr5"": 0.3333333333333333, ""hit3"": 1, ""hit1"": 0, ""first_relevant_rank"": 3}, {""entry_id"": ""E074"", ""category"": ""ADR (Decision)"", ""ndcg5"": 0.6309297535714575, ""mrr5"": 0.5, ""hit3"": 1, ""hit1"": 0, ""first_relevant_rank"": 2}, {""entry_id"": ""E075"", ""category"": ""ADR (Consequences)"", ""ndcg5"": 1.0, ""mrr5"": 1.0, ""hit3"": 1, ""hit1"": 1, ""first_relevant_rank"": 1}, {""entry_id"": ""E076"", ""category"": ""Non-file (hermes transcript)"", ""ndcg5"": 1.0, ""mrr5"": 1.0, ""hit3"": 1, ""hit1"": 1, ""first_relevant_rank"": 1}, {""entry_id"": ""E077"", ""category"": ""Non-file (hermes transcript)"", ""ndcg5"": 1.0, ""mrr5"": 1.0, ""hit3"": 1, ""hit1"": 1, ""first_relevant_rank"": 1}, {""entry_id"": ""E078"", ""category"": ""Non-file (hermes transcript)"", ""ndcg5"": 1.0, ""mrr5"": 1.0, ""hit3"": 1, ""hit1"": 1, ""first_relevant_rank"": 1}, {""entry_id"": ""E079"", ""category"": ""Non-file (hermes transcript)"", ""ndcg5"": 1.0, ""mrr5"": 1.0, ""hit3"": 1, ""hit1"": 1, ""first_relevant_rank"": 1}, {""entry_id"": ""E080"", ""category"": ""Non-file (hermes transcript)"", ""ndcg5"": 0.0, ""mrr5"": 0.0, ""hit3"": 0, ""hit1"": 0, ""first_relevant_rank"": null}, {""entry_id"": ""E081"", ""category"": ""Non-file (hermes transcript)"", ""ndcg5"": 1.0, ""mrr5"": 1.0, ""hit3"": 1, ""hit1"": 1, ""first_relevant_rank"": 1}, {""entry_id"": ""E082"", ""category"": ""Non-file (hermes transcript)"", ""ndcg5"": 0.43067655807339306, ""mrr5"": 0.25, ""hit3"": 0, ""hit1"": 0, ""first_relevant_rank"": 4}, {""entry_id"": ""E083"", ""category"": ""Non-file (hermes transcript)"", ""ndcg5"": 1.0, ""mrr5"": 1.0, ""hit3"": 1, ""hit1"": 1, ""first_relevant_rank"": 1}, {""entry_id"": ""E084"", ""category"": ""Non-file (hermes transcript)"", ""ndcg5"": 0.0, ""mrr5"": 0.0, ""hit3"": 0, ""hit1"": 0, ""first_relevant_rank"": null}, {""entry_id"": ""E085"", ""category"": ""Non-file (hermes transcript)"", ""ndcg5"": 1.0, ""mrr5"": 1.0, ""hit3"": 1, ""hit1"": 1, ""first_relevant_rank"": 1}, {""entry_id"": ""E086"", ""category"": ""Non-file (hermes transcript)"", ""ndcg5"": 1.0, ""mrr5"": 1.0, ""hit3"": 1, ""hit1"": 1, ""first_relevant_rank"": 1}, {""entry_id"": ""E087"", ""category"": ""Non-file (hermes transcript)"", ""ndcg5"": 1.0, ""mrr5"": 1.0, ""hit3"": 1, ""hit1"": 1, ""first_relevant_rank"": 1}, {""entry_id"": ""E088"", ""category"": ""Non-file (hermes transcript)"", ""ndcg5"": 1.0, ""mrr5"": 1.0, ""hit3"": 1, ""hit1"": 1, ""first_relevant_rank"": 1}, {""entry_id"": ""E089"", ""category"": ""Non-file (hermes transcript)"", ""ndcg5"": 0.6309297535714575, ""mrr5"": 0.5, ""hit3"": 1, ""hit1"": 0, ""first_relevant_rank"": 2}, {""entry_id"": ""E090"", ""category"": ""Non-file (shared tier)"", ""ndcg5"": 1.0, ""mrr5"": 1.0, ""hit3"": 1, ""hit1"": 1, ""first_relevant_rank"": 1}, {""entry_id"": ""E091"", ""category"": ""Non-file (shared tier)"", ""ndcg5"": 1.0, ""mrr5"": 1.0, ""hit3"": 1, ""hit1"": 1, ""first_relevant_rank"": 1}, {""entry_id"": ""E092"", ""category"": ""Non-file (shared tier)"", ""ndcg5"": 1.0, ""mrr5"": 1.0, ""hit3"": 1, ""hit1"": 1, ""first_relevant_rank"": 1}, {""entry_id"": ""E093"", ""category"": ""Non-file (shared tier)"", ""ndcg5"": 1.0, ""mrr5"": 1.0, ""hit3"": 1, ""hit1"": 1, ""first_relevant_rank"": 1}, {""entry_id"": ""E094"", ""category"": ""Non-file (shared tier)"", ""ndcg5"": 1.0, ""mrr5"": 1.0, ""hit3"": 1, ""hit1"": 1, ""first_relevant_rank"": 1}, {""entry_id"": ""E095"", ""category"": ""Non-file (shared tier)"", ""ndcg5"": 1.0, ""mrr5"": 1.0, ""hit3"": 1, ""hit1"": 1, ""first_relevant_rank"": 1}, {""entry_id"": ""E096"", ""category"": ""Non-file (shared tier)"", ""ndcg5"": 1.0, ""mrr5"": 1.0, ""hit3"": 1, ""hit1"": 1, ""first_relevant_rank"": 1}, {""entry_id"": ""E097"", ""category"": ""Non-file (shared tier)"", ""ndcg5"": 1.0, ""mrr5"": 1.0, ""hit3"": 1, ""hit1"": 1, ""first_relevant_rank"": 1}, {""entry_id"": ""E098"", ""category"": ""Non-file (shared tier)"", ""ndcg5"": 1.0, ""mrr5"": 1.0, ""hit3"": 1, ""hit1"": 1, ""first_relevant_rank"": 1}, {""entry_id"": ""E099"", ""category"": ""Non-file (shared tier)"", ""ndcg5"": 1.0, ""mrr5"": 1.0, ""hit3"": 1, ""hit1"": 1, ""first_relevant_rank"": 1}, {""entry_id"": ""E100"", ""category"": ""Non-file (shared tier)"", ""ndcg5"": 1.0, ""mrr5"": 1.0, ""hit3"": 1, ""hit1"": 1, ""first_relevant_rank"": 1}]","{""ADR (Context)"": ""CategoryMetrics(category='ADR (Context)', count=24, mean_ndcg5=0.6305532522422477, mean_mrr5=0.5499999999999999, hit3_rate=0.6666666666666666, hit1_rate=0.375)"", ""ADR (Decision)"": ""CategoryMetrics(category='ADR (Decision)', count=25, mean_ndcg5=0.50142260486448, mean_mrr5=0.44266666666666665, hit3_rate=0.6, hit1_rate=0.32)"", ""ADR (Consequences)"": ""CategoryMetrics(category='ADR (Consequences)', count=24, mean_ndcg5=0.43014440911615687, mean_mrr5=0.40625, hit3_rate=0.4583333333333333, hit1_rate=0.3333333333333333)"", ""ADR (Content)"": ""CategoryMetrics(category='ADR (Content)', count=2, mean_ndcg5=0.5, mean_mrr5=0.5, hit3_rate=0.5, hit1_rate=0.5)"", ""Non-file (hermes transcript)"": ""CategoryMetrics(category='Non-file (hermes transcript)', count=14, mean_ndcg5=0.7901147365460607, mean_mrr5=0.7678571428571429, hit3_rate=0.7857142857142857, hit1_rate=0.7142857142857143)"", ""Non-file (shared tier)"": ""CategoryMetrics(category='Non-file (shared tier)', count=11, mean_ndcg5=1.0, mean_mrr5=1.0, hit3_rate=1.0, hit1_rate=1.0)""}"
consolidationThreshold=0.2,consolidationThreshold,0.2,memory,100,0.594946572944562,0.5371666666666667,0.64,0.41,"[{""entry_id"": ""E001"", ""category"": ""ADR (Context)"", ""ndcg5"": 0.6309297535714575, ""mrr5"": 0.5, ""hit3"": 1, ""hit1"": 0, ""first_relevant_rank"": 2}, {""entry_id"": ""E002"", ""category"": ""ADR (Decision)"", ""ndcg5"": 1.0, ""mrr5"": 1.0, ""hit3"": 1, ""hit1"": 1, ""first_relevant_rank"": 1}, {""entry_id"": ""E003"", ""category"": ""ADR (Consequences)"", ""ndcg5"": 0.0, ""mrr5"": 0.0, ""hit3"": 0, ""hit1"": 0, ""first_relevant_rank"": null}, {""entry_id"": ""E004"", ""category"": ""ADR (Context)"", ""ndcg5"": 0.0, ""mrr5"": 0.0, ""hit3"": 0, ""hit1"": 0, ""first_relevant_rank"": null}, {""entry_id"": ""E005"", ""category"": ""ADR (Decision)"", ""ndcg5"": 1.0, ""mrr5"": 1.0, ""hit3"": 1, ""hit1"": 1, ""first_relevant_rank"": 1}, {""entry_id"": ""E006"", ""category"": ""ADR (Consequences)"", ""ndcg5"": 1.0, ""mrr5"": 1.0, ""hit3"": 1, ""hit1"": 1, ""first_relevant_rank"": 1}, {""entry_id"": ""E007"", ""category"": ""ADR (Context)"", ""ndcg5"": 0.5, ""mrr5"": 0.3333333333333333, ""hit3"": 1, ""hit1"": 0, ""first_relevant_rank"": 3}, {""entry_id"": ""E008"", ""category"": ""ADR (Decision)"", ""ndcg5"": 0.0, ""mrr5"": 0.0, ""hit3"": 0, ""hit1"": 0, ""first_relevant_rank"": null}, {""entry_id"": ""E009"", ""category"": ""ADR (Consequences)"", ""ndcg5"": 0.6309297535714575, ""mrr5"": 0.5, ""hit3"": 1, ""hit1"": 0, ""first_relevant_rank"": 2}, {""entry_id"": ""E010"", ""category"": ""ADR (Context)"", ""ndcg5"": 0.5, ""mrr5"": 0.3333333333333333, ""hit3"": 1, ""hit1"": 0, ""first_relevant_rank"": 3}, {""entry_id"": ""E011"", ""category"": ""ADR (Decision)"", ""ndcg5"": 0.5, ""mrr5"": 0.3333333333333333, ""hit3"": 1, ""hit1"": 0, ""first_relevant_rank"": 3}, {""entry_id"": ""E012"", ""category"": ""ADR (Consequences)"", ""ndcg5"": 1.0, ""mrr5"": 1.0, ""hit3"": 1, ""hit1"": 1, ""first_relevant_rank"": 1}, {""entry_id"": ""E013"", ""category"": ""ADR (Context)"", ""ndcg5"": 1.0, ""mrr5"": 1.0, ""hit3"": 1, ""hit1"": 1, ""first_relevant_rank"": 1}, {""entry_id"": ""E014"", ""category"": ""ADR (Decision)"", ""ndcg5"": 1.0, ""mrr5"": 1.0, ""hit3"": 1, ""hit1"": 1, ""first_relevant_rank"": 1}, {""entry_id"": ""E015"", ""category"": ""ADR (Consequences)"", ""ndcg5"": 1.0, ""mrr5"": 1.0, ""hit3"": 1, ""hit1"": 1, ""first_relevant_rank"": 1}, {""entry_id"": ""E016"", ""category"": ""ADR (Context)"", ""ndcg5"": 0.38685280723454163, ""mrr5"": 0.2, ""hit3"": 0, ""hit1"": 0, ""first_relevant_rank"": 5}, {""entry_id"": ""E017"", ""category"": ""ADR (Decision)"", ""ndcg5"": 0.0, ""mrr5"": 0.0, ""hit3"": 0, ""hit1"": 0, ""first_relevant_rank"": null}, {""entry_id"": ""E018"", ""category"": ""ADR (Consequences)"", ""ndcg5"": 0.5, ""mrr5"": 0.3333333333333333, ""hit3"": 1, ""hit1"": 0, ""first_relevant_rank"": 3}, {""entry_id"": ""E019"", ""category"": ""ADR (Context)"", ""ndcg5"": 0.43067655807339306, ""mrr5"": 0.25, ""hit3"": 0, ""hit1"": 0, ""first_relevant_rank"": 4}, {""entry_id"": ""E020"", ""category"": ""ADR (Decision)"", ""ndcg5"": 0.0, ""mrr5"": 0.0, ""hit3"": 0, ""hit1"": 0, ""first_relevant_rank"": null}, {""entry_id"": ""E021"", ""category"": ""ADR (Consequences)"", ""ndcg5"": 0.0, ""mrr5"": 0.0, ""hit3"": 0, ""hit1"": 0, ""first_relevant_rank"": null}, {""entry_id"": ""E022"", ""category"": ""ADR (Context)"", ""ndcg5"": 0.0, ""mrr5"": 0.0, ""hit3"": 0, ""hit1"": 0, ""first_relevant_rank"": null}, {""entry_id"": ""E023"", ""category"": ""ADR (Decision)"", ""ndcg5"": 0.6309297535714575, ""mrr5"": 0.5, ""hit3"": 1, ""hit1"": 0, ""first_relevant_rank"": 2}, {""entry_id"": ""E024"", ""category"": ""ADR (Consequences)"", ""ndcg5"": 0.0, ""mrr5"": 0.0, ""hit3"": 0, ""hit1"": 0, ""first_relevant_rank"": null}, {""entry_id"": ""E025"", ""category"": ""ADR (Context)"", ""ndcg5"": 0.6309297535714575, ""mrr5"": 0.5, ""hit3"": 1, ""hit1"": 0, ""first_relevant_rank"": 2}, {""entry_id"": ""E026"", ""category"": ""ADR (Decision)"", ""ndcg5"": 1.0, ""mrr5"": 1.0, ""hit3"": 1, ""hit1"": 1, ""first_relevant_rank"": 1}, {""entry_id"": ""E027"", ""category"": ""ADR (Consequences)"", ""ndcg5"": 0.0, ""mrr5"": 0.0, ""hit3"": 0, ""hit1"": 0, ""first_relevant_rank"": null}, {""entry_id"": ""E028"", ""category"": ""ADR (Context)"", ""ndcg5"": 0.6309297535714575, ""mrr5"": 0.5, ""hit3"": 1, ""hit1"": 0, ""first_relevant_rank"": 2}, {""entry_id"": ""E029"", ""category"": ""ADR (Decision)"", ""ndcg5"": 0.0, ""mrr5"": 0.0, ""hit3"": 0, ""hit1"": 0, ""first_relevant_rank"": null}, {""entry_id"": ""E030"", ""category"": ""ADR (Consequences)"", ""ndcg5"": 0.0, ""mrr5"": 0.0, ""hit3"": 0, ""hit1"": 0, ""first_relevant_rank"": null}, {""entry_id"": ""E031"", ""category"": ""ADR (Context)"", ""ndcg5"": 0.43067655807339306, ""mrr5"": 0.25, ""hit3"": 0, ""hit1"": 0, ""first_relevant_rank"": 4}, {""entry_id"": ""E032"", ""category"": ""ADR (Decision)"", ""ndcg5"": 0.43067655807339306, ""mrr5"": 0.25, ""hit3"": 0, ""hit1"": 0, ""first_relevant_rank"": 4}, {""entry_id"": ""E033"", ""category"": ""ADR (Consequences)"", ""ndcg5"": 0.0, ""mrr5"": 0.0, ""hit3"": 0, ""hit1"": 0, ""first_relevant_rank"": null}, {""entry_id"": ""E034"", ""category"": ""ADR (Context)"", ""ndcg5"": 0.0, ""mrr5"": 0.0, ""hit3"": 0, ""hit1"": 0, ""first_relevant_rank"": null}, {""entry_id"": ""E035"", ""category"": ""ADR (Decision)"", ""ndcg5"": 0.0, ""mrr5"": 0.0, ""hit3"": 0, ""hit1"": 0, ""first_relevant_rank"": null}, {""entry_id"": ""E036"", ""category"": ""ADR (Consequences)"", ""ndcg5"": 0.0, ""mrr5"": 0.0, ""hit3"": 0, ""hit1"": 0, ""first_relevant_rank"": null}, {""entry_id"": ""E037"", ""category"": ""ADR (Context)"", ""ndcg5"": 0.5, ""mrr5"": 0.3333333333333333, ""hit3"": 1, ""hit1"": 0, ""first_relevant_rank"": 3}, {""entry_id"": ""E038"", ""category"": ""ADR (Decision)"", ""ndcg5"": 1.0, ""mrr5"": 1.0, ""hit3"": 1, ""hit1"": 1, ""first_relevant_rank"": 1}, {""entry_id"": ""E039"", ""category"": ""ADR (Consequences)"", ""ndcg5"": 0.6309297535714575, ""mrr5"": 0.5, ""hit3"": 1, ""hit1"": 0, ""first_relevant_rank"": 2}, {""entry_id"": ""E040"", ""category"": ""ADR (Context)"", ""ndcg5"": 0.38685280723454163, ""mrr5"": 0.2, ""hit3"": 0, ""hit1"": 0, ""first_relevant_rank"": 5}, {""entry_id"": ""E041"", ""category"": ""ADR (Decision)"", ""ndcg5"": 1.0, ""mrr5"": 1.0, ""hit3"": 1, ""hit1"": 1, ""first_relevant_rank"": 1}, {""entry_id"": ""E042"", ""category"": ""ADR (Consequences)"", ""ndcg5"": 0.5, ""mrr5"": 0.3333333333333333, ""hit3"": 1, ""hit1"": 0, ""first_relevant_rank"": 3}, {""entry_id"": ""E043"", ""category"": ""ADR (Context)"", ""ndcg5"": 0.43067655807339306, ""mrr5"": 0.25, ""hit3"": 0, ""hit1"": 0, ""first_relevant_rank"": 4}, {""entry_id"": ""E044"", ""category"": ""ADR (Decision)"", ""ndcg5"": 0.6309297535714575, ""mrr5"": 0.5, ""hit3"": 1, ""hit1"": 0, ""first_relevant_rank"": 2}, {""entry_id"": ""E045"", ""category"": ""ADR (Consequences)"", ""ndcg5"": 0.0, ""mrr5"": 0.0, ""hit3"": 0, ""hit1"": 0, ""first_relevant_rank"": null}, {""entry_id"": ""E046"", ""category"": ""ADR (Content)"", ""ndcg5"": 1.0, ""mrr5"": 1.0, ""hit3"": 1, ""hit1"": 1, ""first_relevant_rank"": 1}, {""entry_id"": ""E047"", ""category"": ""ADR (Decision)"", ""ndcg5"": 0.5, ""mrr5"": 0.3333333333333333, ""hit3"": 1, ""hit1"": 0, ""first_relevant_rank"": 3}, {""entry_id"": ""E048"", ""category"": ""ADR (Consequences)"", ""ndcg5"": 1.0, ""mrr5"": 1.0, ""hit3"": 1, ""hit1"": 1, ""first_relevant_rank"": 1}, {""entry_id"": ""E049"", ""category"": ""ADR (Context)"", ""ndcg5"": 0.6309297535714575, ""mrr5"": 0.5, ""hit3"": 1, ""hit1"": 0, ""first_relevant_rank"": 2}, {""entry_id"": ""E050"", ""category"": ""ADR (Decision)"", ""ndcg5"": 0.43067655807339306, ""mrr5"": 0.25, ""hit3"": 0, ""hit1"": 0, ""first_relevant_rank"": 4}, {""entry_id"": ""E051"", ""category"": ""ADR (Consequences)"", ""ndcg5"": 1.0, ""mrr5"": 1.0, ""hit3"": 1, ""hit1"": 1, ""first_relevant_rank"": 1}, {""entry_id"": ""E052"", ""category"": ""ADR (Context)"", ""ndcg5"": 1.0, ""mrr5"": 1.0, ""hit3"": 1, ""hit1"": 1, ""first_relevant_rank"": 1}, {""entry_id"": ""E053"", ""category"": ""ADR (Decision)"", ""ndcg5"": 1.0, ""mrr5"": 1.0, ""hit3"": 1, ""hit1"": 1, ""first_relevant_rank"": 1}, {""entry_id"": ""E054"", ""category"": ""ADR (Consequences)"", ""ndcg5"": 1.0, ""mrr5"": 1.0, ""hit3"": 1, ""hit1"": 1, ""first_relevant_rank"": 1}, {""entry_id"": ""E055"", ""category"": ""ADR (Context)"", ""ndcg5"": 0.6309297535714575, ""mrr5"": 0.5, ""hit3"": 1, ""hit1"": 0, ""first_relevant_rank"": 2}, {""entry_id"": ""E056"", ""category"": ""ADR (Decision)"", ""ndcg5"": 0.5, ""mrr5"": 0.3333333333333333, ""hit3"": 1, ""hit1"": 0, ""first_relevant_rank"": 3}, {""entry_id"": ""E057"", ""category"": ""ADR (Content)"", ""ndcg5"": 0.0, ""mrr5"": 0.0, ""hit3"": 0, ""hit1"": 0, ""first_relevant_rank"": null}, {""entry_id"": ""E058"", ""category"": ""ADR (Context)"", ""ndcg5"": 1.0, ""mrr5"": 1.0, ""hit3"": 1, ""hit1"": 1, ""first_relevant_rank"": 1}, {""entry_id"": ""E059"", ""category"": ""ADR (Decision)"", ""ndcg5"": 0.43067655807339306, ""mrr5"": 0.25, ""hit3"": 0, ""hit1"": 0, ""first_relevant_rank"": 4}, {""entry_id"": ""E060"", ""category"": ""ADR (Consequences)"", ""ndcg5"": 0.38685280723454163, ""mrr5"": 0.2, ""hit3"": 0, ""hit1"": 0, ""first_relevant_rank"": 5}, {""entry_id"": ""E061"", ""category"": ""ADR (Context)"", ""ndcg5"": 0.5, ""mrr5"": 0.3333333333333333, ""hit3"": 1, ""hit1"": 0, ""first_relevant_rank"": 3}, {""entry_id"": ""E062"", ""category"": ""ADR (Decision)"", ""ndcg5"": 0.5, ""mrr5"": 0.3333333333333333, ""hit3"": 1, ""hit1"": 0, ""first_relevant_rank"": 3}, {""entry_id"": ""E063"", ""category"": ""ADR (Consequences)"", ""ndcg5"": 1.0, ""mrr5"": 1.0, ""hit3"": 1, ""hit1"": 1, ""first_relevant_rank"": 1}, {""entry_id"": ""E064"", ""category"": ""ADR (Context)"", ""ndcg5"": 0.43067655807339306, ""mrr5"": 0.25, ""hit3"": 0, ""hit1"": 0, ""first_relevant_rank"": 4}, {""entry_id"": ""E065"", ""category"": ""ADR (Decision)"", ""ndcg5"": 0.0, ""mrr5"": 0.0, ""hit3"": 0, ""hit1"": 0, ""first_relevant_rank"": null}, {""entry_id"": ""E066"", ""category"": ""ADR (Consequences)"", ""ndcg5"": 0.0, ""mrr5"": 0.0, ""hit3"": 0, ""hit1"": 0, ""first_relevant_rank"": null}, {""entry_id"": ""E067"", ""category"": ""ADR (Context)"", ""ndcg5"": 0.6309297535714575, ""mrr5"": 0.5, ""hit3"": 1, ""hit1"": 0, ""first_relevant_rank"": 2}, {""entry_id"": ""E068"", ""category"": ""ADR (Decision)"", ""ndcg5"": 0.5, ""mrr5"": 0.3333333333333333, ""hit3"": 1, ""hit1"": 0, ""first_relevant_rank"": 3}, {""entry_id"": ""E069"", ""category"": ""ADR (Consequences)"", ""ndcg5"": 0.0, ""mrr5"": 0.0, ""hit3"": 0, ""hit1"": 0, ""first_relevant_rank"": null}, {""entry_id"": ""E070"", ""category"": ""ADR (Context)"", ""ndcg5"": 1.0, ""mrr5"": 1.0, ""hit3"": 1, ""hit1"": 1, ""first_relevant_rank"": 1}, {""entry_id"": ""E071"", ""category"": ""ADR (Decision)"", ""ndcg5"": 0.38685280723454163, ""mrr5"": 0.2, ""hit3"": 0, ""hit1"": 0, ""first_relevant_rank"": 5}, {""entry_id"": ""E072"", ""category"": ""ADR (Consequences)"", ""ndcg5"": 0.0, ""mrr5"": 0.0, ""hit3"": 0, ""hit1"": 0, ""first_relevant_rank"": null}, {""entry_id"": ""E073"", ""category"": ""ADR (Context)"", ""ndcg5"": 0.43067655807339306, ""mrr5"": 0.25, ""hit3"": 0, ""hit1"": 0, ""first_relevant_rank"": 4}, {""entry_id"": ""E074"", ""category"": ""ADR (Decision)"", ""ndcg5"": 0.6309297535714575, ""mrr5"": 0.5, ""hit3"": 1, ""hit1"": 0, ""first_relevant_rank"": 2}, {""entry_id"": ""E075"", ""category"": ""ADR (Consequences)"", ""ndcg5"": 1.0, ""mrr5"": 1.0, ""hit3"": 1, ""hit1"": 1, ""first_relevant_rank"": 1}, {""entry_id"": ""E076"", ""category"": ""Non-file (hermes transcript)"", ""ndcg5"": 1.0, ""mrr5"": 1.0, ""hit3"": 1, ""hit1"": 1, ""first_relevant_rank"": 1}, {""entry_id"": ""E077"", ""category"": ""Non-file (hermes transcript)"", ""ndcg5"": 1.0, ""mrr5"": 1.0, ""hit3"": 1, ""hit1"": 1, ""first_relevant_rank"": 1}, {""entry_id"": ""E078"", ""category"": ""Non-file (hermes transcript)"", ""ndcg5"": 1.0, ""mrr5"": 1.0, ""hit3"": 1, ""hit1"": 1, ""first_relevant_rank"": 1}, {""entry_id"": ""E079"", ""category"": ""Non-file (hermes transcript)"", ""ndcg5"": 1.0, ""mrr5"": 1.0, ""hit3"": 1, ""hit1"": 1, ""first_relevant_rank"": 1}, {""entry_id"": ""E080"", ""category"": ""Non-file (hermes transcript)"", ""ndcg5"": 0.0, ""mrr5"": 0.0, ""hit3"": 0, ""hit1"": 0, ""first_relevant_rank"": null}, {""entry_id"": ""E081"", ""category"": ""Non-file (hermes transcript)"", ""ndcg5"": 1.0, ""mrr5"": 1.0, ""hit3"": 1, ""hit1"": 1, ""first_relevant_rank"": 1}, {""entry_id"": ""E082"", ""category"": ""Non-file (hermes transcript)"", ""ndcg5"": 0.43067655807339306, ""mrr5"": 0.25, ""hit3"": 0, ""hit1"": 0, ""first_relevant_rank"": 4}, {""entry_id"": ""E083"", ""category"": ""Non-file (hermes transcript)"", ""ndcg5"": 1.0, ""mrr5"": 1.0, ""hit3"": 1, ""hit1"": 1, ""first_relevant_rank"": 1}, {""entry_id"": ""E084"", ""category"": ""Non-file (hermes transcript)"", ""ndcg5"": 0.0, ""mrr5"": 0.0, ""hit3"": 0, ""hit1"": 0, ""first_relevant_rank"": null}, {""entry_id"": ""E085"", ""category"": ""Non-file (hermes transcript)"", ""ndcg5"": 1.0, ""mrr5"": 1.0, ""hit3"": 1, ""hit1"": 1, ""first_relevant_rank"": 1}, {""entry_id"": ""E086"", ""category"": ""Non-file (hermes transcript)"", ""ndcg5"": 1.0, ""mrr5"": 1.0, ""hit3"": 1, ""hit1"": 1, ""first_relevant_rank"": 1}, {""entry_id"": ""E087"", ""category"": ""Non-file (hermes transcript)"", ""ndcg5"": 1.0, ""mrr5"": 1.0, ""hit3"": 1, ""hit1"": 1, ""first_relevant_rank"": 1}, {""entry_id"": ""E088"", ""category"": ""Non-file (hermes transcript)"", ""ndcg5"": 1.0, ""mrr5"": 1.0, ""hit3"": 1, ""hit1"": 1, ""first_relevant_rank"": 1}, {""entry_id"": ""E089"", ""category"": ""Non-file (hermes transcript)"", ""ndcg5"": 0.6309297535714575, ""mrr5"": 0.5, ""hit3"": 1, ""hit1"": 0, ""first_relevant_rank"": 2}, {""entry_id"": ""E090"", ""category"": ""Non-file (shared tier)"", ""ndcg5"": 1.0, ""mrr5"": 1.0, ""hit3"": 1, ""hit1"": 1, ""first_relevant_rank"": 1}, {""entry_id"": ""E091"", ""category"": ""Non-file (shared tier)"", ""ndcg5"": 1.0, ""mrr5"": 1.0, ""hit3"": 1, ""hit1"": 1, ""first_relevant_rank"": 1}, {""entry_id"": ""E092"", ""category"": ""Non-file (shared tier)"", ""ndcg5"": 1.0, ""mrr5"": 1.0, ""hit3"": 1, ""hit1"": 1, ""first_relevant_rank"": 1}, {""entry_id"": ""E093"", ""category"": ""Non-file (shared tier)"", ""ndcg5"": 1.0, ""mrr5"": 1.0, ""hit3"": 1, ""hit1"": 1, ""first_relevant_rank"": 1}, {""entry_id"": ""E094"", ""category"": ""Non-file (shared tier)"", ""ndcg5"": 1.0, ""mrr5"": 1.0, ""hit3"": 1, ""hit1"": 1, ""first_relevant_rank"": 1}, {""entry_id"": ""E095"", ""category"": ""Non-file (shared tier)"", ""ndcg5"": 1.0, ""mrr5"": 1.0, ""hit3"": 1, ""hit1"": 1, ""first_relevant_rank"": 1}, {""entry_id"": ""E096"", ""category"": ""Non-file (shared tier)"", ""ndcg5"": 1.0, ""mrr5"": 1.0, ""hit3"": 1, ""hit1"": 1, ""first_relevant_rank"": 1}, {""entry_id"": ""E097"", ""category"": ""Non-file (shared tier)"", ""ndcg5"": 1.0, ""mrr5"": 1.0, ""hit3"": 1, ""hit1"": 1, ""first_relevant_rank"": 1}, {""entry_id"": ""E098"", ""category"": ""Non-file (shared tier)"", ""ndcg5"": 1.0, ""mrr5"": 1.0, ""hit3"": 1, ""hit1"": 1, ""first_relevant_rank"": 1}, {""entry_id"": ""E099"", ""category"": ""Non-file (shared tier)"", ""ndcg5"": 1.0, ""mrr5"": 1.0, ""hit3"": 1, ""hit1"": 1, ""first_relevant_rank"": 1}, {""entry_id"": ""E100"", ""category"": ""Non-file (shared tier)"", ""ndcg5"": 1.0, ""mrr5"": 1.0, ""hit3"": 1, ""hit1"": 1, ""first_relevant_rank"": 1}]","{""ADR (Context)"": ""CategoryMetrics(category='ADR (Context)', count=24, mean_ndcg5=0.5296944552610331, mean_mrr5=0.4159722222222222, hit3_rate=0.5833333333333334, hit1_rate=0.16666666666666666)"", ""ADR (Decision)"": ""CategoryMetrics(category='ADR (Decision)', count=25, mean_ndcg5=0.5228668696867637, mean_mrr5=0.4446666666666667, hit3_rate=0.6, hit1_rate=0.28)"", ""ADR (Consequences)"": ""CategoryMetrics(category='ADR (Consequences)', count=24, mean_ndcg5=0.44369634643239403, mean_mrr5=0.41111111111111115, hit3_rate=0.5, hit1_rate=0.3333333333333333)"", ""ADR (Content)"": ""CategoryMetrics(category='ADR (Content)', count=2, mean_ndcg5=0.5, mean_mrr5=0.5, hit3_rate=0.5, hit1_rate=0.5)"", ""Non-file (hermes transcript)"": ""CategoryMetrics(category='Non-file (hermes transcript)', count=14, mean_ndcg5=0.7901147365460607, mean_mrr5=0.7678571428571429, hit3_rate=0.7857142857142857, hit1_rate=0.7142857142857143)"", ""Non-file (shared tier)"": ""CategoryMetrics(category='Non-file (shared tier)', count=11, mean_ndcg5=1.0, mean_mrr5=1.0, hit3_rate=1.0, hit1_rate=1.0)""}"
consolidationThreshold=0.5,consolidationThreshold,0.5,memory,100,0.569229855522871,0.516,0.64,0.4,"[{""entry_id"": ""E001"", ""category"": ""ADR (Context)"", ""ndcg5"": 0.38685280723454163, ""mrr5"": 0.2, ""hit3"": 0, ""hit1"": 0, ""first_relevant_rank"": 5}, {""entry_id"": ""E002"", ""category"": ""ADR (Decision)"", ""ndcg5"": 1.0, ""mrr5"": 1.0, ""hit3"": 1, ""hit1"": 1, ""first_relevant_rank"": 1}, {""entry_id"": ""E003"", ""category"": ""ADR (Consequences)"", ""ndcg5"": 0.0, ""mrr5"": 0.0, ""hit3"": 0, ""hit1"": 0, ""first_relevant_rank"": null}, {""entry_id"": ""E004"", ""category"": ""ADR (Context)"", ""ndcg5"": 0.0, ""mrr5"": 0.0, ""hit3"": 0, ""hit1"": 0, ""first_relevant_rank"": null}, {""entry_id"": ""E005"", ""category"": ""ADR (Decision)"", ""ndcg5"": 0.43067655807339306, ""mrr5"": 0.25, ""hit3"": 0, ""hit1"": 0, ""first_relevant_rank"": 4}, {""entry_id"": ""E006"", ""category"": ""ADR (Consequences)"", ""ndcg5"": 1.0, ""mrr5"": 1.0, ""hit3"": 1, ""hit1"": 1, ""first_relevant_rank"": 1}, {""entry_id"": ""E007"", ""category"": ""ADR (Context)"", ""ndcg5"": 0.5, ""mrr5"": 0.3333333333333333, ""hit3"": 1, ""hit1"": 0, ""first_relevant_rank"": 3}, {""entry_id"": ""E008"", ""category"": ""ADR (Decision)"", ""ndcg5"": 0.0, ""mrr5"": 0.0, ""hit3"": 0, ""hit1"": 0, ""first_relevant_rank"": null}, {""entry_id"": ""E009"", ""category"": ""ADR (Consequences)"", ""ndcg5"": 0.6309297535714575, ""mrr5"": 0.5, ""hit3"": 1, ""hit1"": 0, ""first_relevant_rank"": 2}, {""entry_id"": ""E010"", ""category"": ""ADR (Context)"", ""ndcg5"": 0.43067655807339306, ""mrr5"": 0.25, ""hit3"": 0, ""hit1"": 0, ""first_relevant_rank"": 4}, {""entry_id"": ""E011"", ""category"": ""ADR (Decision)"", ""ndcg5"": 1.0, ""mrr5"": 1.0, ""hit3"": 1, ""hit1"": 1, ""first_relevant_rank"": 1}, {""entry_id"": ""E012"", ""category"": ""ADR (Consequences)"", ""ndcg5"": 1.0, ""mrr5"": 1.0, ""hit3"": 1, ""hit1"": 1, ""first_relevant_rank"": 1}, {""entry_id"": ""E013"", ""category"": ""ADR (Context)"", ""ndcg5"": 0.6309297535714575, ""mrr5"": 0.5, ""hit3"": 1, ""hit1"": 0, ""first_relevant_rank"": 2}, {""entry_id"": ""E014"", ""category"": ""ADR (Decision)"", ""ndcg5"": 1.0, ""mrr5"": 1.0, ""hit3"": 1, ""hit1"": 1, ""first_relevant_rank"": 1}, {""entry_id"": ""E015"", ""category"": ""ADR (Consequences)"", ""ndcg5"": 1.0, ""mrr5"": 1.0, ""hit3"": 1, ""hit1"": 1, ""first_relevant_rank"": 1}, {""entry_id"": ""E016"", ""category"": ""ADR (Context)"", ""ndcg5"": 0.0, ""mrr5"": 0.0, ""hit3"": 0, ""hit1"": 0, ""first_relevant_rank"": null}, {""entry_id"": ""E017"", ""category"": ""ADR (Decision)"", ""ndcg5"": 0.38685280723454163, ""mrr5"": 0.2, ""hit3"": 0, ""hit1"": 0, ""first_relevant_rank"": 5}, {""entry_id"": ""E018"", ""category"": ""ADR (Consequences)"", ""ndcg5"": 0.0, ""mrr5"": 0.0, ""hit3"": 0, ""hit1"": 0, ""first_relevant_rank"": null}, {""entry_id"": ""E019"", ""category"": ""ADR (Context)"", ""ndcg5"": 0.6309297535714575, ""mrr5"": 0.5, ""hit3"": 1, ""hit1"": 0, ""first_relevant_rank"": 2}, {""entry_id"": ""E020"", ""category"": ""ADR (Decision)"", ""ndcg5"": 0.0, ""mrr5"": 0.0, ""hit3"": 0, ""hit1"": 0, ""first_relevant_rank"": null}, {""entry_id"": ""E021"", ""category"": ""ADR (Consequences)"", ""ndcg5"": 0.0, ""mrr5"": 0.0, ""hit3"": 0, ""hit1"": 0, ""first_relevant_rank"": null}, {""entry_id"": ""E022"", ""category"": ""ADR (Context)"", ""ndcg5"": 0.0, ""mrr5"": 0.0, ""hit3"": 0, ""hit1"": 0, ""first_relevant_rank"": null}, {""entry_id"": ""E023"", ""category"": ""ADR (Decision)"", ""ndcg5"": 1.0, ""mrr5"": 1.0, ""hit3"": 1, ""hit1"": 1, ""first_relevant_rank"": 1}, {""entry_id"": ""E024"", ""category"": ""ADR (Consequences)"", ""ndcg5"": 0.0, ""mrr5"": 0.0, ""hit3"": 0, ""hit1"": 0, ""first_relevant_rank"": null}, {""entry_id"": ""E025"", ""category"": ""ADR (Context)"", ""ndcg5"": 0.43067655807339306, ""mrr5"": 0.25, ""hit3"": 0, ""hit1"": 0, ""first_relevant_rank"": 4}, {""entry_id"": ""E026"", ""category"": ""ADR (Decision)"", ""ndcg5"": 1.0, ""mrr5"": 1.0, ""hit3"": 1, ""hit1"": 1, ""first_relevant_rank"": 1}, {""entry_id"": ""E027"", ""category"": ""ADR (Consequences)"", ""ndcg5"": 0.0, ""mrr5"": 0.0, ""hit3"": 0, ""hit1"": 0, ""first_relevant_rank"": null}, {""entry_id"": ""E028"", ""category"": ""ADR (Context)"", ""ndcg5"": 0.5, ""mrr5"": 0.3333333333333333, ""hit3"": 1, ""hit1"": 0, ""first_relevant_rank"": 3}, {""entry_id"": ""E029"", ""category"": ""ADR (Decision)"", ""ndcg5"": 0.5, ""mrr5"": 0.3333333333333333, ""hit3"": 1, ""hit1"": 0, ""first_relevant_rank"": 3}, {""entry_id"": ""E030"", ""category"": ""ADR (Consequences)"", ""ndcg5"": 0.0, ""mrr5"": 0.0, ""hit3"": 0, ""hit1"": 0, ""first_relevant_rank"": null}, {""entry_id"": ""E031"", ""category"": ""ADR (Context)"", ""ndcg5"": 0.38685280723454163, ""mrr5"": 0.2, ""hit3"": 0, ""hit1"": 0, ""first_relevant_rank"": 5}, {""entry_id"": ""E032"", ""category"": ""ADR (Decision)"", ""ndcg5"": 0.0, ""mrr5"": 0.0, ""hit3"": 0, ""hit1"": 0, ""first_relevant_rank"": null}, {""entry_id"": ""E033"", ""category"": ""ADR (Consequences)"", ""ndcg5"": 0.0, ""mrr5"": 0.0, ""hit3"": 0, ""hit1"": 0, ""first_relevant_rank"": null}, {""entry_id"": ""E034"", ""category"": ""ADR (Context)"", ""ndcg5"": 0.0, ""mrr5"": 0.0, ""hit3"": 0, ""hit1"": 0, ""first_relevant_rank"": null}, {""entry_id"": ""E035"", ""category"": ""ADR (Decision)"", ""ndcg5"": 0.0, ""mrr5"": 0.0, ""hit3"": 0, ""hit1"": 0, ""first_relevant_rank"": null}, {""entry_id"": ""E036"", ""category"": ""ADR (Consequences)"", ""ndcg5"": 0.0, ""mrr5"": 0.0, ""hit3"": 0, ""hit1"": 0, ""first_relevant_rank"": null}, {""entry_id"": ""E037"", ""category"": ""ADR (Context)"", ""ndcg5"": 0.5, ""mrr5"": 0.3333333333333333, ""hit3"": 1, ""hit1"": 0, ""first_relevant_rank"": 3}, {""entry_id"": ""E038"", ""category"": ""ADR (Decision)"", ""ndcg5"": 1.0, ""mrr5"": 1.0, ""hit3"": 1, ""hit1"": 1, ""first_relevant_rank"": 1}, {""entry_id"": ""E039"", ""category"": ""ADR (Consequences)"", ""ndcg5"": 0.5, ""mrr5"": 0.3333333333333333, ""hit3"": 1, ""hit1"": 0, ""first_relevant_rank"": 3}, {""entry_id"": ""E040"", ""category"": ""ADR (Context)"", ""ndcg5"": 0.0, ""mrr5"": 0.0, ""hit3"": 0, ""hit1"": 0, ""first_relevant_rank"": null}, {""entry_id"": ""E041"", ""category"": ""ADR (Decision)"", ""ndcg5"": 1.0, ""mrr5"": 1.0, ""hit3"": 1, ""hit1"": 1, ""first_relevant_rank"": 1}, {""entry_id"": ""E042"", ""category"": ""ADR (Consequences)"", ""ndcg5"": 0.5, ""mrr5"": 0.3333333333333333, ""hit3"": 1, ""hit1"": 0, ""first_relevant_rank"": 3}, {""entry_id"": ""E043"", ""category"": ""ADR (Context)"", ""ndcg5"": 0.43067655807339306, ""mrr5"": 0.25, ""hit3"": 0, ""hit1"": 0, ""first_relevant_rank"": 4}, {""entry_id"": ""E044"", ""category"": ""ADR (Decision)"", ""ndcg5"": 0.6309297535714575, ""mrr5"": 0.5, ""hit3"": 1, ""hit1"": 0, ""first_relevant_rank"": 2}, {""entry_id"": ""E045"", ""category"": ""ADR (Consequences)"", ""ndcg5"": 0.0, ""mrr5"": 0.0, ""hit3"": 0, ""hit1"": 0, ""first_relevant_rank"": null}, {""entry_id"": ""E046"", ""category"": ""ADR (Content)"", ""ndcg5"": 0.5, ""mrr5"": 0.3333333333333333, ""hit3"": 1, ""hit1"": 0, ""first_relevant_rank"": 3}, {""entry_id"": ""E047"", ""category"": ""ADR (Decision)"", ""ndcg5"": 1.0, ""mrr5"": 1.0, ""hit3"": 1, ""hit1"": 1, ""first_relevant_rank"": 1}, {""entry_id"": ""E048"", ""category"": ""ADR (Consequences)"", ""ndcg5"": 1.0, ""mrr5"": 1.0, ""hit3"": 1, ""hit1"": 1, ""first_relevant_rank"": 1}, {""entry_id"": ""E049"", ""category"": ""ADR (Context)"", ""ndcg5"": 0.5, ""mrr5"": 0.3333333333333333, ""hit3"": 1, ""hit1"": 0, ""first_relevant_rank"": 3}, {""entry_id"": ""E050"", ""category"": ""ADR (Decision)"", ""ndcg5"": 0.0, ""mrr5"": 0.0, ""hit3"": 0, ""hit1"": 0, ""first_relevant_rank"": null}, {""entry_id"": ""E051"", ""category"": ""ADR (Consequences)"", ""ndcg5"": 0.6309297535714575, ""mrr5"": 0.5, ""hit3"": 1, ""hit1"": 0, ""first_relevant_rank"": 2}, {""entry_id"": ""E052"", ""category"": ""ADR (Context)"", ""ndcg5"": 0.5, ""mrr5"": 0.3333333333333333, ""hit3"": 1, ""hit1"": 0, ""first_relevant_rank"": 3}, {""entry_id"": ""E053"", ""category"": ""ADR (Decision)"", ""ndcg5"": 1.0, ""mrr5"": 1.0, ""hit3"": 1, ""hit1"": 1, ""first_relevant_rank"": 1}, {""entry_id"": ""E054"", ""category"": ""ADR (Consequences)"", ""ndcg5"": 1.0, ""mrr5"": 1.0, ""hit3"": 1, ""hit1"": 1, ""first_relevant_rank"": 1}, {""entry_id"": ""E055"", ""category"": ""ADR (Context)"", ""ndcg5"": 0.5, ""mrr5"": 0.3333333333333333, ""hit3"": 1, ""hit1"": 0, ""first_relevant_rank"": 3}, {""entry_id"": ""E056"", ""category"": ""ADR (Decision)"", ""ndcg5"": 1.0, ""mrr5"": 1.0, ""hit3"": 1, ""hit1"": 1, ""first_relevant_rank"": 1}, {""entry_id"": ""E057"", ""category"": ""ADR (Content)"", ""ndcg5"": 0.0, ""mrr5"": 0.0, ""hit3"": 0, ""hit1"": 0, ""first_relevant_rank"": null}, {""entry_id"": ""E058"", ""category"": ""ADR (Context)"", ""ndcg5"": 1.0, ""mrr5"": 1.0, ""hit3"": 1, ""hit1"": 1, ""first_relevant_rank"": 1}, {""entry_id"": ""E059"", ""category"": ""ADR (Decision)"", ""ndcg5"": 1.0, ""mrr5"": 1.0, ""hit3"": 1, ""hit1"": 1, ""first_relevant_rank"": 1}, {""entry_id"": ""E060"", ""category"": ""ADR (Consequences)"", ""ndcg5"": 0.0, ""mrr5"": 0.0, ""hit3"": 0, ""hit1"": 0, ""first_relevant_rank"": null}, {""entry_id"": ""E061"", ""category"": ""ADR (Context)"", ""ndcg5"": 1.0, ""mrr5"": 1.0, ""hit3"": 1, ""hit1"": 1, ""first_relevant_rank"": 1}, {""entry_id"": ""E062"", ""category"": ""ADR (Decision)"", ""ndcg5"": 0.5, ""mrr5"": 0.3333333333333333, ""hit3"": 1, ""hit1"": 0, ""first_relevant_rank"": 3}, {""entry_id"": ""E063"", ""category"": ""ADR (Consequences)"", ""ndcg5"": 1.0, ""mrr5"": 1.0, ""hit3"": 1, ""hit1"": 1, ""first_relevant_rank"": 1}, {""entry_id"": ""E064"", ""category"": ""ADR (Context)"", ""ndcg5"": 0.5, ""mrr5"": 0.3333333333333333, ""hit3"": 1, ""hit1"": 0, ""first_relevant_rank"": 3}, {""entry_id"": ""E065"", ""category"": ""ADR (Decision)"", ""ndcg5"": 0.0, ""mrr5"": 0.0, ""hit3"": 0, ""hit1"": 0, ""first_relevant_rank"": null}, {""entry_id"": ""E066"", ""category"": ""ADR (Consequences)"", ""ndcg5"": 0.0, ""mrr5"": 0.0, ""hit3"": 0, ""hit1"": 0, ""first_relevant_rank"": null}, {""entry_id"": ""E067"", ""category"": ""ADR (Context)"", ""ndcg5"": 0.6309297535714575, ""mrr5"": 0.5, ""hit3"": 1, ""hit1"": 0, ""first_relevant_rank"": 2}, {""entry_id"": ""E068"", ""category"": ""ADR (Decision)"", ""ndcg5"": 0.5, ""mrr5"": 0.3333333333333333, ""hit3"": 1, ""hit1"": 0, ""first_relevant_rank"": 3}, {""entry_id"": ""E069"", ""category"": ""ADR (Consequences)"", ""ndcg5"": 0.0, ""mrr5"": 0.0, ""hit3"": 0, ""hit1"": 0, ""first_relevant_rank"": null}, {""entry_id"": ""E070"", ""category"": ""ADR (Context)"", ""ndcg5"": 0.43067655807339306, ""mrr5"": 0.25, ""hit3"": 0, ""hit1"": 0, ""first_relevant_rank"": 4}, {""entry_id"": ""E071"", ""category"": ""ADR (Decision)"", ""ndcg5"": 0.5, ""mrr5"": 0.3333333333333333, ""hit3"": 1, ""hit1"": 0, ""first_relevant_rank"": 3}, {""entry_id"": ""E072"", ""category"": ""ADR (Consequences)"", ""ndcg5"": 0.0, ""mrr5"": 0.0, ""hit3"": 0, ""hit1"": 0, ""first_relevant_rank"": null}, {""entry_id"": ""E073"", ""category"": ""ADR (Context)"", ""ndcg5"": 0.5, ""mrr5"": 0.3333333333333333, ""hit3"": 1, ""hit1"": 0, ""first_relevant_rank"": 3}, {""entry_id"": ""E074"", ""category"": ""ADR (Decision)"", ""ndcg5"": 0.6309297535714575, ""mrr5"": 0.5, ""hit3"": 1, ""hit1"": 0, ""first_relevant_rank"": 2}, {""entry_id"": ""E075"", ""category"": ""ADR (Consequences)"", ""ndcg5"": 1.0, ""mrr5"": 1.0, ""hit3"": 1, ""hit1"": 1, ""first_relevant_rank"": 1}, {""entry_id"": ""E076"", ""category"": ""Non-file (hermes transcript)"", ""ndcg5"": 0.6309297535714575, ""mrr5"": 0.5, ""hit3"": 1, ""hit1"": 0, ""first_relevant_rank"": 2}, {""entry_id"": ""E077"", ""category"": ""Non-file (hermes transcript)"", ""ndcg5"": 1.0, ""mrr5"": 1.0, ""hit3"": 1, ""hit1"": 1, ""first_relevant_rank"": 1}, {""entry_id"": ""E078"", ""category"": ""Non-file (hermes transcript)"", ""ndcg5"": 1.0, ""mrr5"": 1.0, ""hit3"": 1, ""hit1"": 1, ""first_relevant_rank"": 1}, {""entry_id"": ""E079"", ""category"": ""Non-file (hermes transcript)"", ""ndcg5"": 1.0, ""mrr5"": 1.0, ""hit3"": 1, ""hit1"": 1, ""first_relevant_rank"": 1}, {""entry_id"": ""E080"", ""category"": ""Non-file (hermes transcript)"", ""ndcg5"": 0.0, ""mrr5"": 0.0, ""hit3"": 0, ""hit1"": 0, ""first_relevant_rank"": null}, {""entry_id"": ""E081"", ""category"": ""Non-file (hermes transcript)"", ""ndcg5"": 1.0, ""mrr5"": 1.0, ""hit3"": 1, ""hit1"": 1, ""first_relevant_rank"": 1}, {""entry_id"": ""E082"", ""category"": ""Non-file (hermes transcript)"", ""ndcg5"": 0.43067655807339306, ""mrr5"": 0.25, ""hit3"": 0, ""hit1"": 0, ""first_relevant_rank"": 4}, {""entry_id"": ""E083"", ""category"": ""Non-file (hermes transcript)"", ""ndcg5"": 1.0, ""mrr5"": 1.0, ""hit3"": 1, ""hit1"": 1, ""first_relevant_rank"": 1}, {""entry_id"": ""E084"", ""category"": ""Non-file (hermes transcript)"", ""ndcg5"": 0.0, ""mrr5"": 0.0, ""hit3"": 0, ""hit1"": 0, ""first_relevant_rank"": null}, {""entry_id"": ""E085"", ""category"": ""Non-file (hermes transcript)"", ""ndcg5"": 1.0, ""mrr5"": 1.0, ""hit3"": 1, ""hit1"": 1, ""first_relevant_rank"": 1}, {""entry_id"": ""E086"", ""category"": ""Non-file (hermes transcript)"", ""ndcg5"": 1.0, ""mrr5"": 1.0, ""hit3"": 1, ""hit1"": 1, ""first_relevant_rank"": 1}, {""entry_id"": ""E087"", ""category"": ""Non-file (hermes transcript)"", ""ndcg5"": 1.0, ""mrr5"": 1.0, ""hit3"": 1, ""hit1"": 1, ""first_relevant_rank"": 1}, {""entry_id"": ""E088"", ""category"": ""Non-file (hermes transcript)"", ""ndcg5"": 1.0, ""mrr5"": 1.0, ""hit3"": 1, ""hit1"": 1, ""first_relevant_rank"": 1}, {""entry_id"": ""E089"", ""category"": ""Non-file (hermes transcript)"", ""ndcg5"": 0.6309297535714575, ""mrr5"": 0.5, ""hit3"": 1, ""hit1"": 0, ""first_relevant_rank"": 2}, {""entry_id"": ""E090"", ""category"": ""Non-file (shared tier)"", ""ndcg5"": 1.0, ""mrr5"": 1.0, ""hit3"": 1, ""hit1"": 1, ""first_relevant_rank"": 1}, {""entry_id"": ""E091"", ""category"": ""Non-file (shared tier)"", ""ndcg5"": 1.0, ""mrr5"": 1.0, ""hit3"": 1, ""hit1"": 1, ""first_relevant_rank"": 1}, {""entry_id"": ""E092"", ""category"": ""Non-file (shared tier)"", ""ndcg5"": 1.0, ""mrr5"": 1.0, ""hit3"": 1, ""hit1"": 1, ""first_relevant_rank"": 1}, {""entry_id"": ""E093"", ""category"": ""Non-file (shared tier)"", ""ndcg5"": 1.0, ""mrr5"": 1.0, ""hit3"": 1, ""hit1"": 1, ""first_relevant_rank"": 1}, {""entry_id"": ""E094"", ""category"": ""Non-file (shared tier)"", ""ndcg5"": 1.0, ""mrr5"": 1.0, ""hit3"": 1, ""hit1"": 1, ""first_relevant_rank"": 1}, {""entry_id"": ""E095"", ""category"": ""Non-file (shared tier)"", ""ndcg5"": 1.0, ""mrr5"": 1.0, ""hit3"": 1, ""hit1"": 1, ""first_relevant_rank"": 1}, {""entry_id"": ""E096"", ""category"": ""Non-file (shared tier)"", ""ndcg5"": 1.0, ""mrr5"": 1.0, ""hit3"": 1, ""hit1"": 1, ""first_relevant_rank"": 1}, {""entry_id"": ""E097"", ""category"": ""Non-file (shared tier)"", ""ndcg5"": 1.0, ""mrr5"": 1.0, ""hit3"": 1, ""hit1"": 1, ""first_relevant_rank"": 1}, {""entry_id"": ""E098"", ""category"": ""Non-file (shared tier)"", ""ndcg5"": 1.0, ""mrr5"": 1.0, ""hit3"": 1, ""hit1"": 1, ""first_relevant_rank"": 1}, {""entry_id"": ""E099"", ""category"": ""Non-file (shared tier)"", ""ndcg5"": 1.0, ""mrr5"": 1.0, ""hit3"": 1, ""hit1"": 1, ""first_relevant_rank"": 1}, {""entry_id"": ""E100"", ""category"": ""Non-file (shared tier)"", ""ndcg5"": 1.0, ""mrr5"": 1.0, ""hit3"": 1, ""hit1"": 1, ""first_relevant_rank"": 1}]","{""ADR (Context)"": ""CategoryMetrics(category='ADR (Context)', count=24, mean_ndcg5=0.4328833794782095, mean_mrr5=0.31527777777777777, hit3_rate=0.5416666666666666, hit1_rate=0.08333333333333333)"", ""ADR (Decision)"": ""CategoryMetrics(category='ADR (Decision)', count=25, mean_ndcg5=0.603175554898034, mean_mrr5=0.5513333333333333, hit3_rate=0.68, hit1_rate=0.44)"", ""ADR (Consequences)"": ""CategoryMetrics(category='ADR (Consequences)', count=24, mean_ndcg5=0.38591081279762146, mean_mrr5=0.3611111111111111, hit3_rate=0.4583333333333333, hit1_rate=0.2916666666666667)"", ""ADR (Content)"": ""CategoryMetrics(category='ADR (Content)', count=2, mean_ndcg5=0.25, mean_mrr5=0.16666666666666666, hit3_rate=0.5, hit1_rate=0.0)"", ""Non-file (hermes transcript)"": ""CategoryMetrics(category='Non-file (hermes transcript)', count=14, mean_ndcg5=0.7637525760868791, mean_mrr5=0.7321428571428571, hit3_rate=0.7857142857142857, hit1_rate=0.6428571428571429)"", ""Non-file (shared tier)"": ""CategoryMetrics(category='Non-file (shared tier)', count=11, mean_ndcg5=1.0, mean_mrr5=1.0, hit3_rate=1.0, hit1_rate=1.0)""}"
consolidationThreshold=1.0,consolidationThreshold,1.0,memory,100,0.551694107988665,0.4893333333333333,0.61,0.35,"[{""entry_id"": ""E001"", ""category"": ""ADR (Context)"", ""ndcg5"": 0.6309297535714575, ""mrr5"": 0.5, ""hit3"": 1, ""hit1"": 0, ""first_relevant_rank"": 2}, {""entry_id"": ""E002"", ""category"": ""ADR (Decision)"", ""ndcg5"": 1.0, ""mrr5"": 1.0, ""hit3"": 1, ""hit1"": 1, ""first_relevant_rank"": 1}, {""entry_id"": ""E003"", ""category"": ""ADR (Consequences)"", ""ndcg5"": 0.0, ""mrr5"": 0.0, ""hit3"": 0, ""hit1"": 0, ""first_relevant_rank"": null}, {""entry_id"": ""E004"", ""category"": ""ADR (Context)"", ""ndcg5"": 0.0, ""mrr5"": 0.0, ""hit3"": 0, ""hit1"": 0, ""first_relevant_rank"": null}, {""entry_id"": ""E005"", ""category"": ""ADR (Decision)"", ""ndcg5"": 0.43067655807339306, ""mrr5"": 0.25, ""hit3"": 0, ""hit1"": 0, ""first_relevant_rank"": 4}, {""entry_id"": ""E006"", ""category"": ""ADR (Consequences)"", ""ndcg5"": 1.0, ""mrr5"": 1.0, ""hit3"": 1, ""hit1"": 1, ""first_relevant_rank"": 1}, {""entry_id"": ""E007"", ""category"": ""ADR (Context)"", ""ndcg5"": 0.5, ""mrr5"": 0.3333333333333333, ""hit3"": 1, ""hit1"": 0, ""first_relevant_rank"": 3}, {""entry_id"": ""E008"", ""category"": ""ADR (Decision)"", ""ndcg5"": 0.0, ""mrr5"": 0.0, ""hit3"": 0, ""hit1"": 0, ""first_relevant_rank"": null}, {""entry_id"": ""E009"", ""category"": ""ADR (Consequences)"", ""ndcg5"": 0.6309297535714575, ""mrr5"": 0.5, ""hit3"": 1, ""hit1"": 0, ""first_relevant_rank"": 2}, {""entry_id"": ""E010"", ""category"": ""ADR (Context)"", ""ndcg5"": 0.43067655807339306, ""mrr5"": 0.25, ""hit3"": 0, ""hit1"": 0, ""first_relevant_rank"": 4}, {""entry_id"": ""E011"", ""category"": ""ADR (Decision)"", ""ndcg5"": 1.0, ""mrr5"": 1.0, ""hit3"": 1, ""hit1"": 1, ""first_relevant_rank"": 1}, {""entry_id"": ""E012"", ""category"": ""ADR (Consequences)"", ""ndcg5"": 1.0, ""mrr5"": 1.0, ""hit3"": 1, ""hit1"": 1, ""first_relevant_rank"": 1}, {""entry_id"": ""E013"", ""category"": ""ADR (Context)"", ""ndcg5"": 0.5, ""mrr5"": 0.3333333333333333, ""hit3"": 1, ""hit1"": 0, ""first_relevant_rank"": 3}, {""entry_id"": ""E014"", ""category"": ""ADR (Decision)"", ""ndcg5"": 1.0, ""mrr5"": 1.0, ""hit3"": 1, ""hit1"": 1, ""first_relevant_rank"": 1}, {""entry_id"": ""E015"", ""category"": ""ADR (Consequences)"", ""ndcg5"": 1.0, ""mrr5"": 1.0, ""hit3"": 1, ""hit1"": 1, ""first_relevant_rank"": 1}, {""entry_id"": ""E016"", ""category"": ""ADR (Context)"", ""ndcg5"": 0.0, ""mrr5"": 0.0, ""hit3"": 0, ""hit1"": 0, ""first_relevant_rank"": null}, {""entry_id"": ""E017"", ""category"": ""ADR (Decision)"", ""ndcg5"": 0.38685280723454163, ""mrr5"": 0.2, ""hit3"": 0, ""hit1"": 0, ""first_relevant_rank"": 5}, {""entry_id"": ""E018"", ""category"": ""ADR (Consequences)"", ""ndcg5"": 0.6309297535714575, ""mrr5"": 0.5, ""hit3"": 1, ""hit1"": 0, ""first_relevant_rank"": 2}, {""entry_id"": ""E019"", ""category"": ""ADR (Context)"", ""ndcg5"": 0.43067655807339306, ""mrr5"": 0.25, ""hit3"": 0, ""hit1"": 0, ""first_relevant_rank"": 4}, {""entry_id"": ""E020"", ""category"": ""ADR (Decision)"", ""ndcg5"": 0.0, ""mrr5"": 0.0, ""hit3"": 0, ""hit1"": 0, ""first_relevant_rank"": null}, {""entry_id"": ""E021"", ""category"": ""ADR (Consequences)"", ""ndcg5"": 0.0, ""mrr5"": 0.0, ""hit3"": 0, ""hit1"": 0, ""first_relevant_rank"": null}, {""entry_id"": ""E022"", ""category"": ""ADR (Context)"", ""ndcg5"": 0.0, ""mrr5"": 0.0, ""hit3"": 0, ""hit1"": 0, ""first_relevant_rank"": null}, {""entry_id"": ""E023"", ""category"": ""ADR (Decision)"", ""ndcg5"": 1.0, ""mrr5"": 1.0, ""hit3"": 1, ""hit1"": 1, ""first_relevant_rank"": 1}, {""entry_id"": ""E024"", ""category"": ""ADR (Consequences)"", ""ndcg5"": 0.0, ""mrr5"": 0.0, ""hit3"": 0, ""hit1"": 0, ""first_relevant_rank"": null}, {""entry_id"": ""E025"", ""category"": ""ADR (Context)"", ""ndcg5"": 0.38685280723454163, ""mrr5"": 0.2, ""hit3"": 0, ""hit1"": 0, ""first_relevant_rank"": 5}, {""entry_id"": ""E026"", ""category"": ""ADR (Decision)"", ""ndcg5"": 1.0, ""mrr5"": 1.0, ""hit3"": 1, ""hit1"": 1, ""first_relevant_rank"": 1}, {""entry_id"": ""E027"", ""category"": ""ADR (Consequences)"", ""ndcg5"": 0.0, ""mrr5"": 0.0, ""hit3"": 0, ""hit1"": 0, ""first_relevant_rank"": null}, {""entry_id"": ""E028"", ""category"": ""ADR (Context)"", ""ndcg5"": 0.6309297535714575, ""mrr5"": 0.5, ""hit3"": 1, ""hit1"": 0, ""first_relevant_rank"": 2}, {""entry_id"": ""E029"", ""category"": ""ADR (Decision)"", ""ndcg5"": 0.43067655807339306, ""mrr5"": 0.25, ""hit3"": 0, ""hit1"": 0, ""first_relevant_rank"": 4}, {""entry_id"": ""E030"", ""category"": ""ADR (Consequences)"", ""ndcg5"": 0.0, ""mrr5"": 0.0, ""hit3"": 0, ""hit1"": 0, ""first_relevant_rank"": null}, {""entry_id"": ""E031"", ""category"": ""ADR (Context)"", ""ndcg5"": 0.38685280723454163, ""mrr5"": 0.2, ""hit3"": 0, ""hit1"": 0, ""first_relevant_rank"": 5}, {""entry_id"": ""E032"", ""category"": ""ADR (Decision)"", ""ndcg5"": 0.0, ""mrr5"": 0.0, ""hit3"": 0, ""hit1"": 0, ""first_relevant_rank"": null}, {""entry_id"": ""E033"", ""category"": ""ADR (Consequences)"", ""ndcg5"": 0.0, ""mrr5"": 0.0, ""hit3"": 0, ""hit1"": 0, ""first_relevant_rank"": null}, {""entry_id"": ""E034"", ""category"": ""ADR (Context)"", ""ndcg5"": 0.0, ""mrr5"": 0.0, ""hit3"": 0, ""hit1"": 0, ""first_relevant_rank"": null}, {""entry_id"": ""E035"", ""category"": ""ADR (Decision)"", ""ndcg5"": 0.0, ""mrr5"": 0.0, ""hit3"": 0, ""hit1"": 0, ""first_relevant_rank"": null}, {""entry_id"": ""E036"", ""category"": ""ADR (Consequences)"", ""ndcg5"": 0.0, ""mrr5"": 0.0, ""hit3"": 0, ""hit1"": 0, ""first_relevant_rank"": null}, {""entry_id"": ""E037"", ""category"": ""ADR (Context)"", ""ndcg5"": 0.5, ""mrr5"": 0.3333333333333333, ""hit3"": 1, ""hit1"": 0, ""first_relevant_rank"": 3}, {""entry_id"": ""E038"", ""category"": ""ADR (Decision)"", ""ndcg5"": 1.0, ""mrr5"": 1.0, ""hit3"": 1, ""hit1"": 1, ""first_relevant_rank"": 1}, {""entry_id"": ""E039"", ""category"": ""ADR (Consequences)"", ""ndcg5"": 0.5, ""mrr5"": 0.3333333333333333, ""hit3"": 1, ""hit1"": 0, ""first_relevant_rank"": 3}, {""entry_id"": ""E040"", ""category"": ""ADR (Context)"", ""ndcg5"": 0.0, ""mrr5"": 0.0, ""hit3"": 0, ""hit1"": 0, ""first_relevant_rank"": null}, {""entry_id"": ""E041"", ""category"": ""ADR (Decision)"", ""ndcg5"": 1.0, ""mrr5"": 1.0, ""hit3"": 1, ""hit1"": 1, ""first_relevant_rank"": 1}, {""entry_id"": ""E042"", ""category"": ""ADR (Consequences)"", ""ndcg5"": 0.5, ""mrr5"": 0.3333333333333333, ""hit3"": 1, ""hit1"": 0, ""first_relevant_rank"": 3}, {""entry_id"": ""E043"", ""category"": ""ADR (Context)"", ""ndcg5"": 0.43067655807339306, ""mrr5"": 0.25, ""hit3"": 0, ""hit1"": 0, ""first_relevant_rank"": 4}, {""entry_id"": ""E044"", ""category"": ""ADR (Decision)"", ""ndcg5"": 0.6309297535714575, ""mrr5"": 0.5, ""hit3"": 1, ""hit1"": 0, ""first_relevant_rank"": 2}, {""entry_id"": ""E045"", ""category"": ""ADR (Consequences)"", ""ndcg5"": 0.0, ""mrr5"": 0.0, ""hit3"": 0, ""hit1"": 0, ""first_relevant_rank"": null}, {""entry_id"": ""E046"", ""category"": ""ADR (Content)"", ""ndcg5"": 0.43067655807339306, ""mrr5"": 0.25, ""hit3"": 0, ""hit1"": 0, ""first_relevant_rank"": 4}, {""entry_id"": ""E047"", ""category"": ""ADR (Decision)"", ""ndcg5"": 1.0, ""mrr5"": 1.0, ""hit3"": 1, ""hit1"": 1, ""first_relevant_rank"": 1}, {""entry_id"": ""E048"", ""category"": ""ADR (Consequences)"", ""ndcg5"": 0.6309297535714575, ""mrr5"": 0.5, ""hit3"": 1, ""hit1"": 0, ""first_relevant_rank"": 2}, {""entry_id"": ""E049"", ""category"": ""ADR (Context)"", ""ndcg5"": 0.5, ""mrr5"": 0.3333333333333333, ""hit3"": 1, ""hit1"": 0, ""first_relevant_rank"": 3}, {""entry_id"": ""E050"", ""category"": ""ADR (Decision)"", ""ndcg5"": 0.0, ""mrr5"": 0.0, ""hit3"": 0, ""hit1"": 0, ""first_relevant_rank"": null}, {""entry_id"": ""E051"", ""category"": ""ADR (Consequences)"", ""ndcg5"": 0.6309297535714575, ""mrr5"": 0.5, ""hit3"": 1, ""hit1"": 0, ""first_relevant_rank"": 2}, {""entry_id"": ""E052"", ""category"": ""ADR (Context)"", ""ndcg5"": 0.5, ""mrr5"": 0.3333333333333333, ""hit3"": 1, ""hit1"": 0, ""first_relevant_rank"": 3}, {""entry_id"": ""E053"", ""category"": ""ADR (Decision)"", ""ndcg5"": 1.0, ""mrr5"": 1.0, ""hit3"": 1, ""hit1"": 1, ""first_relevant_rank"": 1}, {""entry_id"": ""E054"", ""category"": ""ADR (Consequences)"", ""ndcg5"": 1.0, ""mrr5"": 1.0, ""hit3"": 1, ""hit1"": 1, ""first_relevant_rank"": 1}, {""entry_id"": ""E055"", ""category"": ""ADR (Context)"", ""ndcg5"": 0.43067655807339306, ""mrr5"": 0.25, ""hit3"": 0, ""hit1"": 0, ""first_relevant_rank"": 4}, {""entry_id"": ""E056"", ""category"": ""ADR (Decision)"", ""ndcg5"": 0.6309297535714575, ""mrr5"": 0.5, ""hit3"": 1, ""hit1"": 0, ""first_relevant_rank"": 2}, {""entry_id"": ""E057"", ""category"": ""ADR (Content)"", ""ndcg5"": 0.0, ""mrr5"": 0.0, ""hit3"": 0, ""hit1"": 0, ""first_relevant_rank"": null}, {""entry_id"": ""E058"", ""category"": ""ADR (Context)"", ""ndcg5"": 0.5, ""mrr5"": 0.3333333333333333, ""hit3"": 1, ""hit1"": 0, ""first_relevant_rank"": 3}, {""entry_id"": ""E059"", ""category"": ""ADR (Decision)"", ""ndcg5"": 1.0, ""mrr5"": 1.0, ""hit3"": 1, ""hit1"": 1, ""first_relevant_rank"": 1}, {""entry_id"": ""E060"", ""category"": ""ADR (Consequences)"", ""ndcg5"": 1.0, ""mrr5"": 1.0, ""hit3"": 1, ""hit1"": 1, ""first_relevant_rank"": 1}, {""entry_id"": ""E061"", ""category"": ""ADR (Context)"", ""ndcg5"": 0.5, ""mrr5"": 0.3333333333333333, ""hit3"": 1, ""hit1"": 0, ""first_relevant_rank"": 3}, {""entry_id"": ""E062"", ""category"": ""ADR (Decision)"", ""ndcg5"": 0.5, ""mrr5"": 0.3333333333333333, ""hit3"": 1, ""hit1"": 0, ""first_relevant_rank"": 3}, {""entry_id"": ""E063"", ""category"": ""ADR (Consequences)"", ""ndcg5"": 1.0, ""mrr5"": 1.0, ""hit3"": 1, ""hit1"": 1, ""first_relevant_rank"": 1}, {""entry_id"": ""E064"", ""category"": ""ADR (Context)"", ""ndcg5"": 0.43067655807339306, ""mrr5"": 0.25, ""hit3"": 0, ""hit1"": 0, ""first_relevant_rank"": 4}, {""entry_id"": ""E065"", ""category"": ""ADR (Decision)"", ""ndcg5"": 0.0, ""mrr5"": 0.0, ""hit3"": 0, ""hit1"": 0, ""first_relevant_rank"": null}, {""entry_id"": ""E066"", ""category"": ""ADR (Consequences)"", ""ndcg5"": 0.0, ""mrr5"": 0.0, ""hit3"": 0, ""hit1"": 0, ""first_relevant_rank"": null}, {""entry_id"": ""E067"", ""category"": ""ADR (Context)"", ""ndcg5"": 0.6309297535714575, ""mrr5"": 0.5, ""hit3"": 1, ""hit1"": 0, ""first_relevant_rank"": 2}, {""entry_id"": ""E068"", ""category"": ""ADR (Decision)"", ""ndcg5"": 0.0, ""mrr5"": 0.0, ""hit3"": 0, ""hit1"": 0, ""first_relevant_rank"": null}, {""entry_id"": ""E069"", ""category"": ""ADR (Consequences)"", ""ndcg5"": 0.0, ""mrr5"": 0.0, ""hit3"": 0, ""hit1"": 0, ""first_relevant_rank"": null}, {""entry_id"": ""E070"", ""category"": ""ADR (Context)"", ""ndcg5"": 0.43067655807339306, ""mrr5"": 0.25, ""hit3"": 0, ""hit1"": 0, ""first_relevant_rank"": 4}, {""entry_id"": ""E071"", ""category"": ""ADR (Decision)"", ""ndcg5"": 0.5, ""mrr5"": 0.3333333333333333, ""hit3"": 1, ""hit1"": 0, ""first_relevant_rank"": 3}, {""entry_id"": ""E072"", ""category"": ""ADR (Consequences)"", ""ndcg5"": 0.0, ""mrr5"": 0.0, ""hit3"": 0, ""hit1"": 0, ""first_relevant_rank"": null}, {""entry_id"": ""E073"", ""category"": ""ADR (Context)"", ""ndcg5"": 0.5, ""mrr5"": 0.3333333333333333, ""hit3"": 1, ""hit1"": 0, ""first_relevant_rank"": 3}, {""entry_id"": ""E074"", ""category"": ""ADR (Decision)"", ""ndcg5"": 0.6309297535714575, ""mrr5"": 0.5, ""hit3"": 1, ""hit1"": 0, ""first_relevant_rank"": 2}, {""entry_id"": ""E075"", ""category"": ""ADR (Consequences)"", ""ndcg5"": 1.0, ""mrr5"": 1.0, ""hit3"": 1, ""hit1"": 1, ""first_relevant_rank"": 1}, {""entry_id"": ""E076"", ""category"": ""Non-file (hermes transcript)"", ""ndcg5"": 0.5, ""mrr5"": 0.3333333333333333, ""hit3"": 1, ""hit1"": 0, ""first_relevant_rank"": 3}, {""entry_id"": ""E077"", ""category"": ""Non-file (hermes transcript)"", ""ndcg5"": 1.0, ""mrr5"": 1.0, ""hit3"": 1, ""hit1"": 1, ""first_relevant_rank"": 1}, {""entry_id"": ""E078"", ""category"": ""Non-file (hermes transcript)"", ""ndcg5"": 1.0, ""mrr5"": 1.0, ""hit3"": 1, ""hit1"": 1, ""first_relevant_rank"": 1}, {""entry_id"": ""E079"", ""category"": ""Non-file (hermes transcript)"", ""ndcg5"": 1.0, ""mrr5"": 1.0, ""hit3"": 1, ""hit1"": 1, ""first_relevant_rank"": 1}, {""entry_id"": ""E080"", ""category"": ""Non-file (hermes transcript)"", ""ndcg5"": 0.0, ""mrr5"": 0.0, ""hit3"": 0, ""hit1"": 0, ""first_relevant_rank"": null}, {""entry_id"": ""E081"", ""category"": ""Non-file (hermes transcript)"", ""ndcg5"": 0.6309297535714575, ""mrr5"": 0.5, ""hit3"": 1, ""hit1"": 0, ""first_relevant_rank"": 2}, {""entry_id"": ""E082"", ""category"": ""Non-file (hermes transcript)"", ""ndcg5"": 0.43067655807339306, ""mrr5"": 0.25, ""hit3"": 0, ""hit1"": 0, ""first_relevant_rank"": 4}, {""entry_id"": ""E083"", ""category"": ""Non-file (hermes transcript)"", ""ndcg5"": 1.0, ""mrr5"": 1.0, ""hit3"": 1, ""hit1"": 1, ""first_relevant_rank"": 1}, {""entry_id"": ""E084"", ""category"": ""Non-file (hermes transcript)"", ""ndcg5"": 0.0, ""mrr5"": 0.0, ""hit3"": 0, ""hit1"": 0, ""first_relevant_rank"": null}, {""entry_id"": ""E085"", ""category"": ""Non-file (hermes transcript)"", ""ndcg5"": 1.0, ""mrr5"": 1.0, ""hit3"": 1, ""hit1"": 1, ""first_relevant_rank"": 1}, {""entry_id"": ""E086"", ""category"": ""Non-file (hermes transcript)"", ""ndcg5"": 1.0, ""mrr5"": 1.0, ""hit3"": 1, ""hit1"": 1, ""first_relevant_rank"": 1}, {""entry_id"": ""E087"", ""category"": ""Non-file (hermes transcript)"", ""ndcg5"": 0.6309297535714575, ""mrr5"": 0.5, ""hit3"": 1, ""hit1"": 0, ""first_relevant_rank"": 2}, {""entry_id"": ""E088"", ""category"": ""Non-file (hermes transcript)"", ""ndcg5"": 1.0, ""mrr5"": 1.0, ""hit3"": 1, ""hit1"": 1, ""first_relevant_rank"": 1}, {""entry_id"": ""E089"", ""category"": ""Non-file (hermes transcript)"", ""ndcg5"": 0.6309297535714575, ""mrr5"": 0.5, ""hit3"": 1, ""hit1"": 0, ""first_relevant_rank"": 2}, {""entry_id"": ""E090"", ""category"": ""Non-file (shared tier)"", ""ndcg5"": 1.0, ""mrr5"": 1.0, ""hit3"": 1, ""hit1"": 1, ""first_relevant_rank"": 1}, {""entry_id"": ""E091"", ""category"": ""Non-file (shared tier)"", ""ndcg5"": 1.0, ""mrr5"": 1.0, ""hit3"": 1, ""hit1"": 1, ""first_relevant_rank"": 1}, {""entry_id"": ""E092"", ""category"": ""Non-file (shared tier)"", ""ndcg5"": 1.0, ""mrr5"": 1.0, ""hit3"": 1, ""hit1"": 1, ""first_relevant_rank"": 1}, {""entry_id"": ""E093"", ""category"": ""Non-file (shared tier)"", ""ndcg5"": 1.0, ""mrr5"": 1.0, ""hit3"": 1, ""hit1"": 1, ""first_relevant_rank"": 1}, {""entry_id"": ""E094"", ""category"": ""Non-file (shared tier)"", ""ndcg5"": 1.0, ""mrr5"": 1.0, ""hit3"": 1, ""hit1"": 1, ""first_relevant_rank"": 1}, {""entry_id"": ""E095"", ""category"": ""Non-file (shared tier)"", ""ndcg5"": 1.0, ""mrr5"": 1.0, ""hit3"": 1, ""hit1"": 1, ""first_relevant_rank"": 1}, {""entry_id"": ""E096"", ""category"": ""Non-file (shared tier)"", ""ndcg5"": 1.0, ""mrr5"": 1.0, ""hit3"": 1, ""hit1"": 1, ""first_relevant_rank"": 1}, {""entry_id"": ""E097"", ""category"": ""Non-file (shared tier)"", ""ndcg5"": 1.0, ""mrr5"": 1.0, ""hit3"": 1, ""hit1"": 1, ""first_relevant_rank"": 1}, {""entry_id"": ""E098"", ""category"": ""Non-file (shared tier)"", ""ndcg5"": 1.0, ""mrr5"": 1.0, ""hit3"": 1, ""hit1"": 1, ""first_relevant_rank"": 1}, {""entry_id"": ""E099"", ""category"": ""Non-file (shared tier)"", ""ndcg5"": 1.0, ""mrr5"": 1.0, ""hit3"": 1, ""hit1"": 1, ""first_relevant_rank"": 1}, {""entry_id"": ""E100"", ""category"": ""Non-file (shared tier)"", ""ndcg5"": 1.0, ""mrr5"": 1.0, ""hit3"": 1, ""hit1"": 1, ""first_relevant_rank"": 1}]","{""ADR (Context)"": ""CategoryMetrics(category='ADR (Context)', count=24, mean_ndcg5=0.3854397593176589, mean_mrr5=0.25277777777777777, hit3_rate=0.4583333333333333, hit1_rate=0.0)"", ""ADR (Decision)"": ""CategoryMetrics(category='ADR (Decision)', count=25, mean_ndcg5=0.565639807363828, mean_mrr5=0.5146666666666667, hit3_rate=0.6, hit1_rate=0.4)"", ""ADR (Consequences)"": ""CategoryMetrics(category='ADR (Consequences)', count=24, mean_ndcg5=0.4384882922619096, mean_mrr5=0.40277777777777773, hit3_rate=0.5416666666666666, hit1_rate=0.2916666666666667)"", ""ADR (Content)"": ""CategoryMetrics(category='ADR (Content)', count=2, mean_ndcg5=0.21533827903669653, mean_mrr5=0.125, hit3_rate=0.0, hit1_rate=0.0)"", ""Non-file (hermes transcript)"": ""CategoryMetrics(category='Non-file (hermes transcript)', count=14, mean_ndcg5=0.7016761299134118, mean_mrr5=0.6488095238095238, hit3_rate=0.7857142857142857, hit1_rate=0.5)"", ""Non-file (shared tier)"": ""CategoryMetrics(category='Non-file (shared tier)', count=11, mean_ndcg5=1.0, mean_mrr5=1.0, hit3_rate=1.0, hit1_rate=1.0)""}"
docScoreFormula=max,docScoreFormula,max,memory,100,0.6105391530585856,0.5676666666666667,0.65,0.47,"[{""entry_id"": ""E001"", ""category"": ""ADR (Context)"", ""ndcg5"": 1.0, ""mrr5"": 1.0, ""hit3"": 1, ""hit1"": 1, ""first_relevant_rank"": 1}, {""entry_id"": ""E002"", ""category"": ""ADR (Decision)"", ""ndcg5"": 1.0, ""mrr5"": 1.0, ""hit3"": 1, ""hit1"": 1, ""first_relevant_rank"": 1}, {""entry_id"": ""E003"", ""category"": ""ADR (Consequences)"", ""ndcg5"": 0.0, ""mrr5"": 0.0, ""hit3"": 0, ""hit1"": 0, ""first_relevant_rank"": null}, {""entry_id"": ""E004"", ""category"": ""ADR (Context)"", ""ndcg5"": 0.38685280723454163, ""mrr5"": 0.2, ""hit3"": 0, ""hit1"": 0, ""first_relevant_rank"": 5}, {""entry_id"": ""E005"", ""category"": ""ADR (Decision)"", ""ndcg5"": 0.38685280723454163, ""mrr5"": 0.2, ""hit3"": 0, ""hit1"": 0, ""first_relevant_rank"": 5}, {""entry_id"": ""E006"", ""category"": ""ADR (Consequences)"", ""ndcg5"": 1.0, ""mrr5"": 1.0, ""hit3"": 1, ""hit1"": 1, ""first_relevant_rank"": 1}, {""entry_id"": ""E007"", ""category"": ""ADR (Context)"", ""ndcg5"": 0.5, ""mrr5"": 0.3333333333333333, ""hit3"": 1, ""hit1"": 0, ""first_relevant_rank"": 3}, {""entry_id"": ""E008"", ""category"": ""ADR (Decision)"", ""ndcg5"": 0.0, ""mrr5"": 0.0, ""hit3"": 0, ""hit1"": 0, ""first_relevant_rank"": null}, {""entry_id"": ""E009"", ""category"": ""ADR (Consequences)"", ""ndcg5"": 0.6309297535714575, ""mrr5"": 0.5, ""hit3"": 1, ""hit1"": 0, ""first_relevant_rank"": 2}, {""entry_id"": ""E010"", ""category"": ""ADR (Context)"", ""ndcg5"": 0.6309297535714575, ""mrr5"": 0.5, ""hit3"": 1, ""hit1"": 0, ""first_relevant_rank"": 2}, {""entry_id"": ""E011"", ""category"": ""ADR (Decision)"", ""ndcg5"": 0.5, ""mrr5"": 0.3333333333333333, ""hit3"": 1, ""hit1"": 0, ""first_relevant_rank"": 3}, {""entry_id"": ""E012"", ""category"": ""ADR (Consequences)"", ""ndcg5"": 1.0, ""mrr5"": 1.0, ""hit3"": 1, ""hit1"": 1, ""first_relevant_rank"": 1}, {""entry_id"": ""E013"", ""category"": ""ADR (Context)"", ""ndcg5"": 0.43067655807339306, ""mrr5"": 0.25, ""hit3"": 0, ""hit1"": 0, ""first_relevant_rank"": 4}, {""entry_id"": ""E014"", ""category"": ""ADR (Decision)"", ""ndcg5"": 1.0, ""mrr5"": 1.0, ""hit3"": 1, ""hit1"": 1, ""first_relevant_rank"": 1}, {""entry_id"": ""E015"", ""category"": ""ADR (Consequences)"", ""ndcg5"": 1.0, ""mrr5"": 1.0, ""hit3"": 1, ""hit1"": 1, ""first_relevant_rank"": 1}, {""entry_id"": ""E016"", ""category"": ""ADR (Context)"", ""ndcg5"": 0.43067655807339306, ""mrr5"": 0.25, ""hit3"": 0, ""hit1"": 0, ""first_relevant_rank"": 4}, {""entry_id"": ""E017"", ""category"": ""ADR (Decision)"", ""ndcg5"": 0.0, ""mrr5"": 0.0, ""hit3"": 0, ""hit1"": 0, ""first_relevant_rank"": null}, {""entry_id"": ""E018"", ""category"": ""ADR (Consequences)"", ""ndcg5"": 0.6309297535714575, ""mrr5"": 0.5, ""hit3"": 1, ""hit1"": 0, ""first_relevant_rank"": 2}, {""entry_id"": ""E019"", ""category"": ""ADR (Context)"", ""ndcg5"": 0.6309297535714575, ""mrr5"": 0.5, ""hit3"": 1, ""hit1"": 0, ""first_relevant_rank"": 2}, {""entry_id"": ""E020"", ""category"": ""ADR (Decision)"", ""ndcg5"": 0.0, ""mrr5"": 0.0, ""hit3"": 0, ""hit1"": 0, ""first_relevant_rank"": null}, {""entry_id"": ""E021"", ""category"": ""ADR (Consequences)"", ""ndcg5"": 0.0, ""mrr5"": 0.0, ""hit3"": 0, ""hit1"": 0, ""first_relevant_rank"": null}, {""entry_id"": ""E022"", ""category"": ""ADR (Context)"", ""ndcg5"": 0.0, ""mrr5"": 0.0, ""hit3"": 0, ""hit1"": 0, ""first_relevant_rank"": null}, {""entry_id"": ""E023"", ""category"": ""ADR (Decision)"", ""ndcg5"": 1.0, ""mrr5"": 1.0, ""hit3"": 1, ""hit1"": 1, ""first_relevant_rank"": 1}, {""entry_id"": ""E024"", ""category"": ""ADR (Consequences)"", ""ndcg5"": 0.0, ""mrr5"": 0.0, ""hit3"": 0, ""hit1"": 0, ""first_relevant_rank"": null}, {""entry_id"": ""E025"", ""category"": ""ADR (Context)"", ""ndcg5"": 0.43067655807339306, ""mrr5"": 0.25, ""hit3"": 0, ""hit1"": 0, ""first_relevant_rank"": 4}, {""entry_id"": ""E026"", ""category"": ""ADR (Decision)"", ""ndcg5"": 1.0, ""mrr5"": 1.0, ""hit3"": 1, ""hit1"": 1, ""first_relevant_rank"": 1}, {""entry_id"": ""E027"", ""category"": ""ADR (Consequences)"", ""ndcg5"": 0.0, ""mrr5"": 0.0, ""hit3"": 0, ""hit1"": 0, ""first_relevant_rank"": null}, {""entry_id"": ""E028"", ""category"": ""ADR (Context)"", ""ndcg5"": 1.0, ""mrr5"": 1.0, ""hit3"": 1, ""hit1"": 1, ""first_relevant_rank"": 1}, {""entry_id"": ""E029"", ""category"": ""ADR (Decision)"", ""ndcg5"": 0.0, ""mrr5"": 0.0, ""hit3"": 0, ""hit1"": 0, ""first_relevant_rank"": null}, {""entry_id"": ""E030"", ""category"": ""ADR (Consequences)"", ""ndcg5"": 0.0, ""mrr5"": 0.0, ""hit3"": 0, ""hit1"": 0, ""first_relevant_rank"": null}, {""entry_id"": ""E031"", ""category"": ""ADR (Context)"", ""ndcg5"": 0.6309297535714575, ""mrr5"": 0.5, ""hit3"": 1, ""hit1"": 0, ""first_relevant_rank"": 2}, {""entry_id"": ""E032"", ""category"": ""ADR (Decision)"", ""ndcg5"": 0.38685280723454163, ""mrr5"": 0.2, ""hit3"": 0, ""hit1"": 0, ""first_relevant_rank"": 5}, {""entry_id"": ""E033"", ""category"": ""ADR (Consequences)"", ""ndcg5"": 0.0, ""mrr5"": 0.0, ""hit3"": 0, ""hit1"": 0, ""first_relevant_rank"": null}, {""entry_id"": ""E034"", ""category"": ""ADR (Context)"", ""ndcg5"": 0.0, ""mrr5"": 0.0, ""hit3"": 0, ""hit1"": 0, ""first_relevant_rank"": null}, {""entry_id"": ""E035"", ""category"": ""ADR (Decision)"", ""ndcg5"": 0.0, ""mrr5"": 0.0, ""hit3"": 0, ""hit1"": 0, ""first_relevant_rank"": null}, {""entry_id"": ""E036"", ""category"": ""ADR (Consequences)"", ""ndcg5"": 0.0, ""mrr5"": 0.0, ""hit3"": 0, ""hit1"": 0, ""first_relevant_rank"": null}, {""entry_id"": ""E037"", ""category"": ""ADR (Context)"", ""ndcg5"": 0.6309297535714575, ""mrr5"": 0.5, ""hit3"": 1, ""hit1"": 0, ""first_relevant_rank"": 2}, {""entry_id"": ""E038"", ""category"": ""ADR (Decision)"", ""ndcg5"": 1.0, ""mrr5"": 1.0, ""hit3"": 1, ""hit1"": 1, ""first_relevant_rank"": 1}, {""entry_id"": ""E039"", ""category"": ""ADR (Consequences)"", ""ndcg5"": 0.6309297535714575, ""mrr5"": 0.5, ""hit3"": 1, ""hit1"": 0, ""first_relevant_rank"": 2}, {""entry_id"": ""E040"", ""category"": ""ADR (Context)"", ""ndcg5"": 0.43067655807339306, ""mrr5"": 0.25, ""hit3"": 0, ""hit1"": 0, ""first_relevant_rank"": 4}, {""entry_id"": ""E041"", ""category"": ""ADR (Decision)"", ""ndcg5"": 1.0, ""mrr5"": 1.0, ""hit3"": 1, ""hit1"": 1, ""first_relevant_rank"": 1}, {""entry_id"": ""E042"", ""category"": ""ADR (Consequences)"", ""ndcg5"": 1.0, ""mrr5"": 1.0, ""hit3"": 1, ""hit1"": 1, ""first_relevant_rank"": 1}, {""entry_id"": ""E043"", ""category"": ""ADR (Context)"", ""ndcg5"": 0.0, ""mrr5"": 0.0, ""hit3"": 0, ""hit1"": 0, ""first_relevant_rank"": null}, {""entry_id"": ""E044"", ""category"": ""ADR (Decision)"", ""ndcg5"": 0.6309297535714575, ""mrr5"": 0.5, ""hit3"": 1, ""hit1"": 0, ""first_relevant_rank"": 2}, {""entry_id"": ""E045"", ""category"": ""ADR (Consequences)"", ""ndcg5"": 0.0, ""mrr5"": 0.0, ""hit3"": 0, ""hit1"": 0, ""first_relevant_rank"": null}, {""entry_id"": ""E046"", ""category"": ""ADR (Content)"", ""ndcg5"": 1.0, ""mrr5"": 1.0, ""hit3"": 1, ""hit1"": 1, ""first_relevant_rank"": 1}, {""entry_id"": ""E047"", ""category"": ""ADR (Decision)"", ""ndcg5"": 1.0, ""mrr5"": 1.0, ""hit3"": 1, ""hit1"": 1, ""first_relevant_rank"": 1}, {""entry_id"": ""E048"", ""category"": ""ADR (Consequences)"", ""ndcg5"": 1.0, ""mrr5"": 1.0, ""hit3"": 1, ""hit1"": 1, ""first_relevant_rank"": 1}, {""entry_id"": ""E049"", ""category"": ""ADR (Context)"", ""ndcg5"": 1.0, ""mrr5"": 1.0, ""hit3"": 1, ""hit1"": 1, ""first_relevant_rank"": 1}, {""entry_id"": ""E050"", ""category"": ""ADR (Decision)"", ""ndcg5"": 0.5, ""mrr5"": 0.3333333333333333, ""hit3"": 1, ""hit1"": 0, ""first_relevant_rank"": 3}, {""entry_id"": ""E051"", ""category"": ""ADR (Consequences)"", ""ndcg5"": 1.0, ""mrr5"": 1.0, ""hit3"": 1, ""hit1"": 1, ""first_relevant_rank"": 1}, {""entry_id"": ""E052"", ""category"": ""ADR (Context)"", ""ndcg5"": 1.0, ""mrr5"": 1.0, ""hit3"": 1, ""hit1"": 1, ""first_relevant_rank"": 1}, {""entry_id"": ""E053"", ""category"": ""ADR (Decision)"", ""ndcg5"": 1.0, ""mrr5"": 1.0, ""hit3"": 1, ""hit1"": 1, ""first_relevant_rank"": 1}, {""entry_id"": ""E054"", ""category"": ""ADR (Consequences)"", ""ndcg5"": 1.0, ""mrr5"": 1.0, ""hit3"": 1, ""hit1"": 1, ""first_relevant_rank"": 1}, {""entry_id"": ""E055"", ""category"": ""ADR (Context)"", ""ndcg5"": 1.0, ""mrr5"": 1.0, ""hit3"": 1, ""hit1"": 1, ""first_relevant_rank"": 1}, {""entry_id"": ""E056"", ""category"": ""ADR (Decision)"", ""ndcg5"": 0.5, ""mrr5"": 0.3333333333333333, ""hit3"": 1, ""hit1"": 0, ""first_relevant_rank"": 3}, {""entry_id"": ""E057"", ""category"": ""ADR (Content)"", ""ndcg5"": 0.0, ""mrr5"": 0.0, ""hit3"": 0, ""hit1"": 0, ""first_relevant_rank"": null}, {""entry_id"": ""E058"", ""category"": ""ADR (Context)"", ""ndcg5"": 1.0, ""mrr5"": 1.0, ""hit3"": 1, ""hit1"": 1, ""first_relevant_rank"": 1}, {""entry_id"": ""E059"", ""category"": ""ADR (Decision)"", ""ndcg5"": 0.5, ""mrr5"": 0.3333333333333333, ""hit3"": 1, ""hit1"": 0, ""first_relevant_rank"": 3}, {""entry_id"": ""E060"", ""category"": ""ADR (Consequences)"", ""ndcg5"": 0.43067655807339306, ""mrr5"": 0.25, ""hit3"": 0, ""hit1"": 0, ""first_relevant_rank"": 4}, {""entry_id"": ""E061"", ""category"": ""ADR (Context)"", ""ndcg5"": 1.0, ""mrr5"": 1.0, ""hit3"": 1, ""hit1"": 1, ""first_relevant_rank"": 1}, {""entry_id"": ""E062"", ""category"": ""ADR (Decision)"", ""ndcg5"": 0.0, ""mrr5"": 0.0, ""hit3"": 0, ""hit1"": 0, ""first_relevant_rank"": null}, {""entry_id"": ""E063"", ""category"": ""ADR (Consequences)"", ""ndcg5"": 0.0, ""mrr5"": 0.0, ""hit3"": 0, ""hit1"": 0, ""first_relevant_rank"": null}, {""entry_id"": ""E064"", ""category"": ""ADR (Context)"", ""ndcg5"": 0.5, ""mrr5"": 0.3333333333333333, ""hit3"": 1, ""hit1"": 0, ""first_relevant_rank"": 3}, {""entry_id"": ""E065"", ""category"": ""ADR (Decision)"", ""ndcg5"": 0.0, ""mrr5"": 0.0, ""hit3"": 0, ""hit1"": 0, ""first_relevant_rank"": null}, {""entry_id"": ""E066"", ""category"": ""ADR (Consequences)"", ""ndcg5"": 0.0, ""mrr5"": 0.0, ""hit3"": 0, ""hit1"": 0, ""first_relevant_rank"": null}, {""entry_id"": ""E067"", ""category"": ""ADR (Context)"", ""ndcg5"": 1.0, ""mrr5"": 1.0, ""hit3"": 1, ""hit1"": 1, ""first_relevant_rank"": 1}, {""entry_id"": ""E068"", ""category"": ""ADR (Decision)"", ""ndcg5"": 0.5, ""mrr5"": 0.3333333333333333, ""hit3"": 1, ""hit1"": 0, ""first_relevant_rank"": 3}, {""entry_id"": ""E069"", ""category"": ""ADR (Consequences)"", ""ndcg5"": 0.0, ""mrr5"": 0.0, ""hit3"": 0, ""hit1"": 0, ""first_relevant_rank"": null}, {""entry_id"": ""E070"", ""category"": ""ADR (Context)"", ""ndcg5"": 1.0, ""mrr5"": 1.0, ""hit3"": 1, ""hit1"": 1, ""first_relevant_rank"": 1}, {""entry_id"": ""E071"", ""category"": ""ADR (Decision)"", ""ndcg5"": 0.0, ""mrr5"": 0.0, ""hit3"": 0, ""hit1"": 0, ""first_relevant_rank"": null}, {""entry_id"": ""E072"", ""category"": ""ADR (Consequences)"", ""ndcg5"": 0.0, ""mrr5"": 0.0, ""hit3"": 0, ""hit1"": 0, ""first_relevant_rank"": null}, {""entry_id"": ""E073"", ""category"": ""ADR (Context)"", ""ndcg5"": 0.5, ""mrr5"": 0.3333333333333333, ""hit3"": 1, ""hit1"": 0, ""first_relevant_rank"": 3}, {""entry_id"": ""E074"", ""category"": ""ADR (Decision)"", ""ndcg5"": 0.6309297535714575, ""mrr5"": 0.5, ""hit3"": 1, ""hit1"": 0, ""first_relevant_rank"": 2}, {""entry_id"": ""E075"", ""category"": ""ADR (Consequences)"", ""ndcg5"": 1.0, ""mrr5"": 1.0, ""hit3"": 1, ""hit1"": 1, ""first_relevant_rank"": 1}, {""entry_id"": ""E076"", ""category"": ""Non-file (hermes transcript)"", ""ndcg5"": 1.0, ""mrr5"": 1.0, ""hit3"": 1, ""hit1"": 1, ""first_relevant_rank"": 1}, {""entry_id"": ""E077"", ""category"": ""Non-file (hermes transcript)"", ""ndcg5"": 1.0, ""mrr5"": 1.0, ""hit3"": 1, ""hit1"": 1, ""first_relevant_rank"": 1}, {""entry_id"": ""E078"", ""category"": ""Non-file (hermes transcript)"", ""ndcg5"": 1.0, ""mrr5"": 1.0, ""hit3"": 1, ""hit1"": 1, ""first_relevant_rank"": 1}, {""entry_id"": ""E079"", ""category"": ""Non-file (hermes transcript)"", ""ndcg5"": 1.0, ""mrr5"": 1.0, ""hit3"": 1, ""hit1"": 1, ""first_relevant_rank"": 1}, {""entry_id"": ""E080"", ""category"": ""Non-file (hermes transcript)"", ""ndcg5"": 0.0, ""mrr5"": 0.0, ""hit3"": 0, ""hit1"": 0, ""first_relevant_rank"": null}, {""entry_id"": ""E081"", ""category"": ""Non-file (hermes transcript)"", ""ndcg5"": 1.0, ""mrr5"": 1.0, ""hit3"": 1, ""hit1"": 1, ""first_relevant_rank"": 1}, {""entry_id"": ""E082"", ""category"": ""Non-file (hermes transcript)"", ""ndcg5"": 0.43067655807339306, ""mrr5"": 0.25, ""hit3"": 0, ""hit1"": 0, ""first_relevant_rank"": 4}, {""entry_id"": ""E083"", ""category"": ""Non-file (hermes transcript)"", ""ndcg5"": 1.0, ""mrr5"": 1.0, ""hit3"": 1, ""hit1"": 1, ""first_relevant_rank"": 1}, {""entry_id"": ""E084"", ""category"": ""Non-file (hermes transcript)"", ""ndcg5"": 0.0, ""mrr5"": 0.0, ""hit3"": 0, ""hit1"": 0, ""first_relevant_rank"": null}, {""entry_id"": ""E085"", ""category"": ""Non-file (hermes transcript)"", ""ndcg5"": 1.0, ""mrr5"": 1.0, ""hit3"": 1, ""hit1"": 1, ""first_relevant_rank"": 1}, {""entry_id"": ""E086"", ""category"": ""Non-file (hermes transcript)"", ""ndcg5"": 1.0, ""mrr5"": 1.0, ""hit3"": 1, ""hit1"": 1, ""first_relevant_rank"": 1}, {""entry_id"": ""E087"", ""category"": ""Non-file (hermes transcript)"", ""ndcg5"": 1.0, ""mrr5"": 1.0, ""hit3"": 1, ""hit1"": 1, ""first_relevant_rank"": 1}, {""entry_id"": ""E088"", ""category"": ""Non-file (hermes transcript)"", ""ndcg5"": 1.0, ""mrr5"": 1.0, ""hit3"": 1, ""hit1"": 1, ""first_relevant_rank"": 1}, {""entry_id"": ""E089"", ""category"": ""Non-file (hermes transcript)"", ""ndcg5"": 0.6309297535714575, ""mrr5"": 0.5, ""hit3"": 1, ""hit1"": 0, ""first_relevant_rank"": 2}, {""entry_id"": ""E090"", ""category"": ""Non-file (shared tier)"", ""ndcg5"": 1.0, ""mrr5"": 1.0, ""hit3"": 1, ""hit1"": 1, ""first_relevant_rank"": 1}, {""entry_id"": ""E091"", ""category"": ""Non-file (shared tier)"", ""ndcg5"": 1.0, ""mrr5"": 1.0, ""hit3"": 1, ""hit1"": 1, ""first_relevant_rank"": 1}, {""entry_id"": ""E092"", ""category"": ""Non-file (shared tier)"", ""ndcg5"": 1.0, ""mrr5"": 1.0, ""hit3"": 1, ""hit1"": 1, ""first_relevant_rank"": 1}, {""entry_id"": ""E093"", ""category"": ""Non-file (shared tier)"", ""ndcg5"": 1.0, ""mrr5"": 1.0, ""hit3"": 1, ""hit1"": 1, ""first_relevant_rank"": 1}, {""entry_id"": ""E094"", ""category"": ""Non-file (shared tier)"", ""ndcg5"": 1.0, ""mrr5"": 1.0, ""hit3"": 1, ""hit1"": 1, ""first_relevant_rank"": 1}, {""entry_id"": ""E095"", ""category"": ""Non-file (shared tier)"", ""ndcg5"": 1.0, ""mrr5"": 1.0, ""hit3"": 1, ""hit1"": 1, ""first_relevant_rank"": 1}, {""entry_id"": ""E096"", ""category"": ""Non-file (shared tier)"", ""ndcg5"": 1.0, ""mrr5"": 1.0, ""hit3"": 1, ""hit1"": 1, ""first_relevant_rank"": 1}, {""entry_id"": ""E097"", ""category"": ""Non-file (shared tier)"", ""ndcg5"": 1.0, ""mrr5"": 1.0, ""hit3"": 1, ""hit1"": 1, ""first_relevant_rank"": 1}, {""entry_id"": ""E098"", ""category"": ""Non-file (shared tier)"", ""ndcg5"": 1.0, ""mrr5"": 1.0, ""hit3"": 1, ""hit1"": 1, ""first_relevant_rank"": 1}, {""entry_id"": ""E099"", ""category"": ""Non-file (shared tier)"", ""ndcg5"": 1.0, ""mrr5"": 1.0, ""hit3"": 1, ""hit1"": 1, ""first_relevant_rank"": 1}, {""entry_id"": ""E100"", ""category"": ""Non-file (shared tier)"", ""ndcg5"": 1.0, ""mrr5"": 1.0, ""hit3"": 1, ""hit1"": 1, ""first_relevant_rank"": 1}]","{""ADR (Context)"": ""CategoryMetrics(category='ADR (Context)', count=24, mean_ndcg5=0.6305532522422477, mean_mrr5=0.5499999999999999, hit3_rate=0.6666666666666666, hit1_rate=0.375)"", ""ADR (Decision)"": ""CategoryMetrics(category='ADR (Decision)', count=25, mean_ndcg5=0.50142260486448, mean_mrr5=0.44266666666666665, hit3_rate=0.6, hit1_rate=0.32)"", ""ADR (Consequences)"": ""CategoryMetrics(category='ADR (Consequences)', count=24, mean_ndcg5=0.43014440911615687, mean_mrr5=0.40625, hit3_rate=0.4583333333333333, hit1_rate=0.3333333333333333)"", ""ADR (Content)"": ""CategoryMetrics(category='ADR (Content)', count=2, mean_ndcg5=0.5, mean_mrr5=0.5, hit3_rate=0.5, hit1_rate=0.5)"", ""Non-file (hermes transcript)"": ""CategoryMetrics(category='Non-file (hermes transcript)', count=14, mean_ndcg5=0.7901147365460607, mean_mrr5=0.7678571428571429, hit3_rate=0.7857142857142857, hit1_rate=0.7142857142857143)"", ""Non-file (shared tier)"": ""CategoryMetrics(category='Non-file (shared tier)', count=11, mean_ndcg5=1.0, mean_mrr5=1.0, hit3_rate=1.0, hit1_rate=1.0)""}"
docScoreFormula=sum,docScoreFormula,sum,memory,100,0.6105391530585856,0.5676666666666667,0.65,0.47,"[{""entry_id"": ""E001"", ""category"": ""ADR (Context)"", ""ndcg5"": 1.0, ""mrr5"": 1.0, ""hit3"": 1, ""hit1"": 1, ""first_relevant_rank"": 1}, {""entry_id"": ""E002"", ""category"": ""ADR (Decision)"", ""ndcg5"": 1.0, ""mrr5"": 1.0, ""hit3"": 1, ""hit1"": 1, ""first_relevant_rank"": 1}, {""entry_id"": ""E003"", ""category"": ""ADR (Consequences)"", ""ndcg5"": 0.0, ""mrr5"": 0.0, ""hit3"": 0, ""hit1"": 0, ""first_relevant_rank"": null}, {""entry_id"": ""E004"", ""category"": ""ADR (Context)"", ""ndcg5"": 0.38685280723454163, ""mrr5"": 0.2, ""hit3"": 0, ""hit1"": 0, ""first_relevant_rank"": 5}, {""entry_id"": ""E005"", ""category"": ""ADR (Decision)"", ""ndcg5"": 0.38685280723454163, ""mrr5"": 0.2, ""hit3"": 0, ""hit1"": 0, ""first_relevant_rank"": 5}, {""entry_id"": ""E006"", ""category"": ""ADR (Consequences)"", ""ndcg5"": 1.0, ""mrr5"": 1.0, ""hit3"": 1, ""hit1"": 1, ""first_relevant_rank"": 1}, {""entry_id"": ""E007"", ""category"": ""ADR (Context)"", ""ndcg5"": 0.5, ""mrr5"": 0.3333333333333333, ""hit3"": 1, ""hit1"": 0, ""first_relevant_rank"": 3}, {""entry_id"": ""E008"", ""category"": ""ADR (Decision)"", ""ndcg5"": 0.0, ""mrr5"": 0.0, ""hit3"": 0, ""hit1"": 0, ""first_relevant_rank"": null}, {""entry_id"": ""E009"", ""category"": ""ADR (Consequences)"", ""ndcg5"": 0.6309297535714575, ""mrr5"": 0.5, ""hit3"": 1, ""hit1"": 0, ""first_relevant_rank"": 2}, {""entry_id"": ""E010"", ""category"": ""ADR (Context)"", ""ndcg5"": 0.6309297535714575, ""mrr5"": 0.5, ""hit3"": 1, ""hit1"": 0, ""first_relevant_rank"": 2}, {""entry_id"": ""E011"", ""category"": ""ADR (Decision)"", ""ndcg5"": 0.5, ""mrr5"": 0.3333333333333333, ""hit3"": 1, ""hit1"": 0, ""first_relevant_rank"": 3}, {""entry_id"": ""E012"", ""category"": ""ADR (Consequences)"", ""ndcg5"": 1.0, ""mrr5"": 1.0, ""hit3"": 1, ""hit1"": 1, ""first_relevant_rank"": 1}, {""entry_id"": ""E013"", ""category"": ""ADR (Context)"", ""ndcg5"": 0.43067655807339306, ""mrr5"": 0.25, ""hit3"": 0, ""hit1"": 0, ""first_relevant_rank"": 4}, {""entry_id"": ""E014"", ""category"": ""ADR (Decision)"", ""ndcg5"": 1.0, ""mrr5"": 1.0, ""hit3"": 1, ""hit1"": 1, ""first_relevant_rank"": 1}, {""entry_id"": ""E015"", ""category"": ""ADR (Consequences)"", ""ndcg5"": 1.0, ""mrr5"": 1.0, ""hit3"": 1, ""hit1"": 1, ""first_relevant_rank"": 1}, {""entry_id"": ""E016"", ""category"": ""ADR (Context)"", ""ndcg5"": 0.43067655807339306, ""mrr5"": 0.25, ""hit3"": 0, ""hit1"": 0, ""first_relevant_rank"": 4}, {""entry_id"": ""E017"", ""category"": ""ADR (Decision)"", ""ndcg5"": 0.0, ""mrr5"": 0.0, ""hit3"": 0, ""hit1"": 0, ""first_relevant_rank"": null}, {""entry_id"": ""E018"", ""category"": ""ADR (Consequences)"", ""ndcg5"": 0.6309297535714575, ""mrr5"": 0.5, ""hit3"": 1, ""hit1"": 0, ""first_relevant_rank"": 2}, {""entry_id"": ""E019"", ""category"": ""ADR (Context)"", ""ndcg5"": 0.6309297535714575, ""mrr5"": 0.5, ""hit3"": 1, ""hit1"": 0, ""first_relevant_rank"": 2}, {""entry_id"": ""E020"", ""category"": ""ADR (Decision)"", ""ndcg5"": 0.0, ""mrr5"": 0.0, ""hit3"": 0, ""hit1"": 0, ""first_relevant_rank"": null}, {""entry_id"": ""E021"", ""category"": ""ADR (Consequences)"", ""ndcg5"": 0.0, ""mrr5"": 0.0, ""hit3"": 0, ""hit1"": 0, ""first_relevant_rank"": null}, {""entry_id"": ""E022"", ""category"": ""ADR (Context)"", ""ndcg5"": 0.0, ""mrr5"": 0.0, ""hit3"": 0, ""hit1"": 0, ""first_relevant_rank"": null}, {""entry_id"": ""E023"", ""category"": ""ADR (Decision)"", ""ndcg5"": 1.0, ""mrr5"": 1.0, ""hit3"": 1, ""hit1"": 1, ""first_relevant_rank"": 1}, {""entry_id"": ""E024"", ""category"": ""ADR (Consequences)"", ""ndcg5"": 0.0, ""mrr5"": 0.0, ""hit3"": 0, ""hit1"": 0, ""first_relevant_rank"": null}, {""entry_id"": ""E025"", ""category"": ""ADR (Context)"", ""ndcg5"": 0.43067655807339306, ""mrr5"": 0.25, ""hit3"": 0, ""hit1"": 0, ""first_relevant_rank"": 4}, {""entry_id"": ""E026"", ""category"": ""ADR (Decision)"", ""ndcg5"": 1.0, ""mrr5"": 1.0, ""hit3"": 1, ""hit1"": 1, ""first_relevant_rank"": 1}, {""entry_id"": ""E027"", ""category"": ""ADR (Consequences)"", ""ndcg5"": 0.0, ""mrr5"": 0.0, ""hit3"": 0, ""hit1"": 0, ""first_relevant_rank"": null}, {""entry_id"": ""E028"", ""category"": ""ADR (Context)"", ""ndcg5"": 1.0, ""mrr5"": 1.0, ""hit3"": 1, ""hit1"": 1, ""first_relevant_rank"": 1}, {""entry_id"": ""E029"", ""category"": ""ADR (Decision)"", ""ndcg5"": 0.0, ""mrr5"": 0.0, ""hit3"": 0, ""hit1"": 0, ""first_relevant_rank"": null}, {""entry_id"": ""E030"", ""category"": ""ADR (Consequences)"", ""ndcg5"": 0.0, ""mrr5"": 0.0, ""hit3"": 0, ""hit1"": 0, ""first_relevant_rank"": null}, {""entry_id"": ""E031"", ""category"": ""ADR (Context)"", ""ndcg5"": 0.6309297535714575, ""mrr5"": 0.5, ""hit3"": 1, ""hit1"": 0, ""first_relevant_rank"": 2}, {""entry_id"": ""E032"", ""category"": ""ADR (Decision)"", ""ndcg5"": 0.38685280723454163, ""mrr5"": 0.2, ""hit3"": 0, ""hit1"": 0, ""first_relevant_rank"": 5}, {""entry_id"": ""E033"", ""category"": ""ADR (Consequences)"", ""ndcg5"": 0.0, ""mrr5"": 0.0, ""hit3"": 0, ""hit1"": 0, ""first_relevant_rank"": null}, {""entry_id"": ""E034"", ""category"": ""ADR (Context)"", ""ndcg5"": 0.0, ""mrr5"": 0.0, ""hit3"": 0, ""hit1"": 0, ""first_relevant_rank"": null}, {""entry_id"": ""E035"", ""category"": ""ADR (Decision)"", ""ndcg5"": 0.0, ""mrr5"": 0.0, ""hit3"": 0, ""hit1"": 0, ""first_relevant_rank"": null}, {""entry_id"": ""E036"", ""category"": ""ADR (Consequences)"", ""ndcg5"": 0.0, ""mrr5"": 0.0, ""hit3"": 0, ""hit1"": 0, ""first_relevant_rank"": null}, {""entry_id"": ""E037"", ""category"": ""ADR (Context)"", ""ndcg5"": 0.6309297535714575, ""mrr5"": 0.5, ""hit3"": 1, ""hit1"": 0, ""first_relevant_rank"": 2}, {""entry_id"": ""E038"", ""category"": ""ADR (Decision)"", ""ndcg5"": 1.0, ""mrr5"": 1.0, ""hit3"": 1, ""hit1"": 1, ""first_relevant_rank"": 1}, {""entry_id"": ""E039"", ""category"": ""ADR (Consequences)"", ""ndcg5"": 0.6309297535714575, ""mrr5"": 0.5, ""hit3"": 1, ""hit1"": 0, ""first_relevant_rank"": 2}, {""entry_id"": ""E040"", ""category"": ""ADR (Context)"", ""ndcg5"": 0.43067655807339306, ""mrr5"": 0.25, ""hit3"": 0, ""hit1"": 0, ""first_relevant_rank"": 4}, {""entry_id"": ""E041"", ""category"": ""ADR (Decision)"", ""ndcg5"": 1.0, ""mrr5"": 1.0, ""hit3"": 1, ""hit1"": 1, ""first_relevant_rank"": 1}, {""entry_id"": ""E042"", ""category"": ""ADR (Consequences)"", ""ndcg5"": 1.0, ""mrr5"": 1.0, ""hit3"": 1, ""hit1"": 1, ""first_relevant_rank"": 1}, {""entry_id"": ""E043"", ""category"": ""ADR (Context)"", ""ndcg5"": 0.0, ""mrr5"": 0.0, ""hit3"": 0, ""hit1"": 0, ""first_relevant_rank"": null}, {""entry_id"": ""E044"", ""category"": ""ADR (Decision)"", ""ndcg5"": 0.6309297535714575, ""mrr5"": 0.5, ""hit3"": 1, ""hit1"": 0, ""first_relevant_rank"": 2}, {""entry_id"": ""E045"", ""category"": ""ADR (Consequences)"", ""ndcg5"": 0.0, ""mrr5"": 0.0, ""hit3"": 0, ""hit1"": 0, ""first_relevant_rank"": null}, {""entry_id"": ""E046"", ""category"": ""ADR (Content)"", ""ndcg5"": 1.0, ""mrr5"": 1.0, ""hit3"": 1, ""hit1"": 1, ""first_relevant_rank"": 1}, {""entry_id"": ""E047"", ""category"": ""ADR (Decision)"", ""ndcg5"": 1.0, ""mrr5"": 1.0, ""hit3"": 1, ""hit1"": 1, ""first_relevant_rank"": 1}, {""entry_id"": ""E048"", ""category"": ""ADR (Consequences)"", ""ndcg5"": 1.0, ""mrr5"": 1.0, ""hit3"": 1, ""hit1"": 1, ""first_relevant_rank"": 1}, {""entry_id"": ""E049"", ""category"": ""ADR (Context)"", ""ndcg5"": 1.0, ""mrr5"": 1.0, ""hit3"": 1, ""hit1"": 1, ""first_relevant_rank"": 1}, {""entry_id"": ""E050"", ""category"": ""ADR (Decision)"", ""ndcg5"": 0.5, ""mrr5"": 0.3333333333333333, ""hit3"": 1, ""hit1"": 0, ""first_relevant_rank"": 3}, {""entry_id"": ""E051"", ""category"": ""ADR (Consequences)"", ""ndcg5"": 1.0, ""mrr5"": 1.0, ""hit3"": 1, ""hit1"": 1, ""first_relevant_rank"": 1}, {""entry_id"": ""E052"", ""category"": ""ADR (Context)"", ""ndcg5"": 1.0, ""mrr5"": 1.0, ""hit3"": 1, ""hit1"": 1, ""first_relevant_rank"": 1}, {""entry_id"": ""E053"", ""category"": ""ADR (Decision)"", ""ndcg5"": 1.0, ""mrr5"": 1.0, ""hit3"": 1, ""hit1"": 1, ""first_relevant_rank"": 1}, {""entry_id"": ""E054"", ""category"": ""ADR (Consequences)"", ""ndcg5"": 1.0, ""mrr5"": 1.0, ""hit3"": 1, ""hit1"": 1, ""first_relevant_rank"": 1}, {""entry_id"": ""E055"", ""category"": ""ADR (Context)"", ""ndcg5"": 1.0, ""mrr5"": 1.0, ""hit3"": 1, ""hit1"": 1, ""first_relevant_rank"": 1}, {""entry_id"": ""E056"", ""category"": ""ADR (Decision)"", ""ndcg5"": 0.5, ""mrr5"": 0.3333333333333333, ""hit3"": 1, ""hit1"": 0, ""first_relevant_rank"": 3}, {""entry_id"": ""E057"", ""category"": ""ADR (Content)"", ""ndcg5"": 0.0, ""mrr5"": 0.0, ""hit3"": 0, ""hit1"": 0, ""first_relevant_rank"": null}, {""entry_id"": ""E058"", ""category"": ""ADR (Context)"", ""ndcg5"": 1.0, ""mrr5"": 1.0, ""hit3"": 1, ""hit1"": 1, ""first_relevant_rank"": 1}, {""entry_id"": ""E059"", ""category"": ""ADR (Decision)"", ""ndcg5"": 0.5, ""mrr5"": 0.3333333333333333, ""hit3"": 1, ""hit1"": 0, ""first_relevant_rank"": 3}, {""entry_id"": ""E060"", ""category"": ""ADR (Consequences)"", ""ndcg5"": 0.43067655807339306, ""mrr5"": 0.25, ""hit3"": 0, ""hit1"": 0, ""first_relevant_rank"": 4}, {""entry_id"": ""E061"", ""category"": ""ADR (Context)"", ""ndcg5"": 1.0, ""mrr5"": 1.0, ""hit3"": 1, ""hit1"": 1, ""first_relevant_rank"": 1}, {""entry_id"": ""E062"", ""category"": ""ADR (Decision)"", ""ndcg5"": 0.0, ""mrr5"": 0.0, ""hit3"": 0, ""hit1"": 0, ""first_relevant_rank"": null}, {""entry_id"": ""E063"", ""category"": ""ADR (Consequences)"", ""ndcg5"": 0.0, ""mrr5"": 0.0, ""hit3"": 0, ""hit1"": 0, ""first_relevant_rank"": null}, {""entry_id"": ""E064"", ""category"": ""ADR (Context)"", ""ndcg5"": 0.5, ""mrr5"": 0.3333333333333333, ""hit3"": 1, ""hit1"": 0, ""first_relevant_rank"": 3}, {""entry_id"": ""E065"", ""category"": ""ADR (Decision)"", ""ndcg5"": 0.0, ""mrr5"": 0.0, ""hit3"": 0, ""hit1"": 0, ""first_relevant_rank"": null}, {""entry_id"": ""E066"", ""category"": ""ADR (Consequences)"", ""ndcg5"": 0.0, ""mrr5"": 0.0, ""hit3"": 0, ""hit1"": 0, ""first_relevant_rank"": null}, {""entry_id"": ""E067"", ""category"": ""ADR (Context)"", ""ndcg5"": 1.0, ""mrr5"": 1.0, ""hit3"": 1, ""hit1"": 1, ""first_relevant_rank"": 1}, {""entry_id"": ""E068"", ""category"": ""ADR (Decision)"", ""ndcg5"": 0.5, ""mrr5"": 0.3333333333333333, ""hit3"": 1, ""hit1"": 0, ""first_relevant_rank"": 3}, {""entry_id"": ""E069"", ""category"": ""ADR (Consequences)"", ""ndcg5"": 0.0, ""mrr5"": 0.0, ""hit3"": 0, ""hit1"": 0, ""first_relevant_rank"": null}, {""entry_id"": ""E070"", ""category"": ""ADR (Context)"", ""ndcg5"": 1.0, ""mrr5"": 1.0, ""hit3"": 1, ""hit1"": 1, ""first_relevant_rank"": 1}, {""entry_id"": ""E071"", ""category"": ""ADR (Decision)"", ""ndcg5"": 0.0, ""mrr5"": 0.0, ""hit3"": 0, ""hit1"": 0, ""first_relevant_rank"": null}, {""entry_id"": ""E072"", ""category"": ""ADR (Consequences)"", ""ndcg5"": 0.0, ""mrr5"": 0.0, ""hit3"": 0, ""hit1"": 0, ""first_relevant_rank"": null}, {""entry_id"": ""E073"", ""category"": ""ADR (Context)"", ""ndcg5"": 0.5, ""mrr5"": 0.3333333333333333, ""hit3"": 1, ""hit1"": 0, ""first_relevant_rank"": 3}, {""entry_id"": ""E074"", ""category"": ""ADR (Decision)"", ""ndcg5"": 0.6309297535714575, ""mrr5"": 0.5, ""hit3"": 1, ""hit1"": 0, ""first_relevant_rank"": 2}, {""entry_id"": ""E075"", ""category"": ""ADR (Consequences)"", ""ndcg5"": 1.0, ""mrr5"": 1.0, ""hit3"": 1, ""hit1"": 1, ""first_relevant_rank"": 1}, {""entry_id"": ""E076"", ""category"": ""Non-file (hermes transcript)"", ""ndcg5"": 1.0, ""mrr5"": 1.0, ""hit3"": 1, ""hit1"": 1, ""first_relevant_rank"": 1}, {""entry_id"": ""E077"", ""category"": ""Non-file (hermes transcript)"", ""ndcg5"": 1.0, ""mrr5"": 1.0, ""hit3"": 1, ""hit1"": 1, ""first_relevant_rank"": 1}, {""entry_id"": ""E078"", ""category"": ""Non-file (hermes transcript)"", ""ndcg5"": 1.0, ""mrr5"": 1.0, ""hit3"": 1, ""hit1"": 1, ""first_relevant_rank"": 1}, {""entry_id"": ""E079"", ""category"": ""Non-file (hermes transcript)"", ""ndcg5"": 1.0, ""mrr5"": 1.0, ""hit3"": 1, ""hit1"": 1, ""first_relevant_rank"": 1}, {""entry_id"": ""E080"", ""category"": ""Non-file (hermes transcript)"", ""ndcg5"": 0.0, ""mrr5"": 0.0, ""hit3"": 0, ""hit1"": 0, ""first_relevant_rank"": null}, {""entry_id"": ""E081"", ""category"": ""Non-file (hermes transcript)"", ""ndcg5"": 1.0, ""mrr5"": 1.0, ""hit3"": 1, ""hit1"": 1, ""first_relevant_rank"": 1}, {""entry_id"": ""E082"", ""category"": ""Non-file (hermes transcript)"", ""ndcg5"": 0.43067655807339306, ""mrr5"": 0.25, ""hit3"": 0, ""hit1"": 0, ""first_relevant_rank"": 4}, {""entry_id"": ""E083"", ""category"": ""Non-file (hermes transcript)"", ""ndcg5"": 1.0, ""mrr5"": 1.0, ""hit3"": 1, ""hit1"": 1, ""first_relevant_rank"": 1}, {""entry_id"": ""E084"", ""category"": ""Non-file (hermes transcript)"", ""ndcg5"": 0.0, ""mrr5"": 0.0, ""hit3"": 0, ""hit1"": 0, ""first_relevant_rank"": null}, {""entry_id"": ""E085"", ""category"": ""Non-file (hermes transcript)"", ""ndcg5"": 1.0, ""mrr5"": 1.0, ""hit3"": 1, ""hit1"": 1, ""first_relevant_rank"": 1}, {""entry_id"": ""E086"", ""category"": ""Non-file (hermes transcript)"", ""ndcg5"": 1.0, ""mrr5"": 1.0, ""hit3"": 1, ""hit1"": 1, ""first_relevant_rank"": 1}, {""entry_id"": ""E087"", ""category"": ""Non-file (hermes transcript)"", ""ndcg5"": 1.0, ""mrr5"": 1.0, ""hit3"": 1, ""hit1"": 1, ""first_relevant_rank"": 1}, {""entry_id"": ""E088"", ""category"": ""Non-file (hermes transcript)"", ""ndcg5"": 1.0, ""mrr5"": 1.0, ""hit3"": 1, ""hit1"": 1, ""first_relevant_rank"": 1}, {""entry_id"": ""E089"", ""category"": ""Non-file (hermes transcript)"", ""ndcg5"": 0.6309297535714575, ""mrr5"": 0.5, ""hit3"": 1, ""hit1"": 0, ""first_relevant_rank"": 2}, {""entry_id"": ""E090"", ""category"": ""Non-file (shared tier)"", ""ndcg5"": 1.0, ""mrr5"": 1.0, ""hit3"": 1, ""hit1"": 1, ""first_relevant_rank"": 1}, {""entry_id"": ""E091"", ""category"": ""Non-file (shared tier)"", ""ndcg5"": 1.0, ""mrr5"": 1.0, ""hit3"": 1, ""hit1"": 1, ""first_relevant_rank"": 1}, {""entry_id"": ""E092"", ""category"": ""Non-file (shared tier)"", ""ndcg5"": 1.0, ""mrr5"": 1.0, ""hit3"": 1, ""hit1"": 1, ""first_relevant_rank"": 1}, {""entry_id"": ""E093"", ""category"": ""Non-file (shared tier)"", ""ndcg5"": 1.0, ""mrr5"": 1.0, ""hit3"": 1, ""hit1"": 1, ""first_relevant_rank"": 1}, {""entry_id"": ""E094"", ""category"": ""Non-file (shared tier)"", ""ndcg5"": 1.0, ""mrr5"": 1.0, ""hit3"": 1, ""hit1"": 1, ""first_relevant_rank"": 1}, {""entry_id"": ""E095"", ""category"": ""Non-file (shared tier)"", ""ndcg5"": 1.0, ""mrr5"": 1.0, ""hit3"": 1, ""hit1"": 1, ""first_relevant_rank"": 1}, {""entry_id"": ""E096"", ""category"": ""Non-file (shared tier)"", ""ndcg5"": 1.0, ""mrr5"": 1.0, ""hit3"": 1, ""hit1"": 1, ""first_relevant_rank"": 1}, {""entry_id"": ""E097"", ""category"": ""Non-file (shared tier)"", ""ndcg5"": 1.0, ""mrr5"": 1.0, ""hit3"": 1, ""hit1"": 1, ""first_relevant_rank"": 1}, {""entry_id"": ""E098"", ""category"": ""Non-file (shared tier)"", ""ndcg5"": 1.0, ""mrr5"": 1.0, ""hit3"": 1, ""hit1"": 1, ""first_relevant_rank"": 1}, {""entry_id"": ""E099"", ""category"": ""Non-file (shared tier)"", ""ndcg5"": 1.0, ""mrr5"": 1.0, ""hit3"": 1, ""hit1"": 1, ""first_relevant_rank"": 1}, {""entry_id"": ""E100"", ""category"": ""Non-file (shared tier)"", ""ndcg5"": 1.0, ""mrr5"": 1.0, ""hit3"": 1, ""hit1"": 1, ""first_relevant_rank"": 1}]","{""ADR (Context)"": ""CategoryMetrics(category='ADR (Context)', count=24, mean_ndcg5=0.6305532522422477, mean_mrr5=0.5499999999999999, hit3_rate=0.6666666666666666, hit1_rate=0.375)"", ""ADR (Decision)"": ""CategoryMetrics(category='ADR (Decision)', count=25, mean_ndcg5=0.50142260486448, mean_mrr5=0.44266666666666665, hit3_rate=0.6, hit1_rate=0.32)"", ""ADR (Consequences)"": ""CategoryMetrics(category='ADR (Consequences)', count=24, mean_ndcg5=0.43014440911615687, mean_mrr5=0.40625, hit3_rate=0.4583333333333333, hit1_rate=0.3333333333333333)"", ""ADR (Content)"": ""CategoryMetrics(category='ADR (Content)', count=2, mean_ndcg5=0.5, mean_mrr5=0.5, hit3_rate=0.5, hit1_rate=0.5)"", ""Non-file (hermes transcript)"": ""CategoryMetrics(category='Non-file (hermes transcript)', count=14, mean_ndcg5=0.7901147365460607, mean_mrr5=0.7678571428571429, hit3_rate=0.7857142857142857, hit1_rate=0.7142857142857143)"", ""Non-file (shared tier)"": ""CategoryMetrics(category='Non-file (shared tier)', count=11, mean_ndcg5=1.0, mean_mrr5=1.0, hit3_rate=1.0, hit1_rate=1.0)""}"
candidateWindow=max3x100,candidateWindow,max3x100,memory,100,0.6105391530585856,0.5676666666666667,0.65,0.47,"[{""entry_id"": ""E001"", ""category"": ""ADR (Context)"", ""ndcg5"": 1.0, ""mrr5"": 1.0, ""hit3"": 1, ""hit1"": 1, ""first_relevant_rank"": 1}, {""entry_id"": ""E002"", ""category"": ""ADR (Decision)"", ""ndcg5"": 1.0, ""mrr5"": 1.0, ""hit3"": 1, ""hit1"": 1, ""first_relevant_rank"": 1}, {""entry_id"": ""E003"", ""category"": ""ADR (Consequences)"", ""ndcg5"": 0.0, ""mrr5"": 0.0, ""hit3"": 0, ""hit1"": 0, ""first_relevant_rank"": null}, {""entry_id"": ""E004"", ""category"": ""ADR (Context)"", ""ndcg5"": 0.38685280723454163, ""mrr5"": 0.2, ""hit3"": 0, ""hit1"": 0, ""first_relevant_rank"": 5}, {""entry_id"": ""E005"", ""category"": ""ADR (Decision)"", ""ndcg5"": 0.38685280723454163, ""mrr5"": 0.2, ""hit3"": 0, ""hit1"": 0, ""first_relevant_rank"": 5}, {""entry_id"": ""E006"", ""category"": ""ADR (Consequences)"", ""ndcg5"": 1.0, ""mrr5"": 1.0, ""hit3"": 1, ""hit1"": 1, ""first_relevant_rank"": 1}, {""entry_id"": ""E007"", ""category"": ""ADR (Context)"", ""ndcg5"": 0.5, ""mrr5"": 0.3333333333333333, ""hit3"": 1, ""hit1"": 0, ""first_relevant_rank"": 3}, {""entry_id"": ""E008"", ""category"": ""ADR (Decision)"", ""ndcg5"": 0.0, ""mrr5"": 0.0, ""hit3"": 0, ""hit1"": 0, ""first_relevant_rank"": null}, {""entry_id"": ""E009"", ""category"": ""ADR (Consequences)"", ""ndcg5"": 0.6309297535714575, ""mrr5"": 0.5, ""hit3"": 1, ""hit1"": 0, ""first_relevant_rank"": 2}, {""entry_id"": ""E010"", ""category"": ""ADR (Context)"", ""ndcg5"": 0.6309297535714575, ""mrr5"": 0.5, ""hit3"": 1, ""hit1"": 0, ""first_relevant_rank"": 2}, {""entry_id"": ""E011"", ""category"": ""ADR (Decision)"", ""ndcg5"": 0.5, ""mrr5"": 0.3333333333333333, ""hit3"": 1, ""hit1"": 0, ""first_relevant_rank"": 3}, {""entry_id"": ""E012"", ""category"": ""ADR (Consequences)"", ""ndcg5"": 1.0, ""mrr5"": 1.0, ""hit3"": 1, ""hit1"": 1, ""first_relevant_rank"": 1}, {""entry_id"": ""E013"", ""category"": ""ADR (Context)"", ""ndcg5"": 0.43067655807339306, ""mrr5"": 0.25, ""hit3"": 0, ""hit1"": 0, ""first_relevant_rank"": 4}, {""entry_id"": ""E014"", ""category"": ""ADR (Decision)"", ""ndcg5"": 1.0, ""mrr5"": 1.0, ""hit3"": 1, ""hit1"": 1, ""first_relevant_rank"": 1}, {""entry_id"": ""E015"", ""category"": ""ADR (Consequences)"", ""ndcg5"": 1.0, ""mrr5"": 1.0, ""hit3"": 1, ""hit1"": 1, ""first_relevant_rank"": 1}, {""entry_id"": ""E016"", ""category"": ""ADR (Context)"", ""ndcg5"": 0.43067655807339306, ""mrr5"": 0.25, ""hit3"": 0, ""hit1"": 0, ""first_relevant_rank"": 4}, {""entry_id"": ""E017"", ""category"": ""ADR (Decision)"", ""ndcg5"": 0.0, ""mrr5"": 0.0, ""hit3"": 0, ""hit1"": 0, ""first_relevant_rank"": null}, {""entry_id"": ""E018"", ""category"": ""ADR (Consequences)"", ""ndcg5"": 0.6309297535714575, ""mrr5"": 0.5, ""hit3"": 1, ""hit1"": 0, ""first_relevant_rank"": 2}, {""entry_id"": ""E019"", ""category"": ""ADR (Context)"", ""ndcg5"": 0.6309297535714575, ""mrr5"": 0.5, ""hit3"": 1, ""hit1"": 0, ""first_relevant_rank"": 2}, {""entry_id"": ""E020"", ""category"": ""ADR (Decision)"", ""ndcg5"": 0.0, ""mrr5"": 0.0, ""hit3"": 0, ""hit1"": 0, ""first_relevant_rank"": null}, {""entry_id"": ""E021"", ""category"": ""ADR (Consequences)"", ""ndcg5"": 0.0, ""mrr5"": 0.0, ""hit3"": 0, ""hit1"": 0, ""first_relevant_rank"": null}, {""entry_id"": ""E022"", ""category"": ""ADR (Context)"", ""ndcg5"": 0.0, ""mrr5"": 0.0, ""hit3"": 0, ""hit1"": 0, ""first_relevant_rank"": null}, {""entry_id"": ""E023"", ""category"": ""ADR (Decision)"", ""ndcg5"": 1.0, ""mrr5"": 1.0, ""hit3"": 1, ""hit1"": 1, ""first_relevant_rank"": 1}, {""entry_id"": ""E024"", ""category"": ""ADR (Consequences)"", ""ndcg5"": 0.0, ""mrr5"": 0.0, ""hit3"": 0, ""hit1"": 0, ""first_relevant_rank"": null}, {""entry_id"": ""E025"", ""category"": ""ADR (Context)"", ""ndcg5"": 0.43067655807339306, ""mrr5"": 0.25, ""hit3"": 0, ""hit1"": 0, ""first_relevant_rank"": 4}, {""entry_id"": ""E026"", ""category"": ""ADR (Decision)"", ""ndcg5"": 1.0, ""mrr5"": 1.0, ""hit3"": 1, ""hit1"": 1, ""first_relevant_rank"": 1}, {""entry_id"": ""E027"", ""category"": ""ADR (Consequences)"", ""ndcg5"": 0.0, ""mrr5"": 0.0, ""hit3"": 0, ""hit1"": 0, ""first_relevant_rank"": null}, {""entry_id"": ""E028"", ""category"": ""ADR (Context)"", ""ndcg5"": 1.0, ""mrr5"": 1.0, ""hit3"": 1, ""hit1"": 1, ""first_relevant_rank"": 1}, {""entry_id"": ""E029"", ""category"": ""ADR (Decision)"", ""ndcg5"": 0.0, ""mrr5"": 0.0, ""hit3"": 0, ""hit1"": 0, ""first_relevant_rank"": null}, {""entry_id"": ""E030"", ""category"": ""ADR (Consequences)"", ""ndcg5"": 0.0, ""mrr5"": 0.0, ""hit3"": 0, ""hit1"": 0, ""first_relevant_rank"": null}, {""entry_id"": ""E031"", ""category"": ""ADR (Context)"", ""ndcg5"": 0.6309297535714575, ""mrr5"": 0.5, ""hit3"": 1, ""hit1"": 0, ""first_relevant_rank"": 2}, {""entry_id"": ""E032"", ""category"": ""ADR (Decision)"", ""ndcg5"": 0.38685280723454163, ""mrr5"": 0.2, ""hit3"": 0, ""hit1"": 0, ""first_relevant_rank"": 5}, {""entry_id"": ""E033"", ""category"": ""ADR (Consequences)"", ""ndcg5"": 0.0, ""mrr5"": 0.0, ""hit3"": 0, ""hit1"": 0, ""first_relevant_rank"": null}, {""entry_id"": ""E034"", ""category"": ""ADR (Context)"", ""ndcg5"": 0.0, ""mrr5"": 0.0, ""hit3"": 0, ""hit1"": 0, ""first_relevant_rank"": null}, {""entry_id"": ""E035"", ""category"": ""ADR (Decision)"", ""ndcg5"": 0.0, ""mrr5"": 0.0, ""hit3"": 0, ""hit1"": 0, ""first_relevant_rank"": null}, {""entry_id"": ""E036"", ""category"": ""ADR (Consequences)"", ""ndcg5"": 0.0, ""mrr5"": 0.0, ""hit3"": 0, ""hit1"": 0, ""first_relevant_rank"": null}, {""entry_id"": ""E037"", ""category"": ""ADR (Context)"", ""ndcg5"": 0.6309297535714575, ""mrr5"": 0.5, ""hit3"": 1, ""hit1"": 0, ""first_relevant_rank"": 2}, {""entry_id"": ""E038"", ""category"": ""ADR (Decision)"", ""ndcg5"": 1.0, ""mrr5"": 1.0, ""hit3"": 1, ""hit1"": 1, ""first_relevant_rank"": 1}, {""entry_id"": ""E039"", ""category"": ""ADR (Consequences)"", ""ndcg5"": 0.6309297535714575, ""mrr5"": 0.5, ""hit3"": 1, ""hit1"": 0, ""first_relevant_rank"": 2}, {""entry_id"": ""E040"", ""category"": ""ADR (Context)"", ""ndcg5"": 0.43067655807339306, ""mrr5"": 0.25, ""hit3"": 0, ""hit1"": 0, ""first_relevant_rank"": 4}, {""entry_id"": ""E041"", ""category"": ""ADR (Decision)"", ""ndcg5"": 1.0, ""mrr5"": 1.0, ""hit3"": 1, ""hit1"": 1, ""first_relevant_rank"": 1}, {""entry_id"": ""E042"", ""category"": ""ADR (Consequences)"", ""ndcg5"": 1.0, ""mrr5"": 1.0, ""hit3"": 1, ""hit1"": 1, ""first_relevant_rank"": 1}, {""entry_id"": ""E043"", ""category"": ""ADR (Context)"", ""ndcg5"": 0.0, ""mrr5"": 0.0, ""hit3"": 0, ""hit1"": 0, ""first_relevant_rank"": null}, {""entry_id"": ""E044"", ""category"": ""ADR (Decision)"", ""ndcg5"": 0.6309297535714575, ""mrr5"": 0.5, ""hit3"": 1, ""hit1"": 0, ""first_relevant_rank"": 2}, {""entry_id"": ""E045"", ""category"": ""ADR (Consequences)"", ""ndcg5"": 0.0, ""mrr5"": 0.0, ""hit3"": 0, ""hit1"": 0, ""first_relevant_rank"": null}, {""entry_id"": ""E046"", ""category"": ""ADR (Content)"", ""ndcg5"": 1.0, ""mrr5"": 1.0, ""hit3"": 1, ""hit1"": 1, ""first_relevant_rank"": 1}, {""entry_id"": ""E047"", ""category"": ""ADR (Decision)"", ""ndcg5"": 1.0, ""mrr5"": 1.0, ""hit3"": 1, ""hit1"": 1, ""first_relevant_rank"": 1}, {""entry_id"": ""E048"", ""category"": ""ADR (Consequences)"", ""ndcg5"": 1.0, ""mrr5"": 1.0, ""hit3"": 1, ""hit1"": 1, ""first_relevant_rank"": 1}, {""entry_id"": ""E049"", ""category"": ""ADR (Context)"", ""ndcg5"": 1.0, ""mrr5"": 1.0, ""hit3"": 1, ""hit1"": 1, ""first_relevant_rank"": 1}, {""entry_id"": ""E050"", ""category"": ""ADR (Decision)"", ""ndcg5"": 0.5, ""mrr5"": 0.3333333333333333, ""hit3"": 1, ""hit1"": 0, ""first_relevant_rank"": 3}, {""entry_id"": ""E051"", ""category"": ""ADR (Consequences)"", ""ndcg5"": 1.0, ""mrr5"": 1.0, ""hit3"": 1, ""hit1"": 1, ""first_relevant_rank"": 1}, {""entry_id"": ""E052"", ""category"": ""ADR (Context)"", ""ndcg5"": 1.0, ""mrr5"": 1.0, ""hit3"": 1, ""hit1"": 1, ""first_relevant_rank"": 1}, {""entry_id"": ""E053"", ""category"": ""ADR (Decision)"", ""ndcg5"": 1.0, ""mrr5"": 1.0, ""hit3"": 1, ""hit1"": 1, ""first_relevant_rank"": 1}, {""entry_id"": ""E054"", ""category"": ""ADR (Consequences)"", ""ndcg5"": 1.0, ""mrr5"": 1.0, ""hit3"": 1, ""hit1"": 1, ""first_relevant_rank"": 1}, {""entry_id"": ""E055"", ""category"": ""ADR (Context)"", ""ndcg5"": 1.0, ""mrr5"": 1.0, ""hit3"": 1, ""hit1"": 1, ""first_relevant_rank"": 1}, {""entry_id"": ""E056"", ""category"": ""ADR (Decision)"", ""ndcg5"": 0.5, ""mrr5"": 0.3333333333333333, ""hit3"": 1, ""hit1"": 0, ""first_relevant_rank"": 3}, {""entry_id"": ""E057"", ""category"": ""ADR (Content)"", ""ndcg5"": 0.0, ""mrr5"": 0.0, ""hit3"": 0, ""hit1"": 0, ""first_relevant_rank"": null}, {""entry_id"": ""E058"", ""category"": ""ADR (Context)"", ""ndcg5"": 1.0, ""mrr5"": 1.0, ""hit3"": 1, ""hit1"": 1, ""first_relevant_rank"": 1}, {""entry_id"": ""E059"", ""category"": ""ADR (Decision)"", ""ndcg5"": 0.5, ""mrr5"": 0.3333333333333333, ""hit3"": 1, ""hit1"": 0, ""first_relevant_rank"": 3}, {""entry_id"": ""E060"", ""category"": ""ADR (Consequences)"", ""ndcg5"": 0.43067655807339306, ""mrr5"": 0.25, ""hit3"": 0, ""hit1"": 0, ""first_relevant_rank"": 4}, {""entry_id"": ""E061"", ""category"": ""ADR (Context)"", ""ndcg5"": 1.0, ""mrr5"": 1.0, ""hit3"": 1, ""hit1"": 1, ""first_relevant_rank"": 1}, {""entry_id"": ""E062"", ""category"": ""ADR (Decision)"", ""ndcg5"": 0.0, ""mrr5"": 0.0, ""hit3"": 0, ""hit1"": 0, ""first_relevant_rank"": null}, {""entry_id"": ""E063"", ""category"": ""ADR (Consequences)"", ""ndcg5"": 0.0, ""mrr5"": 0.0, ""hit3"": 0, ""hit1"": 0, ""first_relevant_rank"": null}, {""entry_id"": ""E064"", ""category"": ""ADR (Context)"", ""ndcg5"": 0.5, ""mrr5"": 0.3333333333333333, ""hit3"": 1, ""hit1"": 0, ""first_relevant_rank"": 3}, {""entry_id"": ""E065"", ""category"": ""ADR (Decision)"", ""ndcg5"": 0.0, ""mrr5"": 0.0, ""hit3"": 0, ""hit1"": 0, ""first_relevant_rank"": null}, {""entry_id"": ""E066"", ""category"": ""ADR (Consequences)"", ""ndcg5"": 0.0, ""mrr5"": 0.0, ""hit3"": 0, ""hit1"": 0, ""first_relevant_rank"": null}, {""entry_id"": ""E067"", ""category"": ""ADR (Context)"", ""ndcg5"": 1.0, ""mrr5"": 1.0, ""hit3"": 1, ""hit1"": 1, ""first_relevant_rank"": 1}, {""entry_id"": ""E068"", ""category"": ""ADR (Decision)"", ""ndcg5"": 0.5, ""mrr5"": 0.3333333333333333, ""hit3"": 1, ""hit1"": 0, ""first_relevant_rank"": 3}, {""entry_id"": ""E069"", ""category"": ""ADR (Consequences)"", ""ndcg5"": 0.0, ""mrr5"": 0.0, ""hit3"": 0, ""hit1"": 0, ""first_relevant_rank"": null}, {""entry_id"": ""E070"", ""category"": ""ADR (Context)"", ""ndcg5"": 1.0, ""mrr5"": 1.0, ""hit3"": 1, ""hit1"": 1, ""first_relevant_rank"": 1}, {""entry_id"": ""E071"", ""category"": ""ADR (Decision)"", ""ndcg5"": 0.0, ""mrr5"": 0.0, ""hit3"": 0, ""hit1"": 0, ""first_relevant_rank"": null}, {""entry_id"": ""E072"", ""category"": ""ADR (Consequences)"", ""ndcg5"": 0.0, ""mrr5"": 0.0, ""hit3"": 0, ""hit1"": 0, ""first_relevant_rank"": null}, {""entry_id"": ""E073"", ""category"": ""ADR (Context)"", ""ndcg5"": 0.5, ""mrr5"": 0.3333333333333333, ""hit3"": 1, ""hit1"": 0, ""first_relevant_rank"": 3}, {""entry_id"": ""E074"", ""category"": ""ADR (Decision)"", ""ndcg5"": 0.6309297535714575, ""mrr5"": 0.5, ""hit3"": 1, ""hit1"": 0, ""first_relevant_rank"": 2}, {""entry_id"": ""E075"", ""category"": ""ADR (Consequences)"", ""ndcg5"": 1.0, ""mrr5"": 1.0, ""hit3"": 1, ""hit1"": 1, ""first_relevant_rank"": 1}, {""entry_id"": ""E076"", ""category"": ""Non-file (hermes transcript)"", ""ndcg5"": 1.0, ""mrr5"": 1.0, ""hit3"": 1, ""hit1"": 1, ""first_relevant_rank"": 1}, {""entry_id"": ""E077"", ""category"": ""Non-file (hermes transcript)"", ""ndcg5"": 1.0, ""mrr5"": 1.0, ""hit3"": 1, ""hit1"": 1, ""first_relevant_rank"": 1}, {""entry_id"": ""E078"", ""category"": ""Non-file (hermes transcript)"", ""ndcg5"": 1.0, ""mrr5"": 1.0, ""hit3"": 1, ""hit1"": 1, ""first_relevant_rank"": 1}, {""entry_id"": ""E079"", ""category"": ""Non-file (hermes transcript)"", ""ndcg5"": 1.0, ""mrr5"": 1.0, ""hit3"": 1, ""hit1"": 1, ""first_relevant_rank"": 1}, {""entry_id"": ""E080"", ""category"": ""Non-file (hermes transcript)"", ""ndcg5"": 0.0, ""mrr5"": 0.0, ""hit3"": 0, ""hit1"": 0, ""first_relevant_rank"": null}, {""entry_id"": ""E081"", ""category"": ""Non-file (hermes transcript)"", ""ndcg5"": 1.0, ""mrr5"": 1.0, ""hit3"": 1, ""hit1"": 1, ""first_relevant_rank"": 1}, {""entry_id"": ""E082"", ""category"": ""Non-file (hermes transcript)"", ""ndcg5"": 0.43067655807339306, ""mrr5"": 0.25, ""hit3"": 0, ""hit1"": 0, ""first_relevant_rank"": 4}, {""entry_id"": ""E083"", ""category"": ""Non-file (hermes transcript)"", ""ndcg5"": 1.0, ""mrr5"": 1.0, ""hit3"": 1, ""hit1"": 1, ""first_relevant_rank"": 1}, {""entry_id"": ""E084"", ""category"": ""Non-file (hermes transcript)"", ""ndcg5"": 0.0, ""mrr5"": 0.0, ""hit3"": 0, ""hit1"": 0, ""first_relevant_rank"": null}, {""entry_id"": ""E085"", ""category"": ""Non-file (hermes transcript)"", ""ndcg5"": 1.0, ""mrr5"": 1.0, ""hit3"": 1, ""hit1"": 1, ""first_relevant_rank"": 1}, {""entry_id"": ""E086"", ""category"": ""Non-file (hermes transcript)"", ""ndcg5"": 1.0, ""mrr5"": 1.0, ""hit3"": 1, ""hit1"": 1, ""first_relevant_rank"": 1}, {""entry_id"": ""E087"", ""category"": ""Non-file (hermes transcript)"", ""ndcg5"": 1.0, ""mrr5"": 1.0, ""hit3"": 1, ""hit1"": 1, ""first_relevant_rank"": 1}, {""entry_id"": ""E088"", ""category"": ""Non-file (hermes transcript)"", ""ndcg5"": 1.0, ""mrr5"": 1.0, ""hit3"": 1, ""hit1"": 1, ""first_relevant_rank"": 1}, {""entry_id"": ""E089"", ""category"": ""Non-file (hermes transcript)"", ""ndcg5"": 0.6309297535714575, ""mrr5"": 0.5, ""hit3"": 1, ""hit1"": 0, ""first_relevant_rank"": 2}, {""entry_id"": ""E090"", ""category"": ""Non-file (shared tier)"", ""ndcg5"": 1.0, ""mrr5"": 1.0, ""hit3"": 1, ""hit1"": 1, ""first_relevant_rank"": 1}, {""entry_id"": ""E091"", ""category"": ""Non-file (shared tier)"", ""ndcg5"": 1.0, ""mrr5"": 1.0, ""hit3"": 1, ""hit1"": 1, ""first_relevant_rank"": 1}, {""entry_id"": ""E092"", ""category"": ""Non-file (shared tier)"", ""ndcg5"": 1.0, ""mrr5"": 1.0, ""hit3"": 1, ""hit1"": 1, ""first_relevant_rank"": 1}, {""entry_id"": ""E093"", ""category"": ""Non-file (shared tier)"", ""ndcg5"": 1.0, ""mrr5"": 1.0, ""hit3"": 1, ""hit1"": 1, ""first_relevant_rank"": 1}, {""entry_id"": ""E094"", ""category"": ""Non-file (shared tier)"", ""ndcg5"": 1.0, ""mrr5"": 1.0, ""hit3"": 1, ""hit1"": 1, ""first_relevant_rank"": 1}, {""entry_id"": ""E095"", ""category"": ""Non-file (shared tier)"", ""ndcg5"": 1.0, ""mrr5"": 1.0, ""hit3"": 1, ""hit1"": 1, ""first_relevant_rank"": 1}, {""entry_id"": ""E096"", ""category"": ""Non-file (shared tier)"", ""ndcg5"": 1.0, ""mrr5"": 1.0, ""hit3"": 1, ""hit1"": 1, ""first_relevant_rank"": 1}, {""entry_id"": ""E097"", ""category"": ""Non-file (shared tier)"", ""ndcg5"": 1.0, ""mrr5"": 1.0, ""hit3"": 1, ""hit1"": 1, ""first_relevant_rank"": 1}, {""entry_id"": ""E098"", ""category"": ""Non-file (shared tier)"", ""ndcg5"": 1.0, ""mrr5"": 1.0, ""hit3"": 1, ""hit1"": 1, ""first_relevant_rank"": 1}, {""entry_id"": ""E099"", ""category"": ""Non-file (shared tier)"", ""ndcg5"": 1.0, ""mrr5"": 1.0, ""hit3"": 1, ""hit1"": 1, ""first_relevant_rank"": 1}, {""entry_id"": ""E100"", ""category"": ""Non-file (shared tier)"", ""ndcg5"": 1.0, ""mrr5"": 1.0, ""hit3"": 1, ""hit1"": 1, ""first_relevant_rank"": 1}]","{""ADR (Context)"": ""CategoryMetrics(category='ADR (Context)', count=24, mean_ndcg5=0.6305532522422477, mean_mrr5=0.5499999999999999, hit3_rate=0.6666666666666666, hit1_rate=0.375)"", ""ADR (Decision)"": ""CategoryMetrics(category='ADR (Decision)', count=25, mean_ndcg5=0.50142260486448, mean_mrr5=0.44266666666666665, hit3_rate=0.6, hit1_rate=0.32)"", ""ADR (Consequences)"": ""CategoryMetrics(category='ADR (Consequences)', count=24, mean_ndcg5=0.43014440911615687, mean_mrr5=0.40625, hit3_rate=0.4583333333333333, hit1_rate=0.3333333333333333)"", ""ADR (Content)"": ""CategoryMetrics(category='ADR (Content)', count=2, mean_ndcg5=0.5, mean_mrr5=0.5, hit3_rate=0.5, hit1_rate=0.5)"", ""Non-file (hermes transcript)"": ""CategoryMetrics(category='Non-file (hermes transcript)', count=14, mean_ndcg5=0.7901147365460607, mean_mrr5=0.7678571428571429, hit3_rate=0.7857142857142857, hit1_rate=0.7142857142857143)"", ""Non-file (shared tier)"": ""CategoryMetrics(category='Non-file (shared tier)', count=11, mean_ndcg5=1.0, mean_mrr5=1.0, hit3_rate=1.0, hit1_rate=1.0)""}"
candidateWindow=max5x50,candidateWindow,max5x50,memory,100,0.6015880386939716,0.5558333333333334,0.64,0.45,"[{""entry_id"": ""E001"", ""category"": ""ADR (Context)"", ""ndcg5"": 1.0, ""mrr5"": 1.0, ""hit3"": 1, ""hit1"": 1, ""first_relevant_rank"": 1}, {""entry_id"": ""E002"", ""category"": ""ADR (Decision)"", ""ndcg5"": 0.6309297535714575, ""mrr5"": 0.5, ""hit3"": 1, ""hit1"": 0, ""first_relevant_rank"": 2}, {""entry_id"": ""E003"", ""category"": ""ADR (Consequences)"", ""ndcg5"": 0.0, ""mrr5"": 0.0, ""hit3"": 0, ""hit1"": 0, ""first_relevant_rank"": null}, {""entry_id"": ""E004"", ""category"": ""ADR (Context)"", ""ndcg5"": 0.38685280723454163, ""mrr5"": 0.2, ""hit3"": 0, ""hit1"": 0, ""first_relevant_rank"": 5}, {""entry_id"": ""E005"", ""category"": ""ADR (Decision)"", ""ndcg5"": 0.38685280723454163, ""mrr5"": 0.2, ""hit3"": 0, ""hit1"": 0, ""first_relevant_rank"": 5}, {""entry_id"": ""E006"", ""category"": ""ADR (Consequences)"", ""ndcg5"": 1.0, ""mrr5"": 1.0, ""hit3"": 1, ""hit1"": 1, ""first_relevant_rank"": 1}, {""entry_id"": ""E007"", ""category"": ""ADR (Context)"", ""ndcg5"": 0.0, ""mrr5"": 0.0, ""hit3"": 0, ""hit1"": 0, ""first_relevant_rank"": null}, {""entry_id"": ""E008"", ""category"": ""ADR (Decision)"", ""ndcg5"": 0.0, ""mrr5"": 0.0, ""hit3"": 0, ""hit1"": 0, ""first_relevant_rank"": null}, {""entry_id"": ""E009"", ""category"": ""ADR (Consequences)"", ""ndcg5"": 0.6309297535714575, ""mrr5"": 0.5, ""hit3"": 1, ""hit1"": 0, ""first_relevant_rank"": 2}, {""entry_id"": ""E010"", ""category"": ""ADR (Context)"", ""ndcg5"": 0.6309297535714575, ""mrr5"": 0.5, ""hit3"": 1, ""hit1"": 0, ""first_relevant_rank"": 2}, {""entry_id"": ""E011"", ""category"": ""ADR (Decision)"", ""ndcg5"": 0.5, ""mrr5"": 0.3333333333333333, ""hit3"": 1, ""hit1"": 0, ""first_relevant_rank"": 3}, {""entry_id"": ""E012"", ""category"": ""ADR (Consequences)"", ""ndcg5"": 1.0, ""mrr5"": 1.0, ""hit3"": 1, ""hit1"": 1, ""first_relevant_rank"": 1}, {""entry_id"": ""E013"", ""category"": ""ADR (Context)"", ""ndcg5"": 0.43067655807339306, ""mrr5"": 0.25, ""hit3"": 0, ""hit1"": 0, ""first_relevant_rank"": 4}, {""entry_id"": ""E014"", ""category"": ""ADR (Decision)"", ""ndcg5"": 1.0, ""mrr5"": 1.0, ""hit3"": 1, ""hit1"": 1, ""first_relevant_rank"": 1}, {""entry_id"": ""E015"", ""category"": ""ADR (Consequences)"", ""ndcg5"": 1.0, ""mrr5"": 1.0, ""hit3"": 1, ""hit1"": 1, ""first_relevant_rank"": 1}, {""entry_id"": ""E016"", ""category"": ""ADR (Context)"", ""ndcg5"": 0.43067655807339306, ""mrr5"": 0.25, ""hit3"": 0, ""hit1"": 0, ""first_relevant_rank"": 4}, {""entry_id"": ""E017"", ""category"": ""ADR (Decision)"", ""ndcg5"": 0.0, ""mrr5"": 0.0, ""hit3"": 0, ""hit1"": 0, ""first_relevant_rank"": null}, {""entry_id"": ""E018"", ""category"": ""ADR (Consequences)"", ""ndcg5"": 0.6309297535714575, ""mrr5"": 0.5, ""hit3"": 1, ""hit1"": 0, ""first_relevant_rank"": 2}, {""entry_id"": ""E019"", ""category"": ""ADR (Context)"", ""ndcg5"": 0.6309297535714575, ""mrr5"": 0.5, ""hit3"": 1, ""hit1"": 0, ""first_relevant_rank"": 2}, {""entry_id"": ""E020"", ""category"": ""ADR (Decision)"", ""ndcg5"": 0.0, ""mrr5"": 0.0, ""hit3"": 0, ""hit1"": 0, ""first_relevant_rank"": null}, {""entry_id"": ""E021"", ""category"": ""ADR (Consequences)"", ""ndcg5"": 0.0, ""mrr5"": 0.0, ""hit3"": 0, ""hit1"": 0, ""first_relevant_rank"": null}, {""entry_id"": ""E022"", ""category"": ""ADR (Context)"", ""ndcg5"": 0.0, ""mrr5"": 0.0, ""hit3"": 0, ""hit1"": 0, ""first_relevant_rank"": null}, {""entry_id"": ""E023"", ""category"": ""ADR (Decision)"", ""ndcg5"": 1.0, ""mrr5"": 1.0, ""hit3"": 1, ""hit1"": 1, ""first_relevant_rank"": 1}, {""entry_id"": ""E024"", ""category"": ""ADR (Consequences)"", ""ndcg5"": 0.0, ""mrr5"": 0.0, ""hit3"": 0, ""hit1"": 0, ""first_relevant_rank"": null}, {""entry_id"": ""E025"", ""category"": ""ADR (Context)"", ""ndcg5"": 0.43067655807339306, ""mrr5"": 0.25, ""hit3"": 0, ""hit1"": 0, ""first_relevant_rank"": 4}, {""entry_id"": ""E026"", ""category"": ""ADR (Decision)"", ""ndcg5"": 1.0, ""mrr5"": 1.0, ""hit3"": 1, ""hit1"": 1, ""first_relevant_rank"": 1}, {""entry_id"": ""E027"", ""category"": ""ADR (Consequences)"", ""ndcg5"": 0.0, ""mrr5"": 0.0, ""hit3"": 0, ""hit1"": 0, ""first_relevant_rank"": null}, {""entry_id"": ""E028"", ""category"": ""ADR (Context)"", ""ndcg5"": 1.0, ""mrr5"": 1.0, ""hit3"": 1, ""hit1"": 1, ""first_relevant_rank"": 1}, {""entry_id"": ""E029"", ""category"": ""ADR (Decision)"", ""ndcg5"": 0.38685280723454163, ""mrr5"": 0.2, ""hit3"": 0, ""hit1"": 0, ""first_relevant_rank"": 5}, {""entry_id"": ""E030"", ""category"": ""ADR (Consequences)"", ""ndcg5"": 0.0, ""mrr5"": 0.0, ""hit3"": 0, ""hit1"": 0, ""first_relevant_rank"": null}, {""entry_id"": ""E031"", ""category"": ""ADR (Context)"", ""ndcg5"": 0.5, ""mrr5"": 0.3333333333333333, ""hit3"": 1, ""hit1"": 0, ""first_relevant_rank"": 3}, {""entry_id"": ""E032"", ""category"": ""ADR (Decision)"", ""ndcg5"": 0.6309297535714575, ""mrr5"": 0.5, ""hit3"": 1, ""hit1"": 0, ""first_relevant_rank"": 2}, {""entry_id"": ""E033"", ""category"": ""ADR (Consequences)"", ""ndcg5"": 0.0, ""mrr5"": 0.0, ""hit3"": 0, ""hit1"": 0, ""first_relevant_rank"": null}, {""entry_id"": ""E034"", ""category"": ""ADR (Context)"", ""ndcg5"": 0.0, ""mrr5"": 0.0, ""hit3"": 0, ""hit1"": 0, ""first_relevant_rank"": null}, {""entry_id"": ""E035"", ""category"": ""ADR (Decision)"", ""ndcg5"": 0.0, ""mrr5"": 0.0, ""hit3"": 0, ""hit1"": 0, ""first_relevant_rank"": null}, {""entry_id"": ""E036"", ""category"": ""ADR (Consequences)"", ""ndcg5"": 0.0, ""mrr5"": 0.0, ""hit3"": 0, ""hit1"": 0, ""first_relevant_rank"": null}, {""entry_id"": ""E037"", ""category"": ""ADR (Context)"", ""ndcg5"": 0.6309297535714575, ""mrr5"": 0.5, ""hit3"": 1, ""hit1"": 0, ""first_relevant_rank"": 2}, {""entry_id"": ""E038"", ""category"": ""ADR (Decision)"", ""ndcg5"": 1.0, ""mrr5"": 1.0, ""hit3"": 1, ""hit1"": 1, ""first_relevant_rank"": 1}, {""entry_id"": ""E039"", ""category"": ""ADR (Consequences)"", ""ndcg5"": 0.6309297535714575, ""mrr5"": 0.5, ""hit3"": 1, ""hit1"": 0, ""first_relevant_rank"": 2}, {""entry_id"": ""E040"", ""category"": ""ADR (Context)"", ""ndcg5"": 0.38685280723454163, ""mrr5"": 0.2, ""hit3"": 0, ""hit1"": 0, ""first_relevant_rank"": 5}, {""entry_id"": ""E041"", ""category"": ""ADR (Decision)"", ""ndcg5"": 1.0, ""mrr5"": 1.0, ""hit3"": 1, ""hit1"": 1, ""first_relevant_rank"": 1}, {""entry_id"": ""E042"", ""category"": ""ADR (Consequences)"", ""ndcg5"": 1.0, ""mrr5"": 1.0, ""hit3"": 1, ""hit1"": 1, ""first_relevant_rank"": 1}, {""entry_id"": ""E043"", ""category"": ""ADR (Context)"", ""ndcg5"": 0.0, ""mrr5"": 0.0, ""hit3"": 0, ""hit1"": 0, ""first_relevant_rank"": null}, {""entry_id"": ""E044"", ""category"": ""ADR (Decision)"", ""ndcg5"": 0.6309297535714575, ""mrr5"": 0.5, ""hit3"": 1, ""hit1"": 0, ""first_relevant_rank"": 2}, {""entry_id"": ""E045"", ""category"": ""ADR (Consequences)"", ""ndcg5"": 0.0, ""mrr5"": 0.0, ""hit3"": 0, ""hit1"": 0, ""first_relevant_rank"": null}, {""entry_id"": ""E046"", ""category"": ""ADR (Content)"", ""ndcg5"": 1.0, ""mrr5"": 1.0, ""hit3"": 1, ""hit1"": 1, ""first_relevant_rank"": 1}, {""entry_id"": ""E047"", ""category"": ""ADR (Decision)"", ""ndcg5"": 1.0, ""mrr5"": 1.0, ""hit3"": 1, ""hit1"": 1, ""first_relevant_rank"": 1}, {""entry_id"": ""E048"", ""category"": ""ADR (Consequences)"", ""ndcg5"": 1.0, ""mrr5"": 1.0, ""hit3"": 1, ""hit1"": 1, ""first_relevant_rank"": 1}, {""entry_id"": ""E049"", ""category"": ""ADR (Context)"", ""ndcg5"": 1.0, ""mrr5"": 1.0, ""hit3"": 1, ""hit1"": 1, ""first_relevant_rank"": 1}, {""entry_id"": ""E050"", ""category"": ""ADR (Decision)"", ""ndcg5"": 0.0, ""mrr5"": 0.0, ""hit3"": 0, ""hit1"": 0, ""first_relevant_rank"": null}, {""entry_id"": ""E051"", ""category"": ""ADR (Consequences)"", ""ndcg5"": 1.0, ""mrr5"": 1.0, ""hit3"": 1, ""hit1"": 1, ""first_relevant_rank"": 1}, {""entry_id"": ""E052"", ""category"": ""ADR (Context)"", ""ndcg5"": 1.0, ""mrr5"": 1.0, ""hit3"": 1, ""hit1"": 1, ""first_relevant_rank"": 1}, {""entry_id"": ""E053"", ""category"": ""ADR (Decision)"", ""ndcg5"": 1.0, ""mrr5"": 1.0, ""hit3"": 1, ""hit1"": 1, ""first_relevant_rank"": 1}, {""entry_id"": ""E054"", ""category"": ""ADR (Consequences)"", ""ndcg5"": 1.0, ""mrr5"": 1.0, ""hit3"": 1, ""hit1"": 1, ""first_relevant_rank"": 1}, {""entry_id"": ""E055"", ""category"": ""ADR (Context)"", ""ndcg5"": 0.6309297535714575, ""mrr5"": 0.5, ""hit3"": 1, ""hit1"": 0, ""first_relevant_rank"": 2}, {""entry_id"": ""E056"", ""category"": ""ADR (Decision)"", ""ndcg5"": 0.5, ""mrr5"": 0.3333333333333333, ""hit3"": 1, ""hit1"": 0, ""first_relevant_rank"": 3}, {""entry_id"": ""E057"", ""category"": ""ADR (Content)"", ""ndcg5"": 0.0, ""mrr5"": 0.0, ""hit3"": 0, ""hit1"": 0, ""first_relevant_rank"": null}, {""entry_id"": ""E058"", ""category"": ""ADR (Context)"", ""ndcg5"": 1.0, ""mrr5"": 1.0, ""hit3"": 1, ""hit1"": 1, ""first_relevant_rank"": 1}, {""entry_id"": ""E059"", ""category"": ""ADR (Decision)"", ""ndcg5"": 0.5, ""mrr5"": 0.3333333333333333, ""hit3"": 1, ""hit1"": 0, ""first_relevant_rank"": 3}, {""entry_id"": ""E060"", ""category"": ""ADR (Consequences)"", ""ndcg5"": 0.43067655807339306, ""mrr5"": 0.25, ""hit3"": 0, ""hit1"": 0, ""first_relevant_rank"": 4}, {""entry_id"": ""E061"", ""category"": ""ADR (Context)"", ""ndcg5"": 1.0, ""mrr5"": 1.0, ""hit3"": 1, ""hit1"": 1, ""first_relevant_rank"": 1}, {""entry_id"": ""E062"", ""category"": ""ADR (Decision)"", ""ndcg5"": 0.0, ""mrr5"": 0.0, ""hit3"": 0, ""hit1"": 0, ""first_relevant_rank"": null}, {""entry_id"": ""E063"", ""category"": ""ADR (Consequences)"", ""ndcg5"": 0.38685280723454163, ""mrr5"": 0.2, ""hit3"": 0, ""hit1"": 0, ""first_relevant_rank"": 5}, {""entry_id"": ""E064"", ""category"": ""ADR (Context)"", ""ndcg5"": 0.5, ""mrr5"": 0.3333333333333333, ""hit3"": 1, ""hit1"": 0, ""first_relevant_rank"": 3}, {""entry_id"": ""E065"", ""category"": ""ADR (Decision)"", ""ndcg5"": 0.0, ""mrr5"": 0.0, ""hit3"": 0, ""hit1"": 0, ""first_relevant_rank"": null}, {""entry_id"": ""E066"", ""category"": ""ADR (Consequences)"", ""ndcg5"": 0.0, ""mrr5"": 0.0, ""hit3"": 0, ""hit1"": 0, ""first_relevant_rank"": null}, {""entry_id"": ""E067"", ""category"": ""ADR (Context)"", ""ndcg5"": 1.0, ""mrr5"": 1.0, ""hit3"": 1, ""hit1"": 1, ""first_relevant_rank"": 1}, {""entry_id"": ""E068"", ""category"": ""ADR (Decision)"", ""ndcg5"": 0.5, ""mrr5"": 0.3333333333333333, ""hit3"": 1, ""hit1"": 0, ""first_relevant_rank"": 3}, {""entry_id"": ""E069"", ""category"": ""ADR (Consequences)"", ""ndcg5"": 0.0, ""mrr5"": 0.0, ""hit3"": 0, ""hit1"": 0, ""first_relevant_rank"": null}, {""entry_id"": ""E070"", ""category"": ""ADR (Context)"", ""ndcg5"": 1.0, ""mrr5"": 1.0, ""hit3"": 1, ""hit1"": 1, ""first_relevant_rank"": 1}, {""entry_id"": ""E071"", ""category"": ""ADR (Decision)"", ""ndcg5"": 0.0, ""mrr5"": 0.0, ""hit3"": 0, ""hit1"": 0, ""first_relevant_rank"": null}, {""entry_id"": ""E072"", ""category"": ""ADR (Consequences)"", ""ndcg5"": 0.0, ""mrr5"": 0.0, ""hit3"": 0, ""hit1"": 0, ""first_relevant_rank"": null}, {""entry_id"": ""E073"", ""category"": ""ADR (Context)"", ""ndcg5"": 0.5, ""mrr5"": 0.3333333333333333, ""hit3"": 1, ""hit1"": 0, ""first_relevant_rank"": 3}, {""entry_id"": ""E074"", ""category"": ""ADR (Decision)"", ""ndcg5"": 0.6309297535714575, ""mrr5"": 0.5, ""hit3"": 1, ""hit1"": 0, ""first_relevant_rank"": 2}, {""entry_id"": ""E075"", ""category"": ""ADR (Consequences)"", ""ndcg5"": 1.0, ""mrr5"": 1.0, ""hit3"": 1, ""hit1"": 1, ""first_relevant_rank"": 1}, {""entry_id"": ""E076"", ""category"": ""Non-file (hermes transcript)"", ""ndcg5"": 1.0, ""mrr5"": 1.0, ""hit3"": 1, ""hit1"": 1, ""first_relevant_rank"": 1}, {""entry_id"": ""E077"", ""category"": ""Non-file (hermes transcript)"", ""ndcg5"": 1.0, ""mrr5"": 1.0, ""hit3"": 1, ""hit1"": 1, ""first_relevant_rank"": 1}, {""entry_id"": ""E078"", ""category"": ""Non-file (hermes transcript)"", ""ndcg5"": 1.0, ""mrr5"": 1.0, ""hit3"": 1, ""hit1"": 1, ""first_relevant_rank"": 1}, {""entry_id"": ""E079"", ""category"": ""Non-file (hermes transcript)"", ""ndcg5"": 1.0, ""mrr5"": 1.0, ""hit3"": 1, ""hit1"": 1, ""first_relevant_rank"": 1}, {""entry_id"": ""E080"", ""category"": ""Non-file (hermes transcript)"", ""ndcg5"": 0.0, ""mrr5"": 0.0, ""hit3"": 0, ""hit1"": 0, ""first_relevant_rank"": null}, {""entry_id"": ""E081"", ""category"": ""Non-file (hermes transcript)"", ""ndcg5"": 1.0, ""mrr5"": 1.0, ""hit3"": 1, ""hit1"": 1, ""first_relevant_rank"": 1}, {""entry_id"": ""E082"", ""category"": ""Non-file (hermes transcript)"", ""ndcg5"": 0.43067655807339306, ""mrr5"": 0.25, ""hit3"": 0, ""hit1"": 0, ""first_relevant_rank"": 4}, {""entry_id"": ""E083"", ""category"": ""Non-file (hermes transcript)"", ""ndcg5"": 1.0, ""mrr5"": 1.0, ""hit3"": 1, ""hit1"": 1, ""first_relevant_rank"": 1}, {""entry_id"": ""E084"", ""category"": ""Non-file (hermes transcript)"", ""ndcg5"": 0.0, ""mrr5"": 0.0, ""hit3"": 0, ""hit1"": 0, ""first_relevant_rank"": null}, {""entry_id"": ""E085"", ""category"": ""Non-file (hermes transcript)"", ""ndcg5"": 1.0, ""mrr5"": 1.0, ""hit3"": 1, ""hit1"": 1, ""first_relevant_rank"": 1}, {""entry_id"": ""E086"", ""category"": ""Non-file (hermes transcript)"", ""ndcg5"": 1.0, ""mrr5"": 1.0, ""hit3"": 1, ""hit1"": 1, ""first_relevant_rank"": 1}, {""entry_id"": ""E087"", ""category"": ""Non-file (hermes transcript)"", ""ndcg5"": 1.0, ""mrr5"": 1.0, ""hit3"": 1, ""hit1"": 1, ""first_relevant_rank"": 1}, {""entry_id"": ""E088"", ""category"": ""Non-file (hermes transcript)"", ""ndcg5"": 1.0, ""mrr5"": 1.0, ""hit3"": 1, ""hit1"": 1, ""first_relevant_rank"": 1}, {""entry_id"": ""E089"", ""category"": ""Non-file (hermes transcript)"", ""ndcg5"": 0.6309297535714575, ""mrr5"": 0.5, ""hit3"": 1, ""hit1"": 0, ""first_relevant_rank"": 2}, {""entry_id"": ""E090"", ""category"": ""Non-file (shared tier)"", ""ndcg5"": 1.0, ""mrr5"": 1.0, ""hit3"": 1, ""hit1"": 1, ""first_relevant_rank"": 1}, {""entry_id"": ""E091"", ""category"": ""Non-file (shared tier)"", ""ndcg5"": 1.0, ""mrr5"": 1.0, ""hit3"": 1, ""hit1"": 1, ""first_relevant_rank"": 1}, {""entry_id"": ""E092"", ""category"": ""Non-file (shared tier)"", ""ndcg5"": 1.0, ""mrr5"": 1.0, ""hit3"": 1, ""hit1"": 1, ""first_relevant_rank"": 1}, {""entry_id"": ""E093"", ""category"": ""Non-file (shared tier)"", ""ndcg5"": 1.0, ""mrr5"": 1.0, ""hit3"": 1, ""hit1"": 1, ""first_relevant_rank"": 1}, {""entry_id"": ""E094"", ""category"": ""Non-file (shared tier)"", ""ndcg5"": 1.0, ""mrr5"": 1.0, ""hit3"": 1, ""hit1"": 1, ""first_relevant_rank"": 1}, {""entry_id"": ""E095"", ""category"": ""Non-file (shared tier)"", ""ndcg5"": 1.0, ""mrr5"": 1.0, ""hit3"": 1, ""hit1"": 1, ""first_relevant_rank"": 1}, {""entry_id"": ""E096"", ""category"": ""Non-file (shared tier)"", ""ndcg5"": 1.0, ""mrr5"": 1.0, ""hit3"": 1, ""hit1"": 1, ""first_relevant_rank"": 1}, {""entry_id"": ""E097"", ""category"": ""Non-file (shared tier)"", ""ndcg5"": 1.0, ""mrr5"": 1.0, ""hit3"": 1, ""hit1"": 1, ""first_relevant_rank"": 1}, {""entry_id"": ""E098"", ""category"": ""Non-file (shared tier)"", ""ndcg5"": 1.0, ""mrr5"": 1.0, ""hit3"": 1, ""hit1"": 1, ""first_relevant_rank"": 1}, {""entry_id"": ""E099"", ""category"": ""Non-file (shared tier)"", ""ndcg5"": 1.0, ""mrr5"": 1.0, ""hit3"": 1, ""hit1"": 1, ""first_relevant_rank"": 1}, {""entry_id"": ""E100"", ""category"": ""Non-file (shared tier)"", ""ndcg5"": 1.0, ""mrr5"": 1.0, ""hit3"": 1, ""hit1"": 1, ""first_relevant_rank"": 1}]","{""ADR (Context)"": ""CategoryMetrics(category='ADR (Context)', count=24, mean_ndcg5=0.5870605959572955, mean_mrr5=0.50625, hit3_rate=0.625, hit1_rate=0.3333333333333333)"", ""ADR (Decision)"": ""CategoryMetrics(category='ADR (Decision)', count=25, mean_ndcg5=0.4918969851501966, mean_mrr5=0.4293333333333333, hit3_rate=0.6, hit1_rate=0.28)"", ""ADR (Consequences)"": ""CategoryMetrics(category='ADR (Consequences)', count=24, mean_ndcg5=0.4462632760842628, mean_mrr5=0.4145833333333333, hit3_rate=0.4583333333333333, hit1_rate=0.3333333333333333)"", ""ADR (Content)"": ""CategoryMetrics(category='ADR (Content)', count=2, mean_ndcg5=0.5, mean_mrr5=0.5, hit3_rate=0.5, hit1_rate=0.5)"", ""Non-file (hermes transcript)"": ""CategoryMetrics(category='Non-file (hermes transcript)', count=14, mean_ndcg5=0.7901147365460607, mean_mrr5=0.7678571428571429, hit3_rate=0.7857142857142857, hit1_rate=0.7142857142857143)"", ""Non-file (shared tier)"": ""CategoryMetrics(category='Non-file (shared tier)', count=11, mean_ndcg5=1.0, mean_mrr5=1.0, hit3_rate=1.0, hit1_rate=1.0)""}"
structureAlpha=0,structureAlpha,0,memory,100,0.3180209510474442,0.28783333333333333,0.35,0.23,"[{""entry_id"": ""E001"", ""category"": ""ADR (Context)"", ""ndcg5"": 0.0, ""mrr5"": 0.0, ""hit3"": 0, ""hit1"": 0, ""first_relevant_rank"": null}, {""entry_id"": ""E002"", ""category"": ""ADR (Decision)"", ""ndcg5"": 0.0, ""mrr5"": 0.0, ""hit3"": 0, ""hit1"": 0, ""first_relevant_rank"": null}, {""entry_id"": ""E003"", ""category"": ""ADR (Consequences)"", ""ndcg5"": 0.0, ""mrr5"": 0.0, ""hit3"": 0, ""hit1"": 0, ""first_relevant_rank"": null}, {""entry_id"": ""E004"", ""category"": ""ADR (Context)"", ""ndcg5"": 0.0, ""mrr5"": 0.0, ""hit3"": 0, ""hit1"": 0, ""first_relevant_rank"": null}, {""entry_id"": ""E005"", ""category"": ""ADR (Decision)"", ""ndcg5"": 0.0, ""mrr5"": 0.0, ""hit3"": 0, ""hit1"": 0, ""first_relevant_rank"": null}, {""entry_id"": ""E006"", ""category"": ""ADR (Consequences)"", ""ndcg5"": 0.0, ""mrr5"": 0.0, ""hit3"": 0, ""hit1"": 0, ""first_relevant_rank"": null}, {""entry_id"": ""E007"", ""category"": ""ADR (Context)"", ""ndcg5"": 0.5, ""mrr5"": 0.3333333333333333, ""hit3"": 1, ""hit1"": 0, ""first_relevant_rank"": 3}, {""entry_id"": ""E008"", ""category"": ""ADR (Decision)"", ""ndcg5"": 0.0, ""mrr5"": 0.0, ""hit3"": 0, ""hit1"": 0, ""first_relevant_rank"": null}, {""entry_id"": ""E009"", ""category"": ""ADR (Consequences)"", ""ndcg5"": 0.0, ""mrr5"": 0.0, ""hit3"": 0, ""hit1"": 0, ""first_relevant_rank"": null}, {""entry_id"": ""E010"", ""category"": ""ADR (Context)"", ""ndcg5"": 1.0, ""mrr5"": 1.0, ""hit3"": 1, ""hit1"": 1, ""first_relevant_rank"": 1}, {""entry_id"": ""E011"", ""category"": ""ADR (Decision)"", ""ndcg5"": 0.0, ""mrr5"": 0.0, ""hit3"": 0, ""hit1"": 0, ""first_relevant_rank"": null}, {""entry_id"": ""E012"", ""category"": ""ADR (Consequences)"", ""ndcg5"": 1.0, ""mrr5"": 1.0, ""hit3"": 1, ""hit1"": 1, ""first_relevant_rank"": 1}, {""entry_id"": ""E013"", ""category"": ""ADR (Context)"", ""ndcg5"": 0.5, ""mrr5"": 0.3333333333333333, ""hit3"": 1, ""hit1"": 0, ""first_relevant_rank"": 3}, {""entry_id"": ""E014"", ""category"": ""ADR (Decision)"", ""ndcg5"": 0.0, ""mrr5"": 0.0, ""hit3"": 0, ""hit1"": 0, ""first_relevant_rank"": null}, {""entry_id"": ""E015"", ""category"": ""ADR (Consequences)"", ""ndcg5"": 1.0, ""mrr5"": 1.0, ""hit3"": 1, ""hit1"": 1, ""first_relevant_rank"": 1}, {""entry_id"": ""E016"", ""category"": ""ADR (Context)"", ""ndcg5"": 0.0, ""mrr5"": 0.0, ""hit3"": 0, ""hit1"": 0, ""first_relevant_rank"": null}, {""entry_id"": ""E017"", ""category"": ""ADR (Decision)"", ""ndcg5"": 0.0, ""mrr5"": 0.0, ""hit3"": 0, ""hit1"": 0, ""first_relevant_rank"": null}, {""entry_id"": ""E018"", ""category"": ""ADR (Consequences)"", ""ndcg5"": 0.0, ""mrr5"": 0.0, ""hit3"": 0, ""hit1"": 0, ""first_relevant_rank"": null}, {""entry_id"": ""E019"", ""category"": ""ADR (Context)"", ""ndcg5"": 0.0, ""mrr5"": 0.0, ""hit3"": 0, ""hit1"": 0, ""first_relevant_rank"": null}, {""entry_id"": ""E020"", ""category"": ""ADR (Decision)"", ""ndcg5"": 0.0, ""mrr5"": 0.0, ""hit3"": 0, ""hit1"": 0, ""first_relevant_rank"": null}, {""entry_id"": ""E021"", ""category"": ""ADR (Consequences)"", ""ndcg5"": 0.0, ""mrr5"": 0.0, ""hit3"": 0, ""hit1"": 0, ""first_relevant_rank"": null}, {""entry_id"": ""E022"", ""category"": ""ADR (Context)"", ""ndcg5"": 0.0, ""mrr5"": 0.0, ""hit3"": 0, ""hit1"": 0, ""first_relevant_rank"": null}, {""entry_id"": ""E023"", ""category"": ""ADR (Decision)"", ""ndcg5"": 0.0, ""mrr5"": 0.0, ""hit3"": 0, ""hit1"": 0, ""first_relevant_rank"": null}, {""entry_id"": ""E024"", ""category"": ""ADR (Consequences)"", ""ndcg5"": 0.0, ""mrr5"": 0.0, ""hit3"": 0, ""hit1"": 0, ""first_relevant_rank"": null}, {""entry_id"": ""E025"", ""category"": ""ADR (Context)"", ""ndcg5"": 0.5, ""mrr5"": 0.3333333333333333, ""hit3"": 1, ""hit1"": 0, ""first_relevant_rank"": 3}, {""entry_id"": ""E026"", ""category"": ""ADR (Decision)"", ""ndcg5"": 1.0, ""mrr5"": 1.0, ""hit3"": 1, ""hit1"": 1, ""first_relevant_rank"": 1}, {""entry_id"": ""E027"", ""category"": ""ADR (Consequences)"", ""ndcg5"": 0.0, ""mrr5"": 0.0, ""hit3"": 0, ""hit1"": 0, ""first_relevant_rank"": null}, {""entry_id"": ""E028"", ""category"": ""ADR (Context)"", ""ndcg5"": 1.0, ""mrr5"": 1.0, ""hit3"": 1, ""hit1"": 1, ""first_relevant_rank"": 1}, {""entry_id"": ""E029"", ""category"": ""ADR (Decision)"", ""ndcg5"": 0.0, ""mrr5"": 0.0, ""hit3"": 0, ""hit1"": 0, ""first_relevant_rank"": null}, {""entry_id"": ""E030"", ""category"": ""ADR (Consequences)"", ""ndcg5"": 0.0, ""mrr5"": 0.0, ""hit3"": 0, ""hit1"": 0, ""first_relevant_rank"": null}, {""entry_id"": ""E031"", ""category"": ""ADR (Context)"", ""ndcg5"": 1.0, ""mrr5"": 1.0, ""hit3"": 1, ""hit1"": 1, ""first_relevant_rank"": 1}, {""entry_id"": ""E032"", ""category"": ""ADR (Decision)"", ""ndcg5"": 0.0, ""mrr5"": 0.0, ""hit3"": 0, ""hit1"": 0, ""first_relevant_rank"": null}, {""entry_id"": ""E033"", ""category"": ""ADR (Consequences)"", ""ndcg5"": 0.0, ""mrr5"": 0.0, ""hit3"": 0, ""hit1"": 0, ""first_relevant_rank"": null}, {""entry_id"": ""E034"", ""category"": ""ADR (Context)"", ""ndcg5"": 0.0, ""mrr5"": 0.0, ""hit3"": 0, ""hit1"": 0, ""first_relevant_rank"": null}, {""entry_id"": ""E035"", ""category"": ""ADR (Decision)"", ""ndcg5"": 0.0, ""mrr5"": 0.0, ""hit3"": 0, ""hit1"": 0, ""first_relevant_rank"": null}, {""entry_id"": ""E036"", ""category"": ""ADR (Consequences)"", ""ndcg5"": 0.0, ""mrr5"": 0.0, ""hit3"": 0, ""hit1"": 0, ""first_relevant_rank"": null}, {""entry_id"": ""E037"", ""category"": ""ADR (Context)"", ""ndcg5"": 1.0, ""mrr5"": 1.0, ""hit3"": 1, ""hit1"": 1, ""first_relevant_rank"": 1}, {""entry_id"": ""E038"", ""category"": ""ADR (Decision)"", ""ndcg5"": 0.5, ""mrr5"": 0.3333333333333333, ""hit3"": 1, ""hit1"": 0, ""first_relevant_rank"": 3}, {""entry_id"": ""E039"", ""category"": ""ADR (Consequences)"", ""ndcg5"": 0.0, ""mrr5"": 0.0, ""hit3"": 0, ""hit1"": 0, ""first_relevant_rank"": null}, {""entry_id"": ""E040"", ""category"": ""ADR (Context)"", ""ndcg5"": 0.0, ""mrr5"": 0.0, ""hit3"": 0, ""hit1"": 0, ""first_relevant_rank"": null}, {""entry_id"": ""E041"", ""category"": ""ADR (Decision)"", ""ndcg5"": 0.0, ""mrr5"": 0.0, ""hit3"": 0, ""hit1"": 0, ""first_relevant_rank"": null}, {""entry_id"": ""E042"", ""category"": ""ADR (Consequences)"", ""ndcg5"": 0.0, ""mrr5"": 0.0, ""hit3"": 0, ""hit1"": 0, ""first_relevant_rank"": null}, {""entry_id"": ""E043"", ""category"": ""ADR (Context)"", ""ndcg5"": 0.5, ""mrr5"": 0.3333333333333333, ""hit3"": 1, ""hit1"": 0, ""first_relevant_rank"": 3}, {""entry_id"": ""E044"", ""category"": ""ADR (Decision)"", ""ndcg5"": 0.0, ""mrr5"": 0.0, ""hit3"": 0, ""hit1"": 0, ""first_relevant_rank"": null}, {""entry_id"": ""E045"", ""category"": ""ADR (Consequences)"", ""ndcg5"": 0.0, ""mrr5"": 0.0, ""hit3"": 0, ""hit1"": 0, ""first_relevant_rank"": null}, {""entry_id"": ""E046"", ""category"": ""ADR (Content)"", ""ndcg5"": 0.5, ""mrr5"": 0.3333333333333333, ""hit3"": 1, ""hit1"": 0, ""first_relevant_rank"": 3}, {""entry_id"": ""E047"", ""category"": ""ADR (Decision)"", ""ndcg5"": 0.5, ""mrr5"": 0.3333333333333333, ""hit3"": 1, ""hit1"": 0, ""first_relevant_rank"": 3}, {""entry_id"": ""E048"", ""category"": ""ADR (Consequences)"", ""ndcg5"": 0.0, ""mrr5"": 0.0, ""hit3"": 0, ""hit1"": 0, ""first_relevant_rank"": null}, {""entry_id"": ""E049"", ""category"": ""ADR (Context)"", ""ndcg5"": 1.0, ""mrr5"": 1.0, ""hit3"": 1, ""hit1"": 1, ""first_relevant_rank"": 1}, {""entry_id"": ""E050"", ""category"": ""ADR (Decision)"", ""ndcg5"": 0.6309297535714575, ""mrr5"": 0.5, ""hit3"": 1, ""hit1"": 0, ""first_relevant_rank"": 2}, {""entry_id"": ""E051"", ""category"": ""ADR (Consequences)"", ""ndcg5"": 1.0, ""mrr5"": 1.0, ""hit3"": 1, ""hit1"": 1, ""first_relevant_rank"": 1}, {""entry_id"": ""E052"", ""category"": ""ADR (Context)"", ""ndcg5"": 1.0, ""mrr5"": 1.0, ""hit3"": 1, ""hit1"": 1, ""first_relevant_rank"": 1}, {""entry_id"": ""E053"", ""category"": ""ADR (Decision)"", ""ndcg5"": 0.6309297535714575, ""mrr5"": 0.5, ""hit3"": 1, ""hit1"": 0, ""first_relevant_rank"": 2}, {""entry_id"": ""E054"", ""category"": ""ADR (Consequences)"", ""ndcg5"": 1.0, ""mrr5"": 1.0, ""hit3"": 1, ""hit1"": 1, ""first_relevant_rank"": 1}, {""entry_id"": ""E055"", ""category"": ""ADR (Context)"", ""ndcg5"": 1.0, ""mrr5"": 1.0, ""hit3"": 1, ""hit1"": 1, ""first_relevant_rank"": 1}, {""entry_id"": ""E056"", ""category"": ""ADR (Decision)"", ""ndcg5"": 0.0, ""mrr5"": 0.0, ""hit3"": 0, ""hit1"": 0, ""first_relevant_rank"": null}, {""entry_id"": ""E057"", ""category"": ""ADR (Content)"", ""ndcg5"": 0.0, ""mrr5"": 0.0, ""hit3"": 0, ""hit1"": 0, ""first_relevant_rank"": null}, {""entry_id"": ""E058"", ""category"": ""ADR (Context)"", ""ndcg5"": 0.43067655807339306, ""mrr5"": 0.25, ""hit3"": 0, ""hit1"": 0, ""first_relevant_rank"": 4}, {""entry_id"": ""E059"", ""category"": ""ADR (Decision)"", ""ndcg5"": 0.43067655807339306, ""mrr5"": 0.25, ""hit3"": 0, ""hit1"": 0, ""first_relevant_rank"": 4}, {""entry_id"": ""E060"", ""category"": ""ADR (Consequences)"", ""ndcg5"": 0.0, ""mrr5"": 0.0, ""hit3"": 0, ""hit1"": 0, ""first_relevant_rank"": null}, {""entry_id"": ""E061"", ""category"": ""ADR (Context)"", ""ndcg5"": 1.0, ""mrr5"": 1.0, ""hit3"": 1, ""hit1"": 1, ""first_relevant_rank"": 1}, {""entry_id"": ""E062"", ""category"": ""ADR (Decision)"", ""ndcg5"": 1.0, ""mrr5"": 1.0, ""hit3"": 1, ""hit1"": 1, ""first_relevant_rank"": 1}, {""entry_id"": ""E063"", ""category"": ""ADR (Consequences)"", ""ndcg5"": 0.0, ""mrr5"": 0.0, ""hit3"": 0, ""hit1"": 0, ""first_relevant_rank"": null}, {""entry_id"": ""E064"", ""category"": ""ADR (Context)"", ""ndcg5"": 1.0, ""mrr5"": 1.0, ""hit3"": 1, ""hit1"": 1, ""first_relevant_rank"": 1}, {""entry_id"": ""E065"", ""category"": ""ADR (Decision)"", ""ndcg5"": 0.0, ""mrr5"": 0.0, ""hit3"": 0, ""hit1"": 0, ""first_relevant_rank"": null}, {""entry_id"": ""E066"", ""category"": ""ADR (Consequences)"", ""ndcg5"": 0.0, ""mrr5"": 0.0, ""hit3"": 0, ""hit1"": 0, ""first_relevant_rank"": null}, {""entry_id"": ""E067"", ""category"": ""ADR (Context)"", ""ndcg5"": 0.38685280723454163, ""mrr5"": 0.2, ""hit3"": 0, ""hit1"": 0, ""first_relevant_rank"": 5}, {""entry_id"": ""E068"", ""category"": ""ADR (Decision)"", ""ndcg5"": 0.0, ""mrr5"": 0.0, ""hit3"": 0, ""hit1"": 0, ""first_relevant_rank"": null}, {""entry_id"": ""E069"", ""category"": ""ADR (Consequences)"", ""ndcg5"": 0.0, ""mrr5"": 0.0, ""hit3"": 0, ""hit1"": 0, ""first_relevant_rank"": null}, {""entry_id"": ""E070"", ""category"": ""ADR (Context)"", ""ndcg5"": 1.0, ""mrr5"": 1.0, ""hit3"": 1, ""hit1"": 1, ""first_relevant_rank"": 1}, {""entry_id"": ""E071"", ""category"": ""ADR (Decision)"", ""ndcg5"": 0.0, ""mrr5"": 0.0, ""hit3"": 0, ""hit1"": 0, ""first_relevant_rank"": null}, {""entry_id"": ""E072"", ""category"": ""ADR (Consequences)"", ""ndcg5"": 0.0, ""mrr5"": 0.0, ""hit3"": 0, ""hit1"": 0, ""first_relevant_rank"": null}, {""entry_id"": ""E073"", ""category"": ""ADR (Context)"", ""ndcg5"": 1.0, ""mrr5"": 1.0, ""hit3"": 1, ""hit1"": 1, ""first_relevant_rank"": 1}, {""entry_id"": ""E074"", ""category"": ""ADR (Decision)"", ""ndcg5"": 0.0, ""mrr5"": 0.0, ""hit3"": 0, ""hit1"": 0, ""first_relevant_rank"": null}, {""entry_id"": ""E075"", ""category"": ""ADR (Consequences)"", ""ndcg5"": 0.5, ""mrr5"": 0.3333333333333333, ""hit3"": 1, ""hit1"": 0, ""first_relevant_rank"": 3}, {""entry_id"": ""E076"", ""category"": ""Non-file (hermes transcript)"", ""ndcg5"": 1.0, ""mrr5"": 1.0, ""hit3"": 1, ""hit1"": 1, ""first_relevant_rank"": 1}, {""entry_id"": ""E077"", ""category"": ""Non-file (hermes transcript)"", ""ndcg5"": 1.0, ""mrr5"": 1.0, ""hit3"": 1, ""hit1"": 1, ""first_relevant_rank"": 1}, {""entry_id"": ""E078"", ""category"": ""Non-file (hermes transcript)"", ""ndcg5"": 0.0, ""mrr5"": 0.0, ""hit3"": 0, ""hit1"": 0, ""first_relevant_rank"": null}, {""entry_id"": ""E079"", ""category"": ""Non-file (hermes transcript)"", ""ndcg5"": 0.43067655807339306, ""mrr5"": 0.25, ""hit3"": 0, ""hit1"": 0, ""first_relevant_rank"": 4}, {""entry_id"": ""E080"", ""category"": ""Non-file (hermes transcript)"", ""ndcg5"": 0.0, ""mrr5"": 0.0, ""hit3"": 0, ""hit1"": 0, ""first_relevant_rank"": null}, {""entry_id"": ""E081"", ""category"": ""Non-file (hermes transcript)"", ""ndcg5"": 1.0, ""mrr5"": 1.0, ""hit3"": 1, ""hit1"": 1, ""first_relevant_rank"": 1}, {""entry_id"": ""E082"", ""category"": ""Non-file (hermes transcript)"", ""ndcg5"": 0.0, ""mrr5"": 0.0, ""hit3"": 0, ""hit1"": 0, ""first_relevant_rank"": null}, {""entry_id"": ""E083"", ""category"": ""Non-file (hermes transcript)"", ""ndcg5"": 1.0, ""mrr5"": 1.0, ""hit3"": 1, ""hit1"": 1, ""first_relevant_rank"": 1}, {""entry_id"": ""E084"", ""category"": ""Non-file (hermes transcript)"", ""ndcg5"": 0.0, ""mrr5"": 0.0, ""hit3"": 0, ""hit1"": 0, ""first_relevant_rank"": null}, {""entry_id"": ""E085"", ""category"": ""Non-file (hermes transcript)"", ""ndcg5"": 1.0, ""mrr5"": 1.0, ""hit3"": 1, ""hit1"": 1, ""first_relevant_rank"": 1}, {""entry_id"": ""E086"", ""category"": ""Non-file (hermes transcript)"", ""ndcg5"": 0.0, ""mrr5"": 0.0, ""hit3"": 0, ""hit1"": 0, ""first_relevant_rank"": null}, {""entry_id"": ""E087"", ""category"": ""Non-file (hermes transcript)"", ""ndcg5"": 0.0, ""mrr5"": 0.0, ""hit3"": 0, ""hit1"": 0, ""first_relevant_rank"": null}, {""entry_id"": ""E088"", ""category"": ""Non-file (hermes transcript)"", ""ndcg5"": 0.0, ""mrr5"": 0.0, ""hit3"": 0, ""hit1"": 0, ""first_relevant_rank"": null}, {""entry_id"": ""E089"", ""category"": ""Non-file (hermes transcript)"", ""ndcg5"": 1.0, ""mrr5"": 1.0, ""hit3"": 1, ""hit1"": 1, ""first_relevant_rank"": 1}, {""entry_id"": ""E090"", ""category"": ""Non-file (shared tier)"", ""ndcg5"": 0.0, ""mrr5"": 0.0, ""hit3"": 0, ""hit1"": 0, ""first_relevant_rank"": null}, {""entry_id"": ""E091"", ""category"": ""Non-file (shared tier)"", ""ndcg5"": 0.43067655807339306, ""mrr5"": 0.25, ""hit3"": 0, ""hit1"": 0, ""first_relevant_rank"": 4}, {""entry_id"": ""E092"", ""category"": ""Non-file (shared tier)"", ""ndcg5"": 0.0, ""mrr5"": 0.0, ""hit3"": 0, ""hit1"": 0, ""first_relevant_rank"": null}, {""entry_id"": ""E093"", ""category"": ""Non-file (shared tier)"", ""ndcg5"": 0.0, ""mrr5"": 0.0, ""hit3"": 0, ""hit1"": 0, ""first_relevant_rank"": null}, {""entry_id"": ""E094"", ""category"": ""Non-file (shared tier)"", ""ndcg5"": 0.0, ""mrr5"": 0.0, ""hit3"": 0, ""hit1"": 0, ""first_relevant_rank"": null}, {""entry_id"": ""E095"", ""category"": ""Non-file (shared tier)"", ""ndcg5"": 0.5, ""mrr5"": 0.3333333333333333, ""hit3"": 1, ""hit1"": 0, ""first_relevant_rank"": 3}, {""entry_id"": ""E096"", ""category"": ""Non-file (shared tier)"", ""ndcg5"": 0.0, ""mrr5"": 0.0, ""hit3"": 0, ""hit1"": 0, ""first_relevant_rank"": null}, {""entry_id"": ""E097"", ""category"": ""Non-file (shared tier)"", ""ndcg5"": 0.43067655807339306, ""mrr5"": 0.25, ""hit3"": 0, ""hit1"": 0, ""first_relevant_rank"": 4}, {""entry_id"": ""E098"", ""category"": ""Non-file (shared tier)"", ""ndcg5"": 0.0, ""mrr5"": 0.0, ""hit3"": 0, ""hit1"": 0, ""first_relevant_rank"": null}, {""entry_id"": ""E099"", ""category"": ""Non-file (shared tier)"", ""ndcg5"": 0.5, ""mrr5"": 0.3333333333333333, ""hit3"": 1, ""hit1"": 0, ""first_relevant_rank"": 3}, {""entry_id"": ""E100"", ""category"": ""Non-file (shared tier)"", ""ndcg5"": 0.0, ""mrr5"": 0.0, ""hit3"": 0, ""hit1"": 0, ""first_relevant_rank"": null}]","{""ADR (Context)"": ""CategoryMetrics(category='ADR (Context)', count=24, mean_ndcg5=0.575730390221164, mean_mrr5=0.5326388888888889, hit3_rate=0.625, hit1_rate=0.4583333333333333)"", ""ADR (Decision)"": ""CategoryMetrics(category='ADR (Decision)', count=25, mean_ndcg5=0.18770144260865235, mean_mrr5=0.15666666666666665, hit3_rate=0.24, hit1_rate=0.08)"", ""ADR (Consequences)"": ""CategoryMetrics(category='ADR (Consequences)', count=24, mean_ndcg5=0.1875, mean_mrr5=0.18055555555555555, hit3_rate=0.20833333333333334, hit1_rate=0.16666666666666666)"", ""ADR (Content)"": ""CategoryMetrics(category='ADR (Content)', count=2, mean_ndcg5=0.25, mean_mrr5=0.16666666666666666, hit3_rate=0.5, hit1_rate=0.0)"", ""Non-file (hermes transcript)"": ""CategoryMetrics(category='Non-file (hermes transcript)', count=14, mean_ndcg5=0.4593340398623852, mean_mrr5=0.44642857142857145, hit3_rate=0.42857142857142855, hit1_rate=0.42857142857142855)"", ""Non-file (shared tier)"": ""CategoryMetrics(category='Non-file (shared tier)', count=11, mean_ndcg5=0.16921391964970783, mean_mrr5=0.10606060606060605, hit3_rate=0.18181818181818182, hit1_rate=0.0)""}"
structureAlpha=0.25,structureAlpha,0.25,memory,100,0.49063413112942245,0.4513333333333333,0.55,0.37,"[{""entry_id"": ""E001"", ""category"": ""ADR (Context)"", ""ndcg5"": 0.0, ""mrr5"": 0.0, ""hit3"": 0, ""hit1"": 0, ""first_relevant_rank"": null}, {""entry_id"": ""E002"", ""category"": ""ADR (Decision)"", ""ndcg5"": 0.0, ""mrr5"": 0.0, ""hit3"": 0, ""hit1"": 0, ""first_relevant_rank"": null}, {""entry_id"": ""E003"", ""category"": ""ADR (Consequences)"", ""ndcg5"": 0.0, ""mrr5"": 0.0, ""hit3"": 0, ""hit1"": 0, ""first_relevant_rank"": null}, {""entry_id"": ""E004"", ""category"": ""ADR (Context)"", ""ndcg5"": 0.5, ""mrr5"": 0.3333333333333333, ""hit3"": 1, ""hit1"": 0, ""first_relevant_rank"": 3}, {""entry_id"": ""E005"", ""category"": ""ADR (Decision)"", ""ndcg5"": 0.38685280723454163, ""mrr5"": 0.2, ""hit3"": 0, ""hit1"": 0, ""first_relevant_rank"": 5}, {""entry_id"": ""E006"", ""category"": ""ADR (Consequences)"", ""ndcg5"": 0.0, ""mrr5"": 0.0, ""hit3"": 0, ""hit1"": 0, ""first_relevant_rank"": null}, {""entry_id"": ""E007"", ""category"": ""ADR (Context)"", ""ndcg5"": 0.5, ""mrr5"": 0.3333333333333333, ""hit3"": 1, ""hit1"": 0, ""first_relevant_rank"": 3}, {""entry_id"": ""E008"", ""category"": ""ADR (Decision)"", ""ndcg5"": 0.0, ""mrr5"": 0.0, ""hit3"": 0, ""hit1"": 0, ""first_relevant_rank"": null}, {""entry_id"": ""E009"", ""category"": ""ADR (Consequences)"", ""ndcg5"": 0.0, ""mrr5"": 0.0, ""hit3"": 0, ""hit1"": 0, ""first_relevant_rank"": null}, {""entry_id"": ""E010"", ""category"": ""ADR (Context)"", ""ndcg5"": 1.0, ""mrr5"": 1.0, ""hit3"": 1, ""hit1"": 1, ""first_relevant_rank"": 1}, {""entry_id"": ""E011"", ""category"": ""ADR (Decision)"", ""ndcg5"": 0.5, ""mrr5"": 0.3333333333333333, ""hit3"": 1, ""hit1"": 0, ""first_relevant_rank"": 3}, {""entry_id"": ""E012"", ""category"": ""ADR (Consequences)"", ""ndcg5"": 1.0, ""mrr5"": 1.0, ""hit3"": 1, ""hit1"": 1, ""first_relevant_rank"": 1}, {""entry_id"": ""E013"", ""category"": ""ADR (Context)"", ""ndcg5"": 0.38685280723454163, ""mrr5"": 0.2, ""hit3"": 0, ""hit1"": 0, ""first_relevant_rank"": 5}, {""entry_id"": ""E014"", ""category"": ""ADR (Decision)"", ""ndcg5"": 0.43067655807339306, ""mrr5"": 0.25, ""hit3"": 0, ""hit1"": 0, ""first_relevant_rank"": 4}, {""entry_id"": ""E015"", ""category"": ""ADR (Consequences)"", ""ndcg5"": 1.0, ""mrr5"": 1.0, ""hit3"": 1, ""hit1"": 1, ""first_relevant_rank"": 1}, {""entry_id"": ""E016"", ""category"": ""ADR (Context)"", ""ndcg5"": 0.43067655807339306, ""mrr5"": 0.25, ""hit3"": 0, ""hit1"": 0, ""first_relevant_rank"": 4}, {""entry_id"": ""E017"", ""category"": ""ADR (Decision)"", ""ndcg5"": 0.0, ""mrr5"": 0.0, ""hit3"": 0, ""hit1"": 0, ""first_relevant_rank"": null}, {""entry_id"": ""E018"", ""category"": ""ADR (Consequences)"", ""ndcg5"": 0.0, ""mrr5"": 0.0, ""hit3"": 0, ""hit1"": 0, ""first_relevant_rank"": null}, {""entry_id"": ""E019"", ""category"": ""ADR (Context)"", ""ndcg5"": 0.0, ""mrr5"": 0.0, ""hit3"": 0, ""hit1"": 0, ""first_relevant_rank"": null}, {""entry_id"": ""E020"", ""category"": ""ADR (Decision)"", ""ndcg5"": 0.0, ""mrr5"": 0.0, ""hit3"": 0, ""hit1"": 0, ""first_relevant_rank"": null}, {""entry_id"": ""E021"", ""category"": ""ADR (Consequences)"", ""ndcg5"": 0.0, ""mrr5"": 0.0, ""hit3"": 0, ""hit1"": 0, ""first_relevant_rank"": null}, {""entry_id"": ""E022"", ""category"": ""ADR (Context)"", ""ndcg5"": 0.38685280723454163, ""mrr5"": 0.2, ""hit3"": 0, ""hit1"": 0, ""first_relevant_rank"": 5}, {""entry_id"": ""E023"", ""category"": ""ADR (Decision)"", ""ndcg5"": 1.0, ""mrr5"": 1.0, ""hit3"": 1, ""hit1"": 1, ""first_relevant_rank"": 1}, {""entry_id"": ""E024"", ""category"": ""ADR (Consequences)"", ""ndcg5"": 0.0, ""mrr5"": 0.0, ""hit3"": 0, ""hit1"": 0, ""first_relevant_rank"": null}, {""entry_id"": ""E025"", ""category"": ""ADR (Context)"", ""ndcg5"": 0.5, ""mrr5"": 0.3333333333333333, ""hit3"": 1, ""hit1"": 0, ""first_relevant_rank"": 3}, {""entry_id"": ""E026"", ""category"": ""ADR (Decision)"", ""ndcg5"": 1.0, ""mrr5"": 1.0, ""hit3"": 1, ""hit1"": 1, ""first_relevant_rank"": 1}, {""entry_id"": ""E027"", ""category"": ""ADR (Consequences)"", ""ndcg5"": 0.0, ""mrr5"": 0.0, ""hit3"": 0, ""hit1"": 0, ""first_relevant_rank"": null}, {""entry_id"": ""E028"", ""category"": ""ADR (Context)"", ""ndcg5"": 1.0, ""mrr5"": 1.0, ""hit3"": 1, ""hit1"": 1, ""first_relevant_rank"": 1}, {""entry_id"": ""E029"", ""category"": ""ADR (Decision)"", ""ndcg5"": 0.0, ""mrr5"": 0.0, ""hit3"": 0, ""hit1"": 0, ""first_relevant_rank"": null}, {""entry_id"": ""E030"", ""category"": ""ADR (Consequences)"", ""ndcg5"": 0.0, ""mrr5"": 0.0, ""hit3"": 0, ""hit1"": 0, ""first_relevant_rank"": null}, {""entry_id"": ""E031"", ""category"": ""ADR (Context)"", ""ndcg5"": 1.0, ""mrr5"": 1.0, ""hit3"": 1, ""hit1"": 1, ""first_relevant_rank"": 1}, {""entry_id"": ""E032"", ""category"": ""ADR (Decision)"", ""ndcg5"": 0.0, ""mrr5"": 0.0, ""hit3"": 0, ""hit1"": 0, ""first_relevant_rank"": null}, {""entry_id"": ""E033"", ""category"": ""ADR (Consequences)"", ""ndcg5"": 0.0, ""mrr5"": 0.0, ""hit3"": 0, ""hit1"": 0, ""first_relevant_rank"": null}, {""entry_id"": ""E034"", ""category"": ""ADR (Context)"", ""ndcg5"": 0.0, ""mrr5"": 0.0, ""hit3"": 0, ""hit1"": 0, ""first_relevant_rank"": null}, {""entry_id"": ""E035"", ""category"": ""ADR (Decision)"", ""ndcg5"": 0.0, ""mrr5"": 0.0, ""hit3"": 0, ""hit1"": 0, ""first_relevant_rank"": null}, {""entry_id"": ""E036"", ""category"": ""ADR (Consequences)"", ""ndcg5"": 0.0, ""mrr5"": 0.0, ""hit3"": 0, ""hit1"": 0, ""first_relevant_rank"": null}, {""entry_id"": ""E037"", ""category"": ""ADR (Context)"", ""ndcg5"": 1.0, ""mrr5"": 1.0, ""hit3"": 1, ""hit1"": 1, ""first_relevant_rank"": 1}, {""entry_id"": ""E038"", ""category"": ""ADR (Decision)"", ""ndcg5"": 0.5, ""mrr5"": 0.3333333333333333, ""hit3"": 1, ""hit1"": 0, ""first_relevant_rank"": 3}, {""entry_id"": ""E039"", ""category"": ""ADR (Consequences)"", ""ndcg5"": 0.0, ""mrr5"": 0.0, ""hit3"": 0, ""hit1"": 0, ""first_relevant_rank"": null}, {""entry_id"": ""E040"", ""category"": ""ADR (Context)"", ""ndcg5"": 0.0, ""mrr5"": 0.0, ""hit3"": 0, ""hit1"": 0, ""first_relevant_rank"": null}, {""entry_id"": ""E041"", ""category"": ""ADR (Decision)"", ""ndcg5"": 0.0, ""mrr5"": 0.0, ""hit3"": 0, ""hit1"": 0, ""first_relevant_rank"": null}, {""entry_id"": ""E042"", ""category"": ""ADR (Consequences)"", ""ndcg5"": 0.0, ""mrr5"": 0.0, ""hit3"": 0, ""hit1"": 0, ""first_relevant_rank"": null}, {""entry_id"": ""E043"", ""category"": ""ADR (Context)"", ""ndcg5"": 0.5, ""mrr5"": 0.3333333333333333, ""hit3"": 1, ""hit1"": 0, ""first_relevant_rank"": 3}, {""entry_id"": ""E044"", ""category"": ""ADR (Decision)"", ""ndcg5"": 0.6309297535714575, ""mrr5"": 0.5, ""hit3"": 1, ""hit1"": 0, ""first_relevant_rank"": 2}, {""entry_id"": ""E045"", ""category"": ""ADR (Consequences)"", ""ndcg5"": 0.0, ""mrr5"": 0.0, ""hit3"": 0, ""hit1"": 0, ""first_relevant_rank"": null}, {""entry_id"": ""E046"", ""category"": ""ADR (Content)"", ""ndcg5"": 0.5, ""mrr5"": 0.3333333333333333, ""hit3"": 1, ""hit1"": 0, ""first_relevant_rank"": 3}, {""entry_id"": ""E047"", ""category"": ""ADR (Decision)"", ""ndcg5"": 0.5, ""mrr5"": 0.3333333333333333, ""hit3"": 1, ""hit1"": 0, ""first_relevant_rank"": 3}, {""entry_id"": ""E048"", ""category"": ""ADR (Consequences)"", ""ndcg5"": 0.0, ""mrr5"": 0.0, ""hit3"": 0, ""hit1"": 0, ""first_relevant_rank"": null}, {""entry_id"": ""E049"", ""category"": ""ADR (Context)"", ""ndcg5"": 1.0, ""mrr5"": 1.0, ""hit3"": 1, ""hit1"": 1, ""first_relevant_rank"": 1}, {""entry_id"": ""E050"", ""category"": ""ADR (Decision)"", ""ndcg5"": 0.5, ""mrr5"": 0.3333333333333333, ""hit3"": 1, ""hit1"": 0, ""first_relevant_rank"": 3}, {""entry_id"": ""E051"", ""category"": ""ADR (Consequences)"", ""ndcg5"": 1.0, ""mrr5"": 1.0, ""hit3"": 1, ""hit1"": 1, ""first_relevant_rank"": 1}, {""entry_id"": ""E052"", ""category"": ""ADR (Context)"", ""ndcg5"": 1.0, ""mrr5"": 1.0, ""hit3"": 1, ""hit1"": 1, ""first_relevant_rank"": 1}, {""entry_id"": ""E053"", ""category"": ""ADR (Decision)"", ""ndcg5"": 0.6309297535714575, ""mrr5"": 0.5, ""hit3"": 1, ""hit1"": 0, ""first_relevant_rank"": 2}, {""entry_id"": ""E054"", ""category"": ""ADR (Consequences)"", ""ndcg5"": 1.0, ""mrr5"": 1.0, ""hit3"": 1, ""hit1"": 1, ""first_relevant_rank"": 1}, {""entry_id"": ""E055"", ""category"": ""ADR (Context)"", ""ndcg5"": 1.0, ""mrr5"": 1.0, ""hit3"": 1, ""hit1"": 1, ""first_relevant_rank"": 1}, {""entry_id"": ""E056"", ""category"": ""ADR (Decision)"", ""ndcg5"": 0.0, ""mrr5"": 0.0, ""hit3"": 0, ""hit1"": 0, ""first_relevant_rank"": null}, {""entry_id"": ""E057"", ""category"": ""ADR (Content)"", ""ndcg5"": 0.0, ""mrr5"": 0.0, ""hit3"": 0, ""hit1"": 0, ""first_relevant_rank"": null}, {""entry_id"": ""E058"", ""category"": ""ADR (Context)"", ""ndcg5"": 0.5, ""mrr5"": 0.3333333333333333, ""hit3"": 1, ""hit1"": 0, ""first_relevant_rank"": 3}, {""entry_id"": ""E059"", ""category"": ""ADR (Decision)"", ""ndcg5"": 1.0, ""mrr5"": 1.0, ""hit3"": 1, ""hit1"": 1, ""first_relevant_rank"": 1}, {""entry_id"": ""E060"", ""category"": ""ADR (Consequences)"", ""ndcg5"": 0.0, ""mrr5"": 0.0, ""hit3"": 0, ""hit1"": 0, ""first_relevant_rank"": null}, {""entry_id"": ""E061"", ""category"": ""ADR (Context)"", ""ndcg5"": 1.0, ""mrr5"": 1.0, ""hit3"": 1, ""hit1"": 1, ""first_relevant_rank"": 1}, {""entry_id"": ""E062"", ""category"": ""ADR (Decision)"", ""ndcg5"": 0.6309297535714575, ""mrr5"": 0.5, ""hit3"": 1, ""hit1"": 0, ""first_relevant_rank"": 2}, {""entry_id"": ""E063"", ""category"": ""ADR (Consequences)"", ""ndcg5"": 0.0, ""mrr5"": 0.0, ""hit3"": 0, ""hit1"": 0, ""first_relevant_rank"": null}, {""entry_id"": ""E064"", ""category"": ""ADR (Context)"", ""ndcg5"": 1.0, ""mrr5"": 1.0, ""hit3"": 1, ""hit1"": 1, ""first_relevant_rank"": 1}, {""entry_id"": ""E065"", ""category"": ""ADR (Decision)"", ""ndcg5"": 0.0, ""mrr5"": 0.0, ""hit3"": 0, ""hit1"": 0, ""first_relevant_rank"": null}, {""entry_id"": ""E066"", ""category"": ""ADR (Consequences)"", ""ndcg5"": 0.0, ""mrr5"": 0.0, ""hit3"": 0, ""hit1"": 0, ""first_relevant_rank"": null}, {""entry_id"": ""E067"", ""category"": ""ADR (Context)"", ""ndcg5"": 0.5, ""mrr5"": 0.3333333333333333, ""hit3"": 1, ""hit1"": 0, ""first_relevant_rank"": 3}, {""entry_id"": ""E068"", ""category"": ""ADR (Decision)"", ""ndcg5"": 0.0, ""mrr5"": 0.0, ""hit3"": 0, ""hit1"": 0, ""first_relevant_rank"": null}, {""entry_id"": ""E069"", ""category"": ""ADR (Consequences)"", ""ndcg5"": 0.0, ""mrr5"": 0.0, ""hit3"": 0, ""hit1"": 0, ""first_relevant_rank"": null}, {""entry_id"": ""E070"", ""category"": ""ADR (Context)"", ""ndcg5"": 1.0, ""mrr5"": 1.0, ""hit3"": 1, ""hit1"": 1, ""first_relevant_rank"": 1}, {""entry_id"": ""E071"", ""category"": ""ADR (Decision)"", ""ndcg5"": 0.0, ""mrr5"": 0.0, ""hit3"": 0, ""hit1"": 0, ""first_relevant_rank"": null}, {""entry_id"": ""E072"", ""category"": ""ADR (Consequences)"", ""ndcg5"": 0.0, ""mrr5"": 0.0, ""hit3"": 0, ""hit1"": 0, ""first_relevant_rank"": null}, {""entry_id"": ""E073"", ""category"": ""ADR (Context)"", ""ndcg5"": 1.0, ""mrr5"": 1.0, ""hit3"": 1, ""hit1"": 1, ""first_relevant_rank"": 1}, {""entry_id"": ""E074"", ""category"": ""ADR (Decision)"", ""ndcg5"": 0.38685280723454163, ""mrr5"": 0.2, ""hit3"": 0, ""hit1"": 0, ""first_relevant_rank"": 5}, {""entry_id"": ""E075"", ""category"": ""ADR (Consequences)"", ""ndcg5"": 0.0, ""mrr5"": 0.0, ""hit3"": 0, ""hit1"": 0, ""first_relevant_rank"": null}, {""entry_id"": ""E076"", ""category"": ""Non-file (hermes transcript)"", ""ndcg5"": 1.0, ""mrr5"": 1.0, ""hit3"": 1, ""hit1"": 1, ""first_relevant_rank"": 1}, {""entry_id"": ""E077"", ""category"": ""Non-file (hermes transcript)"", ""ndcg5"": 1.0, ""mrr5"": 1.0, ""hit3"": 1, ""hit1"": 1, ""first_relevant_rank"": 1}, {""entry_id"": ""E078"", ""category"": ""Non-file (hermes transcript)"", ""ndcg5"": 1.0, ""mrr5"": 1.0, ""hit3"": 1, ""hit1"": 1, ""first_relevant_rank"": 1}, {""entry_id"": ""E079"", ""category"": ""Non-file (hermes transcript)"", ""ndcg5"": 1.0, ""mrr5"": 1.0, ""hit3"": 1, ""hit1"": 1, ""first_relevant_rank"": 1}, {""entry_id"": ""E080"", ""category"": ""Non-file (hermes transcript)"", ""ndcg5"": 0.0, ""mrr5"": 0.0, ""hit3"": 0, ""hit1"": 0, ""first_relevant_rank"": null}, {""entry_id"": ""E081"", ""category"": ""Non-file (hermes transcript)"", ""ndcg5"": 1.0, ""mrr5"": 1.0, ""hit3"": 1, ""hit1"": 1, ""first_relevant_rank"": 1}, {""entry_id"": ""E082"", ""category"": ""Non-file (hermes transcript)"", ""ndcg5"": 0.5, ""mrr5"": 0.3333333333333333, ""hit3"": 1, ""hit1"": 0, ""first_relevant_rank"": 3}, {""entry_id"": ""E083"", ""category"": ""Non-file (hermes transcript)"", ""ndcg5"": 1.0, ""mrr5"": 1.0, ""hit3"": 1, ""hit1"": 1, ""first_relevant_rank"": 1}, {""entry_id"": ""E084"", ""category"": ""Non-file (hermes transcript)"", ""ndcg5"": 0.0, ""mrr5"": 0.0, ""hit3"": 0, ""hit1"": 0, ""first_relevant_rank"": null}, {""entry_id"": ""E085"", ""category"": ""Non-file (hermes transcript)"", ""ndcg5"": 1.0, ""mrr5"": 1.0, ""hit3"": 1, ""hit1"": 1, ""first_relevant_rank"": 1}, {""entry_id"": ""E086"", ""category"": ""Non-file (hermes transcript)"", ""ndcg5"": 1.0, ""mrr5"": 1.0, ""hit3"": 1, ""hit1"": 1, ""first_relevant_rank"": 1}, {""entry_id"": ""E087"", ""category"": ""Non-file (hermes transcript)"", ""ndcg5"": 1.0, ""mrr5"": 1.0, ""hit3"": 1, ""hit1"": 1, ""first_relevant_rank"": 1}, {""entry_id"": ""E088"", ""category"": ""Non-file (hermes transcript)"", ""ndcg5"": 1.0, ""mrr5"": 1.0, ""hit3"": 1, ""hit1"": 1, ""first_relevant_rank"": 1}, {""entry_id"": ""E089"", ""category"": ""Non-file (hermes transcript)"", ""ndcg5"": 0.6309297535714575, ""mrr5"": 0.5, ""hit3"": 1, ""hit1"": 0, ""first_relevant_rank"": 2}, {""entry_id"": ""E090"", ""category"": ""Non-file (shared tier)"", ""ndcg5"": 1.0, ""mrr5"": 1.0, ""hit3"": 1, ""hit1"": 1, ""first_relevant_rank"": 1}, {""entry_id"": ""E091"", ""category"": ""Non-file (shared tier)"", ""ndcg5"": 1.0, ""mrr5"": 1.0, ""hit3"": 1, ""hit1"": 1, ""first_relevant_rank"": 1}, {""entry_id"": ""E092"", ""category"": ""Non-file (shared tier)"", ""ndcg5"": 1.0, ""mrr5"": 1.0, ""hit3"": 1, ""hit1"": 1, ""first_relevant_rank"": 1}, {""entry_id"": ""E093"", ""category"": ""Non-file (shared tier)"", ""ndcg5"": 0.6309297535714575, ""mrr5"": 0.5, ""hit3"": 1, ""hit1"": 0, ""first_relevant_rank"": 2}, {""entry_id"": ""E094"", ""category"": ""Non-file (shared tier)"", ""ndcg5"": 1.0, ""mrr5"": 1.0, ""hit3"": 1, ""hit1"": 1, ""first_relevant_rank"": 1}, {""entry_id"": ""E095"", ""category"": ""Non-file (shared tier)"", ""ndcg5"": 1.0, ""mrr5"": 1.0, ""hit3"": 1, ""hit1"": 1, ""first_relevant_rank"": 1}, {""entry_id"": ""E096"", ""category"": ""Non-file (shared tier)"", ""ndcg5"": 0.5, ""mrr5"": 0.3333333333333333, ""hit3"": 1, ""hit1"": 0, ""first_relevant_rank"": 3}, {""entry_id"": ""E097"", ""category"": ""Non-file (shared tier)"", ""ndcg5"": 1.0, ""mrr5"": 1.0, ""hit3"": 1, ""hit1"": 1, ""first_relevant_rank"": 1}, {""entry_id"": ""E098"", ""category"": ""Non-file (shared tier)"", ""ndcg5"": 1.0, ""mrr5"": 1.0, ""hit3"": 1, ""hit1"": 1, ""first_relevant_rank"": 1}, {""entry_id"": ""E099"", ""category"": ""Non-file (shared tier)"", ""ndcg5"": 1.0, ""mrr5"": 1.0, ""hit3"": 1, ""hit1"": 1, ""first_relevant_rank"": 1}, {""entry_id"": ""E100"", ""category"": ""Non-file (shared tier)"", ""ndcg5"": 1.0, ""mrr5"": 1.0, ""hit3"": 1, ""hit1"": 1, ""first_relevant_rank"": 1}]","{""ADR (Context)"": ""CategoryMetrics(category='ADR (Context)', count=24, mean_ndcg5=0.6335159238559366, mean_mrr5=0.56875, hit3_rate=0.7083333333333334, hit1_rate=0.4583333333333333)"", ""ADR (Decision)"": ""CategoryMetrics(category='ADR (Decision)', count=25, mean_ndcg5=0.32388685733027395, mean_mrr5=0.25933333333333336, hit3_rate=0.4, hit1_rate=0.12)"", ""ADR (Consequences)"": ""CategoryMetrics(category='ADR (Consequences)', count=24, mean_ndcg5=0.16666666666666666, mean_mrr5=0.16666666666666666, hit3_rate=0.16666666666666666, hit1_rate=0.16666666666666666)"", ""ADR (Content)"": ""CategoryMetrics(category='ADR (Content)', count=2, mean_ndcg5=0.25, mean_mrr5=0.16666666666666666, hit3_rate=0.5, hit1_rate=0.0)"", ""Non-file (hermes transcript)"": ""CategoryMetrics(category='Non-file (hermes transcript)', count=14, mean_ndcg5=0.7950664109693898, mean_mrr5=0.7738095238095238, hit3_rate=0.8571428571428571, hit1_rate=0.7142857142857143)"", ""Non-file (shared tier)"": ""CategoryMetrics(category='Non-file (shared tier)', count=11, mean_ndcg5=0.9209936139610416, mean_mrr5=0.893939393939394, hit3_rate=1.0, hit1_rate=0.8181818181818182)""}"
structureAlpha=0.5,structureAlpha,0.5,memory,100,0.6105391530585856,0.5676666666666667,0.65,0.47,"[{""entry_id"": ""E001"", ""category"": ""ADR (Context)"", ""ndcg5"": 1.0, ""mrr5"": 1.0, ""hit3"": 1, ""hit1"": 1, ""first_relevant_rank"": 1}, {""entry_id"": ""E002"", ""category"": ""ADR (Decision)"", ""ndcg5"": 1.0, ""mrr5"": 1.0, ""hit3"": 1, ""hit1"": 1, ""first_relevant_rank"": 1}, {""entry_id"": ""E003"", ""category"": ""ADR (Consequences)"", ""ndcg5"": 0.0, ""mrr5"": 0.0, ""hit3"": 0, ""hit1"": 0, ""first_relevant_rank"": null}, {""entry_id"": ""E004"", ""category"": ""ADR (Context)"", ""ndcg5"": 0.38685280723454163, ""mrr5"": 0.2, ""hit3"": 0, ""hit1"": 0, ""first_relevant_rank"": 5}, {""entry_id"": ""E005"", ""category"": ""ADR (Decision)"", ""ndcg5"": 0.38685280723454163, ""mrr5"": 0.2, ""hit3"": 0, ""hit1"": 0, ""first_relevant_rank"": 5}, {""entry_id"": ""E006"", ""category"": ""ADR (Consequences)"", ""ndcg5"": 1.0, ""mrr5"": 1.0, ""hit3"": 1, ""hit1"": 1, ""first_relevant_rank"": 1}, {""entry_id"": ""E007"", ""category"": ""ADR (Context)"", ""ndcg5"": 0.5, ""mrr5"": 0.3333333333333333, ""hit3"": 1, ""hit1"": 0, ""first_relevant_rank"": 3}, {""entry_id"": ""E008"", ""category"": ""ADR (Decision)"", ""ndcg5"": 0.0, ""mrr5"": 0.0, ""hit3"": 0, ""hit1"": 0, ""first_relevant_rank"": null}, {""entry_id"": ""E009"", ""category"": ""ADR (Consequences)"", ""ndcg5"": 0.6309297535714575, ""mrr5"": 0.5, ""hit3"": 1, ""hit1"": 0, ""first_relevant_rank"": 2}, {""entry_id"": ""E010"", ""category"": ""ADR (Context)"", ""ndcg5"": 0.6309297535714575, ""mrr5"": 0.5, ""hit3"": 1, ""hit1"": 0, ""first_relevant_rank"": 2}, {""entry_id"": ""E011"", ""category"": ""ADR (Decision)"", ""ndcg5"": 0.5, ""mrr5"": 0.3333333333333333, ""hit3"": 1, ""hit1"": 0, ""first_relevant_rank"": 3}, {""entry_id"": ""E012"", ""category"": ""ADR (Consequences)"", ""ndcg5"": 1.0, ""mrr5"": 1.0, ""hit3"": 1, ""hit1"": 1, ""first_relevant_rank"": 1}, {""entry_id"": ""E013"", ""category"": ""ADR (Context)"", ""ndcg5"": 0.43067655807339306, ""mrr5"": 0.25, ""hit3"": 0, ""hit1"": 0, ""first_relevant_rank"": 4}, {""entry_id"": ""E014"", ""category"": ""ADR (Decision)"", ""ndcg5"": 1.0, ""mrr5"": 1.0, ""hit3"": 1, ""hit1"": 1, ""first_relevant_rank"": 1}, {""entry_id"": ""E015"", ""category"": ""ADR (Consequences)"", ""ndcg5"": 1.0, ""mrr5"": 1.0, ""hit3"": 1, ""hit1"": 1, ""first_relevant_rank"": 1}, {""entry_id"": ""E016"", ""category"": ""ADR (Context)"", ""ndcg5"": 0.43067655807339306, ""mrr5"": 0.25, ""hit3"": 0, ""hit1"": 0, ""first_relevant_rank"": 4}, {""entry_id"": ""E017"", ""category"": ""ADR (Decision)"", ""ndcg5"": 0.0, ""mrr5"": 0.0, ""hit3"": 0, ""hit1"": 0, ""first_relevant_rank"": null}, {""entry_id"": ""E018"", ""category"": ""ADR (Consequences)"", ""ndcg5"": 0.6309297535714575, ""mrr5"": 0.5, ""hit3"": 1, ""hit1"": 0, ""first_relevant_rank"": 2}, {""entry_id"": ""E019"", ""category"": ""ADR (Context)"", ""ndcg5"": 0.6309297535714575, ""mrr5"": 0.5, ""hit3"": 1, ""hit1"": 0, ""first_relevant_rank"": 2}, {""entry_id"": ""E020"", ""category"": ""ADR (Decision)"", ""ndcg5"": 0.0, ""mrr5"": 0.0, ""hit3"": 0, ""hit1"": 0, ""first_relevant_rank"": null}, {""entry_id"": ""E021"", ""category"": ""ADR (Consequences)"", ""ndcg5"": 0.0, ""mrr5"": 0.0, ""hit3"": 0, ""hit1"": 0, ""first_relevant_rank"": null}, {""entry_id"": ""E022"", ""category"": ""ADR (Context)"", ""ndcg5"": 0.0, ""mrr5"": 0.0, ""hit3"": 0, ""hit1"": 0, ""first_relevant_rank"": null}, {""entry_id"": ""E023"", ""category"": ""ADR (Decision)"", ""ndcg5"": 1.0, ""mrr5"": 1.0, ""hit3"": 1, ""hit1"": 1, ""first_relevant_rank"": 1}, {""entry_id"": ""E024"", ""category"": ""ADR (Consequences)"", ""ndcg5"": 0.0, ""mrr5"": 0.0, ""hit3"": 0, ""hit1"": 0, ""first_relevant_rank"": null}, {""entry_id"": ""E025"", ""category"": ""ADR (Context)"", ""ndcg5"": 0.43067655807339306, ""mrr5"": 0.25, ""hit3"": 0, ""hit1"": 0, ""first_relevant_rank"": 4}, {""entry_id"": ""E026"", ""category"": ""ADR (Decision)"", ""ndcg5"": 1.0, ""mrr5"": 1.0, ""hit3"": 1, ""hit1"": 1, ""first_relevant_rank"": 1}, {""entry_id"": ""E027"", ""category"": ""ADR (Consequences)"", ""ndcg5"": 0.0, ""mrr5"": 0.0, ""hit3"": 0, ""hit1"": 0, ""first_relevant_rank"": null}, {""entry_id"": ""E028"", ""category"": ""ADR (Context)"", ""ndcg5"": 1.0, ""mrr5"": 1.0, ""hit3"": 1, ""hit1"": 1, ""first_relevant_rank"": 1}, {""entry_id"": ""E029"", ""category"": ""ADR (Decision)"", ""ndcg5"": 0.0, ""mrr5"": 0.0, ""hit3"": 0, ""hit1"": 0, ""first_relevant_rank"": null}, {""entry_id"": ""E030"", ""category"": ""ADR (Consequences)"", ""ndcg5"": 0.0, ""mrr5"": 0.0, ""hit3"": 0, ""hit1"": 0, ""first_relevant_rank"": null}, {""entry_id"": ""E031"", ""category"": ""ADR (Context)"", ""ndcg5"": 0.6309297535714575, ""mrr5"": 0.5, ""hit3"": 1, ""hit1"": 0, ""first_relevant_rank"": 2}, {""entry_id"": ""E032"", ""category"": ""ADR (Decision)"", ""ndcg5"": 0.38685280723454163, ""mrr5"": 0.2, ""hit3"": 0, ""hit1"": 0, ""first_relevant_rank"": 5}, {""entry_id"": ""E033"", ""category"": ""ADR (Consequences)"", ""ndcg5"": 0.0, ""mrr5"": 0.0, ""hit3"": 0, ""hit1"": 0, ""first_relevant_rank"": null}, {""entry_id"": ""E034"", ""category"": ""ADR (Context)"", ""ndcg5"": 0.0, ""mrr5"": 0.0, ""hit3"": 0, ""hit1"": 0, ""first_relevant_rank"": null}, {""entry_id"": ""E035"", ""category"": ""ADR (Decision)"", ""ndcg5"": 0.0, ""mrr5"": 0.0, ""hit3"": 0, ""hit1"": 0, ""first_relevant_rank"": null}, {""entry_id"": ""E036"", ""category"": ""ADR (Consequences)"", ""ndcg5"": 0.0, ""mrr5"": 0.0, ""hit3"": 0, ""hit1"": 0, ""first_relevant_rank"": null}, {""entry_id"": ""E037"", ""category"": ""ADR (Context)"", ""ndcg5"": 0.6309297535714575, ""mrr5"": 0.5, ""hit3"": 1, ""hit1"": 0, ""first_relevant_rank"": 2}, {""entry_id"": ""E038"", ""category"": ""ADR (Decision)"", ""ndcg5"": 1.0, ""mrr5"": 1.0, ""hit3"": 1, ""hit1"": 1, ""first_relevant_rank"": 1}, {""entry_id"": ""E039"", ""category"": ""ADR (Consequences)"", ""ndcg5"": 0.6309297535714575, ""mrr5"": 0.5, ""hit3"": 1, ""hit1"": 0, ""first_relevant_rank"": 2}, {""entry_id"": ""E040"", ""category"": ""ADR (Context)"", ""ndcg5"": 0.43067655807339306, ""mrr5"": 0.25, ""hit3"": 0, ""hit1"": 0, ""first_relevant_rank"": 4}, {""entry_id"": ""E041"", ""category"": ""ADR (Decision)"", ""ndcg5"": 1.0, ""mrr5"": 1.0, ""hit3"": 1, ""hit1"": 1, ""first_relevant_rank"": 1}, {""entry_id"": ""E042"", ""category"": ""ADR (Consequences)"", ""ndcg5"": 1.0, ""mrr5"": 1.0, ""hit3"": 1, ""hit1"": 1, ""first_relevant_rank"": 1}, {""entry_id"": ""E043"", ""category"": ""ADR (Context)"", ""ndcg5"": 0.0, ""mrr5"": 0.0, ""hit3"": 0, ""hit1"": 0, ""first_relevant_rank"": null}, {""entry_id"": ""E044"", ""category"": ""ADR (Decision)"", ""ndcg5"": 0.6309297535714575, ""mrr5"": 0.5, ""hit3"": 1, ""hit1"": 0, ""first_relevant_rank"": 2}, {""entry_id"": ""E045"", ""category"": ""ADR (Consequences)"", ""ndcg5"": 0.0, ""mrr5"": 0.0, ""hit3"": 0, ""hit1"": 0, ""first_relevant_rank"": null}, {""entry_id"": ""E046"", ""category"": ""ADR (Content)"", ""ndcg5"": 1.0, ""mrr5"": 1.0, ""hit3"": 1, ""hit1"": 1, ""first_relevant_rank"": 1}, {""entry_id"": ""E047"", ""category"": ""ADR (Decision)"", ""ndcg5"": 1.0, ""mrr5"": 1.0, ""hit3"": 1, ""hit1"": 1, ""first_relevant_rank"": 1}, {""entry_id"": ""E048"", ""category"": ""ADR (Consequences)"", ""ndcg5"": 1.0, ""mrr5"": 1.0, ""hit3"": 1, ""hit1"": 1, ""first_relevant_rank"": 1}, {""entry_id"": ""E049"", ""category"": ""ADR (Context)"", ""ndcg5"": 1.0, ""mrr5"": 1.0, ""hit3"": 1, ""hit1"": 1, ""first_relevant_rank"": 1}, {""entry_id"": ""E050"", ""category"": ""ADR (Decision)"", ""ndcg5"": 0.5, ""mrr5"": 0.3333333333333333, ""hit3"": 1, ""hit1"": 0, ""first_relevant_rank"": 3}, {""entry_id"": ""E051"", ""category"": ""ADR (Consequences)"", ""ndcg5"": 1.0, ""mrr5"": 1.0, ""hit3"": 1, ""hit1"": 1, ""first_relevant_rank"": 1}, {""entry_id"": ""E052"", ""category"": ""ADR (Context)"", ""ndcg5"": 1.0, ""mrr5"": 1.0, ""hit3"": 1, ""hit1"": 1, ""first_relevant_rank"": 1}, {""entry_id"": ""E053"", ""category"": ""ADR (Decision)"", ""ndcg5"": 1.0, ""mrr5"": 1.0, ""hit3"": 1, ""hit1"": 1, ""first_relevant_rank"": 1}, {""entry_id"": ""E054"", ""category"": ""ADR (Consequences)"", ""ndcg5"": 1.0, ""mrr5"": 1.0, ""hit3"": 1, ""hit1"": 1, ""first_relevant_rank"": 1}, {""entry_id"": ""E055"", ""category"": ""ADR (Context)"", ""ndcg5"": 1.0, ""mrr5"": 1.0, ""hit3"": 1, ""hit1"": 1, ""first_relevant_rank"": 1}, {""entry_id"": ""E056"", ""category"": ""ADR (Decision)"", ""ndcg5"": 0.5, ""mrr5"": 0.3333333333333333, ""hit3"": 1, ""hit1"": 0, ""first_relevant_rank"": 3}, {""entry_id"": ""E057"", ""category"": ""ADR (Content)"", ""ndcg5"": 0.0, ""mrr5"": 0.0, ""hit3"": 0, ""hit1"": 0, ""first_relevant_rank"": null}, {""entry_id"": ""E058"", ""category"": ""ADR (Context)"", ""ndcg5"": 1.0, ""mrr5"": 1.0, ""hit3"": 1, ""hit1"": 1, ""first_relevant_rank"": 1}, {""entry_id"": ""E059"", ""category"": ""ADR (Decision)"", ""ndcg5"": 0.5, ""mrr5"": 0.3333333333333333, ""hit3"": 1, ""hit1"": 0, ""first_relevant_rank"": 3}, {""entry_id"": ""E060"", ""category"": ""ADR (Consequences)"", ""ndcg5"": 0.43067655807339306, ""mrr5"": 0.25, ""hit3"": 0, ""hit1"": 0, ""first_relevant_rank"": 4}, {""entry_id"": ""E061"", ""category"": ""ADR (Context)"", ""ndcg5"": 1.0, ""mrr5"": 1.0, ""hit3"": 1, ""hit1"": 1, ""first_relevant_rank"": 1}, {""entry_id"": ""E062"", ""category"": ""ADR (Decision)"", ""ndcg5"": 0.0, ""mrr5"": 0.0, ""hit3"": 0, ""hit1"": 0, ""first_relevant_rank"": null}, {""entry_id"": ""E063"", ""category"": ""ADR (Consequences)"", ""ndcg5"": 0.0, ""mrr5"": 0.0, ""hit3"": 0, ""hit1"": 0, ""first_relevant_rank"": null}, {""entry_id"": ""E064"", ""category"": ""ADR (Context)"", ""ndcg5"": 0.5, ""mrr5"": 0.3333333333333333, ""hit3"": 1, ""hit1"": 0, ""first_relevant_rank"": 3}, {""entry_id"": ""E065"", ""category"": ""ADR (Decision)"", ""ndcg5"": 0.0, ""mrr5"": 0.0, ""hit3"": 0, ""hit1"": 0, ""first_relevant_rank"": null}, {""entry_id"": ""E066"", ""category"": ""ADR (Consequences)"", ""ndcg5"": 0.0, ""mrr5"": 0.0, ""hit3"": 0, ""hit1"": 0, ""first_relevant_rank"": null}, {""entry_id"": ""E067"", ""category"": ""ADR (Context)"", ""ndcg5"": 1.0, ""mrr5"": 1.0, ""hit3"": 1, ""hit1"": 1, ""first_relevant_rank"": 1}, {""entry_id"": ""E068"", ""category"": ""ADR (Decision)"", ""ndcg5"": 0.5, ""mrr5"": 0.3333333333333333, ""hit3"": 1, ""hit1"": 0, ""first_relevant_rank"": 3}, {""entry_id"": ""E069"", ""category"": ""ADR (Consequences)"", ""ndcg5"": 0.0, ""mrr5"": 0.0, ""hit3"": 0, ""hit1"": 0, ""first_relevant_rank"": null}, {""entry_id"": ""E070"", ""category"": ""ADR (Context)"", ""ndcg5"": 1.0, ""mrr5"": 1.0, ""hit3"": 1, ""hit1"": 1, ""first_relevant_rank"": 1}, {""entry_id"": ""E071"", ""category"": ""ADR (Decision)"", ""ndcg5"": 0.0, ""mrr5"": 0.0, ""hit3"": 0, ""hit1"": 0, ""first_relevant_rank"": null}, {""entry_id"": ""E072"", ""category"": ""ADR (Consequences)"", ""ndcg5"": 0.0, ""mrr5"": 0.0, ""hit3"": 0, ""hit1"": 0, ""first_relevant_rank"": null}, {""entry_id"": ""E073"", ""category"": ""ADR (Context)"", ""ndcg5"": 0.5, ""mrr5"": 0.3333333333333333, ""hit3"": 1, ""hit1"": 0, ""first_relevant_rank"": 3}, {""entry_id"": ""E074"", ""category"": ""ADR (Decision)"", ""ndcg5"": 0.6309297535714575, ""mrr5"": 0.5, ""hit3"": 1, ""hit1"": 0, ""first_relevant_rank"": 2}, {""entry_id"": ""E075"", ""category"": ""ADR (Consequences)"", ""ndcg5"": 1.0, ""mrr5"": 1.0, ""hit3"": 1, ""hit1"": 1, ""first_relevant_rank"": 1}, {""entry_id"": ""E076"", ""category"": ""Non-file (hermes transcript)"", ""ndcg5"": 1.0, ""mrr5"": 1.0, ""hit3"": 1, ""hit1"": 1, ""first_relevant_rank"": 1}, {""entry_id"": ""E077"", ""category"": ""Non-file (hermes transcript)"", ""ndcg5"": 1.0, ""mrr5"": 1.0, ""hit3"": 1, ""hit1"": 1, ""first_relevant_rank"": 1}, {""entry_id"": ""E078"", ""category"": ""Non-file (hermes transcript)"", ""ndcg5"": 1.0, ""mrr5"": 1.0, ""hit3"": 1, ""hit1"": 1, ""first_relevant_rank"": 1}, {""entry_id"": ""E079"", ""category"": ""Non-file (hermes transcript)"", ""ndcg5"": 1.0, ""mrr5"": 1.0, ""hit3"": 1, ""hit1"": 1, ""first_relevant_rank"": 1}, {""entry_id"": ""E080"", ""category"": ""Non-file (hermes transcript)"", ""ndcg5"": 0.0, ""mrr5"": 0.0, ""hit3"": 0, ""hit1"": 0, ""first_relevant_rank"": null}, {""entry_id"": ""E081"", ""category"": ""Non-file (hermes transcript)"", ""ndcg5"": 1.0, ""mrr5"": 1.0, ""hit3"": 1, ""hit1"": 1, ""first_relevant_rank"": 1}, {""entry_id"": ""E082"", ""category"": ""Non-file (hermes transcript)"", ""ndcg5"": 0.43067655807339306, ""mrr5"": 0.25, ""hit3"": 0, ""hit1"": 0, ""first_relevant_rank"": 4}, {""entry_id"": ""E083"", ""category"": ""Non-file (hermes transcript)"", ""ndcg5"": 1.0, ""mrr5"": 1.0, ""hit3"": 1, ""hit1"": 1, ""first_relevant_rank"": 1}, {""entry_id"": ""E084"", ""category"": ""Non-file (hermes transcript)"", ""ndcg5"": 0.0, ""mrr5"": 0.0, ""hit3"": 0, ""hit1"": 0, ""first_relevant_rank"": null}, {""entry_id"": ""E085"", ""category"": ""Non-file (hermes transcript)"", ""ndcg5"": 1.0, ""mrr5"": 1.0, ""hit3"": 1, ""hit1"": 1, ""first_relevant_rank"": 1}, {""entry_id"": ""E086"", ""category"": ""Non-file (hermes transcript)"", ""ndcg5"": 1.0, ""mrr5"": 1.0, ""hit3"": 1, ""hit1"": 1, ""first_relevant_rank"": 1}, {""entry_id"": ""E087"", ""category"": ""Non-file (hermes transcript)"", ""ndcg5"": 1.0, ""mrr5"": 1.0, ""hit3"": 1, ""hit1"": 1, ""first_relevant_rank"": 1}, {""entry_id"": ""E088"", ""category"": ""Non-file (hermes transcript)"", ""ndcg5"": 1.0, ""mrr5"": 1.0, ""hit3"": 1, ""hit1"": 1, ""first_relevant_rank"": 1}, {""entry_id"": ""E089"", ""category"": ""Non-file (hermes transcript)"", ""ndcg5"": 0.6309297535714575, ""mrr5"": 0.5, ""hit3"": 1, ""hit1"": 0, ""first_relevant_rank"": 2}, {""entry_id"": ""E090"", ""category"": ""Non-file (shared tier)"", ""ndcg5"": 1.0, ""mrr5"": 1.0, ""hit3"": 1, ""hit1"": 1, ""first_relevant_rank"": 1}, {""entry_id"": ""E091"", ""category"": ""Non-file (shared tier)"", ""ndcg5"": 1.0, ""mrr5"": 1.0, ""hit3"": 1, ""hit1"": 1, ""first_relevant_rank"": 1}, {""entry_id"": ""E092"", ""category"": ""Non-file (shared tier)"", ""ndcg5"": 1.0, ""mrr5"": 1.0, ""hit3"": 1, ""hit1"": 1, ""first_relevant_rank"": 1}, {""entry_id"": ""E093"", ""category"": ""Non-file (shared tier)"", ""ndcg5"": 1.0, ""mrr5"": 1.0, ""hit3"": 1, ""hit1"": 1, ""first_relevant_rank"": 1}, {""entry_id"": ""E094"", ""category"": ""Non-file (shared tier)"", ""ndcg5"": 1.0, ""mrr5"": 1.0, ""hit3"": 1, ""hit1"": 1, ""first_relevant_rank"": 1}, {""entry_id"": ""E095"", ""category"": ""Non-file (shared tier)"", ""ndcg5"": 1.0, ""mrr5"": 1.0, ""hit3"": 1, ""hit1"": 1, ""first_relevant_rank"": 1}, {""entry_id"": ""E096"", ""category"": ""Non-file (shared tier)"", ""ndcg5"": 1.0, ""mrr5"": 1.0, ""hit3"": 1, ""hit1"": 1, ""first_relevant_rank"": 1}, {""entry_id"": ""E097"", ""category"": ""Non-file (shared tier)"", ""ndcg5"": 1.0, ""mrr5"": 1.0, ""hit3"": 1, ""hit1"": 1, ""first_relevant_rank"": 1}, {""entry_id"": ""E098"", ""category"": ""Non-file (shared tier)"", ""ndcg5"": 1.0, ""mrr5"": 1.0, ""hit3"": 1, ""hit1"": 1, ""first_relevant_rank"": 1}, {""entry_id"": ""E099"", ""category"": ""Non-file (shared tier)"", ""ndcg5"": 1.0, ""mrr5"": 1.0, ""hit3"": 1, ""hit1"": 1, ""first_relevant_rank"": 1}, {""entry_id"": ""E100"", ""category"": ""Non-file (shared tier)"", ""ndcg5"": 1.0, ""mrr5"": 1.0, ""hit3"": 1, ""hit1"": 1, ""first_relevant_rank"": 1}]","{""ADR (Context)"": ""CategoryMetrics(category='ADR (Context)', count=24, mean_ndcg5=0.6305532522422477, mean_mrr5=0.5499999999999999, hit3_rate=0.6666666666666666, hit1_rate=0.375)"", ""ADR (Decision)"": ""CategoryMetrics(category='ADR (Decision)', count=25, mean_ndcg5=0.50142260486448, mean_mrr5=0.44266666666666665, hit3_rate=0.6, hit1_rate=0.32)"", ""ADR (Consequences)"": ""CategoryMetrics(category='ADR (Consequences)', count=24, mean_ndcg5=0.43014440911615687, mean_mrr5=0.40625, hit3_rate=0.4583333333333333, hit1_rate=0.3333333333333333)"", ""ADR (Content)"": ""CategoryMetrics(category='ADR (Content)', count=2, mean_ndcg5=0.5, mean_mrr5=0.5, hit3_rate=0.5, hit1_rate=0.5)"", ""Non-file (hermes transcript)"": ""CategoryMetrics(category='Non-file (hermes transcript)', count=14, mean_ndcg5=0.7901147365460607, mean_mrr5=0.7678571428571429, hit3_rate=0.7857142857142857, hit1_rate=0.7142857142857143)"", ""Non-file (shared tier)"": ""CategoryMetrics(category='Non-file (shared tier)', count=11, mean_ndcg5=1.0, mean_mrr5=1.0, hit3_rate=1.0, hit1_rate=1.0)""}"
structureAlpha=0.75,structureAlpha,0.75,memory,100,0.5985905706489523,0.5516666666666666,0.65,0.44,"[{""entry_id"": ""E001"", ""category"": ""ADR (Context)"", ""ndcg5"": 1.0, ""mrr5"": 1.0, ""hit3"": 1, ""hit1"": 1, ""first_relevant_rank"": 1}, {""entry_id"": ""E002"", ""category"": ""ADR (Decision)"", ""ndcg5"": 0.38685280723454163, ""mrr5"": 0.2, ""hit3"": 0, ""hit1"": 0, ""first_relevant_rank"": 5}, {""entry_id"": ""E003"", ""category"": ""ADR (Consequences)"", ""ndcg5"": 0.0, ""mrr5"": 0.0, ""hit3"": 0, ""hit1"": 0, ""first_relevant_rank"": null}, {""entry_id"": ""E004"", ""category"": ""ADR (Context)"", ""ndcg5"": 0.38685280723454163, ""mrr5"": 0.2, ""hit3"": 0, ""hit1"": 0, ""first_relevant_rank"": 5}, {""entry_id"": ""E005"", ""category"": ""ADR (Decision)"", ""ndcg5"": 0.38685280723454163, ""mrr5"": 0.2, ""hit3"": 0, ""hit1"": 0, ""first_relevant_rank"": 5}, {""entry_id"": ""E006"", ""category"": ""ADR (Consequences)"", ""ndcg5"": 0.6309297535714575, ""mrr5"": 0.5, ""hit3"": 1, ""hit1"": 0, ""first_relevant_rank"": 2}, {""entry_id"": ""E007"", ""category"": ""ADR (Context)"", ""ndcg5"": 0.5, ""mrr5"": 0.3333333333333333, ""hit3"": 1, ""hit1"": 0, ""first_relevant_rank"": 3}, {""entry_id"": ""E008"", ""category"": ""ADR (Decision)"", ""ndcg5"": 0.0, ""mrr5"": 0.0, ""hit3"": 0, ""hit1"": 0, ""first_relevant_rank"": null}, {""entry_id"": ""E009"", ""category"": ""ADR (Consequences)"", ""ndcg5"": 0.6309297535714575, ""mrr5"": 0.5, ""hit3"": 1, ""hit1"": 0, ""first_relevant_rank"": 2}, {""entry_id"": ""E010"", ""category"": ""ADR (Context)"", ""ndcg5"": 1.0, ""mrr5"": 1.0, ""hit3"": 1, ""hit1"": 1, ""first_relevant_rank"": 1}, {""entry_id"": ""E011"", ""category"": ""ADR (Decision)"", ""ndcg5"": 0.5, ""mrr5"": 0.3333333333333333, ""hit3"": 1, ""hit1"": 0, ""first_relevant_rank"": 3}, {""entry_id"": ""E012"", ""category"": ""ADR (Consequences)"", ""ndcg5"": 1.0, ""mrr5"": 1.0, ""hit3"": 1, ""hit1"": 1, ""first_relevant_rank"": 1}, {""entry_id"": ""E013"", ""category"": ""ADR (Context)"", ""ndcg5"": 0.43067655807339306, ""mrr5"": 0.25, ""hit3"": 0, ""hit1"": 0, ""first_relevant_rank"": 4}, {""entry_id"": ""E014"", ""category"": ""ADR (Decision)"", ""ndcg5"": 1.0, ""mrr5"": 1.0, ""hit3"": 1, ""hit1"": 1, ""first_relevant_rank"": 1}, {""entry_id"": ""E015"", ""category"": ""ADR (Consequences)"", ""ndcg5"": 1.0, ""mrr5"": 1.0, ""hit3"": 1, ""hit1"": 1, ""first_relevant_rank"": 1}, {""entry_id"": ""E016"", ""category"": ""ADR (Context)"", ""ndcg5"": 0.43067655807339306, ""mrr5"": 0.25, ""hit3"": 0, ""hit1"": 0, ""first_relevant_rank"": 4}, {""entry_id"": ""E017"", ""category"": ""ADR (Decision)"", ""ndcg5"": 0.0, ""mrr5"": 0.0, ""hit3"": 0, ""hit1"": 0, ""first_relevant_rank"": null}, {""entry_id"": ""E018"", ""category"": ""ADR (Consequences)"", ""ndcg5"": 0.6309297535714575, ""mrr5"": 0.5, ""hit3"": 1, ""hit1"": 0, ""first_relevant_rank"": 2}, {""entry_id"": ""E019"", ""category"": ""ADR (Context)"", ""ndcg5"": 0.6309297535714575, ""mrr5"": 0.5, ""hit3"": 1, ""hit1"": 0, ""first_relevant_rank"": 2}, {""entry_id"": ""E020"", ""category"": ""ADR (Decision)"", ""ndcg5"": 0.0, ""mrr5"": 0.0, ""hit3"": 0, ""hit1"": 0, ""first_relevant_rank"": null}, {""entry_id"": ""E021"", ""category"": ""ADR (Consequences)"", ""ndcg5"": 0.0, ""mrr5"": 0.0, ""hit3"": 0, ""hit1"": 0, ""first_relevant_rank"": null}, {""entry_id"": ""E022"", ""category"": ""ADR (Context)"", ""ndcg5"": 0.0, ""mrr5"": 0.0, ""hit3"": 0, ""hit1"": 0, ""first_relevant_rank"": null}, {""entry_id"": ""E023"", ""category"": ""ADR (Decision)"", ""ndcg5"": 1.0, ""mrr5"": 1.0, ""hit3"": 1, ""hit1"": 1, ""first_relevant_rank"": 1}, {""entry_id"": ""E024"", ""category"": ""ADR (Consequences)"", ""ndcg5"": 0.0, ""mrr5"": 0.0, ""hit3"": 0, ""hit1"": 0, ""first_relevant_rank"": null}, {""entry_id"": ""E025"", ""category"": ""ADR (Context)"", ""ndcg5"": 0.43067655807339306, ""mrr5"": 0.25, ""hit3"": 0, ""hit1"": 0, ""first_relevant_rank"": 4}, {""entry_id"": ""E026"", ""category"": ""ADR (Decision)"", ""ndcg5"": 1.0, ""mrr5"": 1.0, ""hit3"": 1, ""hit1"": 1, ""first_relevant_rank"": 1}, {""entry_id"": ""E027"", ""category"": ""ADR (Consequences)"", ""ndcg5"": 0.0, ""mrr5"": 0.0, ""hit3"": 0, ""hit1"": 0, ""first_relevant_rank"": null}, {""entry_id"": ""E028"", ""category"": ""ADR (Context)"", ""ndcg5"": 0.6309297535714575, ""mrr5"": 0.5, ""hit3"": 1, ""hit1"": 0, ""first_relevant_rank"": 2}, {""entry_id"": ""E029"", ""category"": ""ADR (Decision)"", ""ndcg5"": 0.0, ""mrr5"": 0.0, ""hit3"": 0, ""hit1"": 0, ""first_relevant_rank"": null}, {""entry_id"": ""E030"", ""category"": ""ADR (Consequences)"", ""ndcg5"": 0.0, ""mrr5"": 0.0, ""hit3"": 0, ""hit1"": 0, ""first_relevant_rank"": null}, {""entry_id"": ""E031"", ""category"": ""ADR (Context)"", ""ndcg5"": 0.5, ""mrr5"": 0.3333333333333333, ""hit3"": 1, ""hit1"": 0, ""first_relevant_rank"": 3}, {""entry_id"": ""E032"", ""category"": ""ADR (Decision)"", ""ndcg5"": 0.6309297535714575, ""mrr5"": 0.5, ""hit3"": 1, ""hit1"": 0, ""first_relevant_rank"": 2}, {""entry_id"": ""E033"", ""category"": ""ADR (Consequences)"", ""ndcg5"": 0.0, ""mrr5"": 0.0, ""hit3"": 0, ""hit1"": 0, ""first_relevant_rank"": null}, {""entry_id"": ""E034"", ""category"": ""ADR (Context)"", ""ndcg5"": 0.0, ""mrr5"": 0.0, ""hit3"": 0, ""hit1"": 0, ""first_relevant_rank"": null}, {""entry_id"": ""E035"", ""category"": ""ADR (Decision)"", ""ndcg5"": 0.0, ""mrr5"": 0.0, ""hit3"": 0, ""hit1"": 0, ""first_relevant_rank"": null}, {""entry_id"": ""E036"", ""category"": ""ADR (Consequences)"", ""ndcg5"": 0.0, ""mrr5"": 0.0, ""hit3"": 0, ""hit1"": 0, ""first_relevant_rank"": null}, {""entry_id"": ""E037"", ""category"": ""ADR (Context)"", ""ndcg5"": 0.6309297535714575, ""mrr5"": 0.5, ""hit3"": 1, ""hit1"": 0, ""first_relevant_rank"": 2}, {""entry_id"": ""E038"", ""category"": ""ADR (Decision)"", ""ndcg5"": 1.0, ""mrr5"": 1.0, ""hit3"": 1, ""hit1"": 1, ""first_relevant_rank"": 1}, {""entry_id"": ""E039"", ""category"": ""ADR (Consequences)"", ""ndcg5"": 0.6309297535714575, ""mrr5"": 0.5, ""hit3"": 1, ""hit1"": 0, ""first_relevant_rank"": 2}, {""entry_id"": ""E040"", ""category"": ""ADR (Context)"", ""ndcg5"": 0.38685280723454163, ""mrr5"": 0.2, ""hit3"": 0, ""hit1"": 0, ""first_relevant_rank"": 5}, {""entry_id"": ""E041"", ""category"": ""ADR (Decision)"", ""ndcg5"": 1.0, ""mrr5"": 1.0, ""hit3"": 1, ""hit1"": 1, ""first_relevant_rank"": 1}, {""entry_id"": ""E042"", ""category"": ""ADR (Consequences)"", ""ndcg5"": 1.0, ""mrr5"": 1.0, ""hit3"": 1, ""hit1"": 1, ""first_relevant_rank"": 1}, {""entry_id"": ""E043"", ""category"": ""ADR (Context)"", ""ndcg5"": 0.0, ""mrr5"": 0.0, ""hit3"": 0, ""hit1"": 0, ""first_relevant_rank"": null}, {""entry_id"": ""E044"", ""category"": ""ADR (Decision)"", ""ndcg5"": 0.6309297535714575, ""mrr5"": 0.5, ""hit3"": 1, ""hit1"": 0, ""first_relevant_rank"": 2}, {""entry_id"": ""E045"", ""category"": ""ADR (Consequences)"", ""ndcg5"": 0.0, ""mrr5"": 0.0, ""hit3"": 0, ""hit1"": 0, ""first_relevant_rank"": null}, {""entry_id"": ""E046"", ""category"": ""ADR (Content)"", ""ndcg5"": 1.0, ""mrr5"": 1.0, ""hit3"": 1, ""hit1"": 1, ""first_relevant_rank"": 1}, {""entry_id"": ""E047"", ""category"": ""ADR (Decision)"", ""ndcg5"": 1.0, ""mrr5"": 1.0, ""hit3"": 1, ""hit1"": 1, ""first_relevant_rank"": 1}, {""entry_id"": ""E048"", ""category"": ""ADR (Consequences)"", ""ndcg5"": 1.0, ""mrr5"": 1.0, ""hit3"": 1, ""hit1"": 1, ""first_relevant_rank"": 1}, {""entry_id"": ""E049"", ""category"": ""ADR (Context)"", ""ndcg5"": 1.0, ""mrr5"": 1.0, ""hit3"": 1, ""hit1"": 1, ""first_relevant_rank"": 1}, {""entry_id"": ""E050"", ""category"": ""ADR (Decision)"", ""ndcg5"": 0.5, ""mrr5"": 0.3333333333333333, ""hit3"": 1, ""hit1"": 0, ""first_relevant_rank"": 3}, {""entry_id"": ""E051"", ""category"": ""ADR (Consequences)"", ""ndcg5"": 1.0, ""mrr5"": 1.0, ""hit3"": 1, ""hit1"": 1, ""first_relevant_rank"": 1}, {""entry_id"": ""E052"", ""category"": ""ADR (Context)"", ""ndcg5"": 1.0, ""mrr5"": 1.0, ""hit3"": 1, ""hit1"": 1, ""first_relevant_rank"": 1}, {""entry_id"": ""E053"", ""category"": ""ADR (Decision)"", ""ndcg5"": 1.0, ""mrr5"": 1.0, ""hit3"": 1, ""hit1"": 1, ""first_relevant_rank"": 1}, {""entry_id"": ""E054"", ""category"": ""ADR (Consequences)"", ""ndcg5"": 0.6309297535714575, ""mrr5"": 0.5, ""hit3"": 1, ""hit1"": 0, ""first_relevant_rank"": 2}, {""entry_id"": ""E055"", ""category"": ""ADR (Context)"", ""ndcg5"": 0.6309297535714575, ""mrr5"": 0.5, ""hit3"": 1, ""hit1"": 0, ""first_relevant_rank"": 2}, {""entry_id"": ""E056"", ""category"": ""ADR (Decision)"", ""ndcg5"": 0.5, ""mrr5"": 0.3333333333333333, ""hit3"": 1, ""hit1"": 0, ""first_relevant_rank"": 3}, {""entry_id"": ""E057"", ""category"": ""ADR (Content)"", ""ndcg5"": 0.0, ""mrr5"": 0.0, ""hit3"": 0, ""hit1"": 0, ""first_relevant_rank"": null}, {""entry_id"": ""E058"", ""category"": ""ADR (Context)"", ""ndcg5"": 1.0, ""mrr5"": 1.0, ""hit3"": 1, ""hit1"": 1, ""first_relevant_rank"": 1}, {""entry_id"": ""E059"", ""category"": ""ADR (Decision)"", ""ndcg5"": 0.5, ""mrr5"": 0.3333333333333333, ""hit3"": 1, ""hit1"": 0, ""first_relevant_rank"": 3}, {""entry_id"": ""E060"", ""category"": ""ADR (Consequences)"", ""ndcg5"": 0.38685280723454163, ""mrr5"": 0.2, ""hit3"": 0, ""hit1"": 0, ""first_relevant_rank"": 5}, {""entry_id"": ""E061"", ""category"": ""ADR (Context)"", ""ndcg5"": 1.0, ""mrr5"": 1.0, ""hit3"": 1, ""hit1"": 1, ""first_relevant_rank"": 1}, {""entry_id"": ""E062"", ""category"": ""ADR (Decision)"", ""ndcg5"": 0.0, ""mrr5"": 0.0, ""hit3"": 0, ""hit1"": 0, ""first_relevant_rank"": null}, {""entry_id"": ""E063"", ""category"": ""ADR (Consequences)"", ""ndcg5"": 0.0, ""mrr5"": 0.0, ""hit3"": 0, ""hit1"": 0, ""first_relevant_rank"": null}, {""entry_id"": ""E064"", ""category"": ""ADR (Context)"", ""ndcg5"": 0.5, ""mrr5"": 0.3333333333333333, ""hit3"": 1, ""hit1"": 0, ""first_relevant_rank"": 3}, {""entry_id"": ""E065"", ""category"": ""ADR (Decision)"", ""ndcg5"": 0.0, ""mrr5"": 0.0, ""hit3"": 0, ""hit1"": 0, ""first_relevant_rank"": null}, {""entry_id"": ""E066"", ""category"": ""ADR (Consequences)"", ""ndcg5"": 0.0, ""mrr5"": 0.0, ""hit3"": 0, ""hit1"": 0, ""first_relevant_rank"": null}, {""entry_id"": ""E067"", ""category"": ""ADR (Context)"", ""ndcg5"": 1.0, ""mrr5"": 1.0, ""hit3"": 1, ""hit1"": 1, ""first_relevant_rank"": 1}, {""entry_id"": ""E068"", ""category"": ""ADR (Decision)"", ""ndcg5"": 0.6309297535714575, ""mrr5"": 0.5, ""hit3"": 1, ""hit1"": 0, ""first_relevant_rank"": 2}, {""entry_id"": ""E069"", ""category"": ""ADR (Consequences)"", ""ndcg5"": 0.0, ""mrr5"": 0.0, ""hit3"": 0, ""hit1"": 0, ""first_relevant_rank"": null}, {""entry_id"": ""E070"", ""category"": ""ADR (Context)"", ""ndcg5"": 1.0, ""mrr5"": 1.0, ""hit3"": 1, ""hit1"": 1, ""first_relevant_rank"": 1}, {""entry_id"": ""E071"", ""category"": ""ADR (Decision)"", ""ndcg5"": 0.0, ""mrr5"": 0.0, ""hit3"": 0, ""hit1"": 0, ""first_relevant_rank"": null}, {""entry_id"": ""E072"", ""category"": ""ADR (Consequences)"", ""ndcg5"": 0.0, ""mrr5"": 0.0, ""hit3"": 0, ""hit1"": 0, ""first_relevant_rank"": null}, {""entry_id"": ""E073"", ""category"": ""ADR (Context)"", ""ndcg5"": 0.5, ""mrr5"": 0.3333333333333333, ""hit3"": 1, ""hit1"": 0, ""first_relevant_rank"": 3}, {""entry_id"": ""E074"", ""category"": ""ADR (Decision)"", ""ndcg5"": 0.6309297535714575, ""mrr5"": 0.5, ""hit3"": 1, ""hit1"": 0, ""first_relevant_rank"": 2}, {""entry_id"": ""E075"", ""category"": ""ADR (Consequences)"", ""ndcg5"": 1.0, ""mrr5"": 1.0, ""hit3"": 1, ""hit1"": 1, ""first_relevant_rank"": 1}, {""entry_id"": ""E076"", ""category"": ""Non-file (hermes transcript)"", ""ndcg5"": 1.0, ""mrr5"": 1.0, ""hit3"": 1, ""hit1"": 1, ""first_relevant_rank"": 1}, {""entry_id"": ""E077"", ""category"": ""Non-file (hermes transcript)"", ""ndcg5"": 1.0, ""mrr5"": 1.0, ""hit3"": 1, ""hit1"": 1, ""first_relevant_rank"": 1}, {""entry_id"": ""E078"", ""category"": ""Non-file (hermes transcript)"", ""ndcg5"": 1.0, ""mrr5"": 1.0, ""hit3"": 1, ""hit1"": 1, ""first_relevant_rank"": 1}, {""entry_id"": ""E079"", ""category"": ""Non-file (hermes transcript)"", ""ndcg5"": 1.0, ""mrr5"": 1.0, ""hit3"": 1, ""hit1"": 1, ""first_relevant_rank"": 1}, {""entry_id"": ""E080"", ""category"": ""Non-file (hermes transcript)"", ""ndcg5"": 0.0, ""mrr5"": 0.0, ""hit3"": 0, ""hit1"": 0, ""first_relevant_rank"": null}, {""entry_id"": ""E081"", ""category"": ""Non-file (hermes transcript)"", ""ndcg5"": 1.0, ""mrr5"": 1.0, ""hit3"": 1, ""hit1"": 1, ""first_relevant_rank"": 1}, {""entry_id"": ""E082"", ""category"": ""Non-file (hermes transcript)"", ""ndcg5"": 0.43067655807339306, ""mrr5"": 0.25, ""hit3"": 0, ""hit1"": 0, ""first_relevant_rank"": 4}, {""entry_id"": ""E083"", ""category"": ""Non-file (hermes transcript)"", ""ndcg5"": 1.0, ""mrr5"": 1.0, ""hit3"": 1, ""hit1"": 1, ""first_relevant_rank"": 1}, {""entry_id"": ""E084"", ""category"": ""Non-file (hermes transcript)"", ""ndcg5"": 0.0, ""mrr5"": 0.0, ""hit3"": 0, ""hit1"": 0, ""first_relevant_rank"": null}, {""entry_id"": ""E085"", ""category"": ""Non-file (hermes transcript)"", ""ndcg5"": 1.0, ""mrr5"": 1.0, ""hit3"": 1, ""hit1"": 1, ""first_relevant_rank"": 1}, {""entry_id"": ""E086"", ""category"": ""Non-file (hermes transcript)"", ""ndcg5"": 1.0, ""mrr5"": 1.0, ""hit3"": 1, ""hit1"": 1, ""first_relevant_rank"": 1}, {""entry_id"": ""E087"", ""category"": ""Non-file (hermes transcript)"", ""ndcg5"": 1.0, ""mrr5"": 1.0, ""hit3"": 1, ""hit1"": 1, ""first_relevant_rank"": 1}, {""entry_id"": ""E088"", ""category"": ""Non-file (hermes transcript)"", ""ndcg5"": 1.0, ""mrr5"": 1.0, ""hit3"": 1, ""hit1"": 1, ""first_relevant_rank"": 1}, {""entry_id"": ""E089"", ""category"": ""Non-file (hermes transcript)"", ""ndcg5"": 1.0, ""mrr5"": 1.0, ""hit3"": 1, ""hit1"": 1, ""first_relevant_rank"": 1}, {""entry_id"": ""E090"", ""category"": ""Non-file (shared tier)"", ""ndcg5"": 1.0, ""mrr5"": 1.0, ""hit3"": 1, ""hit1"": 1, ""first_relevant_rank"": 1}, {""entry_id"": ""E091"", ""category"": ""Non-file (shared tier)"", ""ndcg5"": 1.0, ""mrr5"": 1.0, ""hit3"": 1, ""hit1"": 1, ""first_relevant_rank"": 1}, {""entry_id"": ""E092"", ""category"": ""Non-file (shared tier)"", ""ndcg5"": 1.0, ""mrr5"": 1.0, ""hit3"": 1, ""hit1"": 1, ""first_relevant_rank"": 1}, {""entry_id"": ""E093"", ""category"": ""Non-file (shared tier)"", ""ndcg5"": 1.0, ""mrr5"": 1.0, ""hit3"": 1, ""hit1"": 1, ""first_relevant_rank"": 1}, {""entry_id"": ""E094"", ""category"": ""Non-file (shared tier)"", ""ndcg5"": 1.0, ""mrr5"": 1.0, ""hit3"": 1, ""hit1"": 1, ""first_relevant_rank"": 1}, {""entry_id"": ""E095"", ""category"": ""Non-file (shared tier)"", ""ndcg5"": 1.0, ""mrr5"": 1.0, ""hit3"": 1, ""hit1"": 1, ""first_relevant_rank"": 1}, {""entry_id"": ""E096"", ""category"": ""Non-file (shared tier)"", ""ndcg5"": 1.0, ""mrr5"": 1.0, ""hit3"": 1, ""hit1"": 1, ""first_relevant_rank"": 1}, {""entry_id"": ""E097"", ""category"": ""Non-file (shared tier)"", ""ndcg5"": 1.0, ""mrr5"": 1.0, ""hit3"": 1, ""hit1"": 1, ""first_relevant_rank"": 1}, {""entry_id"": ""E098"", ""category"": ""Non-file (shared tier)"", ""ndcg5"": 1.0, ""mrr5"": 1.0, ""hit3"": 1, ""hit1"": 1, ""first_relevant_rank"": 1}, {""entry_id"": ""E099"", ""category"": ""Non-file (shared tier)"", ""ndcg5"": 1.0, ""mrr5"": 1.0, ""hit3"": 1, ""hit1"": 1, ""first_relevant_rank"": 1}, {""entry_id"": ""E100"", ""category"": ""Non-file (shared tier)"", ""ndcg5"": 1.0, ""mrr5"": 1.0, ""hit3"": 1, ""hit1"": 1, ""first_relevant_rank"": 1}]","{""ADR (Context)"": ""CategoryMetrics(category='ADR (Context)', count=24, mean_ndcg5=0.6078939292906288, mean_mrr5=0.5201388888888888, hit3_rate=0.6666666666666666, hit1_rate=0.3333333333333333)"", ""ADR (Decision)"": ""CategoryMetrics(category='ADR (Decision)', count=25, mean_ndcg5=0.4918969851501966, mean_mrr5=0.4293333333333333, hit3_rate=0.6, hit1_rate=0.28)"", ""ADR (Consequences)"": ""CategoryMetrics(category='ADR (Consequences)', count=24, mean_ndcg5=0.3975625656288262, mean_mrr5=0.3625, hit3_rate=0.4583333333333333, hit1_rate=0.25)"", ""ADR (Content)"": ""CategoryMetrics(category='ADR (Content)', count=2, mean_ndcg5=0.5, mean_mrr5=0.5, hit3_rate=0.5, hit1_rate=0.5)"", ""Non-file (hermes transcript)"": ""CategoryMetrics(category='Non-file (hermes transcript)', count=14, mean_ndcg5=0.8164768970052424, mean_mrr5=0.8035714285714286, hit3_rate=0.7857142857142857, hit1_rate=0.7857142857142857)"", ""Non-file (shared tier)"": ""CategoryMetrics(category='Non-file (shared tier)', count=11, mean_ndcg5=1.0, mean_mrr5=1.0, hit3_rate=1.0, hit1_rate=1.0)""}"
structureAlpha=1.0,structureAlpha,1.0,memory,100,0.6115880386939716,0.5658333333333334,0.65,0.46,"[{""entry_id"": ""E001"", ""category"": ""ADR (Context)"", ""ndcg5"": 1.0, ""mrr5"": 1.0, ""hit3"": 1, ""hit1"": 1, ""first_relevant_rank"": 1}, {""entry_id"": ""E002"", ""category"": ""ADR (Decision)"", ""ndcg5"": 1.0, ""mrr5"": 1.0, ""hit3"": 1, ""hit1"": 1, ""first_relevant_rank"": 1}, {""entry_id"": ""E003"", ""category"": ""ADR (Consequences)"", ""ndcg5"": 0.0, ""mrr5"": 0.0, ""hit3"": 0, ""hit1"": 0, ""first_relevant_rank"": null}, {""entry_id"": ""E004"", ""category"": ""ADR (Context)"", ""ndcg5"": 0.38685280723454163, ""mrr5"": 0.2, ""hit3"": 0, ""hit1"": 0, ""first_relevant_rank"": 5}, {""entry_id"": ""E005"", ""category"": ""ADR (Decision)"", ""ndcg5"": 0.38685280723454163, ""mrr5"": 0.2, ""hit3"": 0, ""hit1"": 0, ""first_relevant_rank"": 5}, {""entry_id"": ""E006"", ""category"": ""ADR (Consequences)"", ""ndcg5"": 0.6309297535714575, ""mrr5"": 0.5, ""hit3"": 1, ""hit1"": 0, ""first_relevant_rank"": 2}, {""entry_id"": ""E007"", ""category"": ""ADR (Context)"", ""ndcg5"": 0.0, ""mrr5"": 0.0, ""hit3"": 0, ""hit1"": 0, ""first_relevant_rank"": null}, {""entry_id"": ""E008"", ""category"": ""ADR (Decision)"", ""ndcg5"": 0.0, ""mrr5"": 0.0, ""hit3"": 0, ""hit1"": 0, ""first_relevant_rank"": null}, {""entry_id"": ""E009"", ""category"": ""ADR (Consequences)"", ""ndcg5"": 0.6309297535714575, ""mrr5"": 0.5, ""hit3"": 1, ""hit1"": 0, ""first_relevant_rank"": 2}, {""entry_id"": ""E010"", ""category"": ""ADR (Context)"", ""ndcg5"": 1.0, ""mrr5"": 1.0, ""hit3"": 1, ""hit1"": 1, ""first_relevant_rank"": 1}, {""entry_id"": ""E011"", ""category"": ""ADR (Decision)"", ""ndcg5"": 0.5, ""mrr5"": 0.3333333333333333, ""hit3"": 1, ""hit1"": 0, ""first_relevant_rank"": 3}, {""entry_id"": ""E012"", ""category"": ""ADR (Consequences)"", ""ndcg5"": 1.0, ""mrr5"": 1.0, ""hit3"": 1, ""hit1"": 1, ""first_relevant_rank"": 1}, {""entry_id"": ""E013"", ""category"": ""ADR (Context)"", ""ndcg5"": 0.43067655807339306, ""mrr5"": 0.25, ""hit3"": 0, ""hit1"": 0, ""first_relevant_rank"": 4}, {""entry_id"": ""E014"", ""category"": ""ADR (Decision)"", ""ndcg5"": 1.0, ""mrr5"": 1.0, ""hit3"": 1, ""hit1"": 1, ""first_relevant_rank"": 1}, {""entry_id"": ""E015"", ""category"": ""ADR (Consequences)"", ""ndcg5"": 1.0, ""mrr5"": 1.0, ""hit3"": 1, ""hit1"": 1, ""first_relevant_rank"": 1}, {""entry_id"": ""E016"", ""category"": ""ADR (Context)"", ""ndcg5"": 0.43067655807339306, ""mrr5"": 0.25, ""hit3"": 0, ""hit1"": 0, ""first_relevant_rank"": 4}, {""entry_id"": ""E017"", ""category"": ""ADR (Decision)"", ""ndcg5"": 0.0, ""mrr5"": 0.0, ""hit3"": 0, ""hit1"": 0, ""first_relevant_rank"": null}, {""entry_id"": ""E018"", ""category"": ""ADR (Consequences)"", ""ndcg5"": 0.6309297535714575, ""mrr5"": 0.5, ""hit3"": 1, ""hit1"": 0, ""first_relevant_rank"": 2}, {""entry_id"": ""E019"", ""category"": ""ADR (Context)"", ""ndcg5"": 0.5, ""mrr5"": 0.3333333333333333, ""hit3"": 1, ""hit1"": 0, ""first_relevant_rank"": 3}, {""entry_id"": ""E020"", ""category"": ""ADR (Decision)"", ""ndcg5"": 0.0, ""mrr5"": 0.0, ""hit3"": 0, ""hit1"": 0, ""first_relevant_rank"": null}, {""entry_id"": ""E021"", ""category"": ""ADR (Consequences)"", ""ndcg5"": 0.0, ""mrr5"": 0.0, ""hit3"": 0, ""hit1"": 0, ""first_relevant_rank"": null}, {""entry_id"": ""E022"", ""category"": ""ADR (Context)"", ""ndcg5"": 0.0, ""mrr5"": 0.0, ""hit3"": 0, ""hit1"": 0, ""first_relevant_rank"": null}, {""entry_id"": ""E023"", ""category"": ""ADR (Decision)"", ""ndcg5"": 1.0, ""mrr5"": 1.0, ""hit3"": 1, ""hit1"": 1, ""first_relevant_rank"": 1}, {""entry_id"": ""E024"", ""category"": ""ADR (Consequences)"", ""ndcg5"": 0.0, ""mrr5"": 0.0, ""hit3"": 0, ""hit1"": 0, ""first_relevant_rank"": null}, {""entry_id"": ""E025"", ""category"": ""ADR (Context)"", ""ndcg5"": 0.43067655807339306, ""mrr5"": 0.25, ""hit3"": 0, ""hit1"": 0, ""first_relevant_rank"": 4}, {""entry_id"": ""E026"", ""category"": ""ADR (Decision)"", ""ndcg5"": 0.6309297535714575, ""mrr5"": 0.5, ""hit3"": 1, ""hit1"": 0, ""first_relevant_rank"": 2}, {""entry_id"": ""E027"", ""category"": ""ADR (Consequences)"", ""ndcg5"": 0.0, ""mrr5"": 0.0, ""hit3"": 0, ""hit1"": 0, ""first_relevant_rank"": null}, {""entry_id"": ""E028"", ""category"": ""ADR (Context)"", ""ndcg5"": 0.5, ""mrr5"": 0.3333333333333333, ""hit3"": 1, ""hit1"": 0, ""first_relevant_rank"": 3}, {""entry_id"": ""E029"", ""category"": ""ADR (Decision)"", ""ndcg5"": 0.38685280723454163, ""mrr5"": 0.2, ""hit3"": 0, ""hit1"": 0, ""first_relevant_rank"": 5}, {""entry_id"": ""E030"", ""category"": ""ADR (Consequences)"", ""ndcg5"": 0.0, ""mrr5"": 0.0, ""hit3"": 0, ""hit1"": 0, ""first_relevant_rank"": null}, {""entry_id"": ""E031"", ""category"": ""ADR (Context)"", ""ndcg5"": 0.5, ""mrr5"": 0.3333333333333333, ""hit3"": 1, ""hit1"": 0, ""first_relevant_rank"": 3}, {""entry_id"": ""E032"", ""category"": ""ADR (Decision)"", ""ndcg5"": 0.6309297535714575, ""mrr5"": 0.5, ""hit3"": 1, ""hit1"": 0, ""first_relevant_rank"": 2}, {""entry_id"": ""E033"", ""category"": ""ADR (Consequences)"", ""ndcg5"": 0.0, ""mrr5"": 0.0, ""hit3"": 0, ""hit1"": 0, ""first_relevant_rank"": null}, {""entry_id"": ""E034"", ""category"": ""ADR (Context)"", ""ndcg5"": 0.0, ""mrr5"": 0.0, ""hit3"": 0, ""hit1"": 0, ""first_relevant_rank"": null}, {""entry_id"": ""E035"", ""category"": ""ADR (Decision)"", ""ndcg5"": 0.0, ""mrr5"": 0.0, ""hit3"": 0, ""hit1"": 0, ""first_relevant_rank"": null}, {""entry_id"": ""E036"", ""category"": ""ADR (Consequences)"", ""ndcg5"": 0.0, ""mrr5"": 0.0, ""hit3"": 0, ""hit1"": 0, ""first_relevant_rank"": null}, {""entry_id"": ""E037"", ""category"": ""ADR (Context)"", ""ndcg5"": 0.6309297535714575, ""mrr5"": 0.5, ""hit3"": 1, ""hit1"": 0, ""first_relevant_rank"": 2}, {""entry_id"": ""E038"", ""category"": ""ADR (Decision)"", ""ndcg5"": 1.0, ""mrr5"": 1.0, ""hit3"": 1, ""hit1"": 1, ""first_relevant_rank"": 1}, {""entry_id"": ""E039"", ""category"": ""ADR (Consequences)"", ""ndcg5"": 0.6309297535714575, ""mrr5"": 0.5, ""hit3"": 1, ""hit1"": 0, ""first_relevant_rank"": 2}, {""entry_id"": ""E040"", ""category"": ""ADR (Context)"", ""ndcg5"": 0.38685280723454163, ""mrr5"": 0.2, ""hit3"": 0, ""hit1"": 0, ""first_relevant_rank"": 5}, {""entry_id"": ""E041"", ""category"": ""ADR (Decision)"", ""ndcg5"": 1.0, ""mrr5"": 1.0, ""hit3"": 1, ""hit1"": 1, ""first_relevant_rank"": 1}, {""entry_id"": ""E042"", ""category"": ""ADR (Consequences)"", ""ndcg5"": 1.0, ""mrr5"": 1.0, ""hit3"": 1, ""hit1"": 1, ""first_relevant_rank"": 1}, {""entry_id"": ""E043"", ""category"": ""ADR (Context)"", ""ndcg5"": 0.0, ""mrr5"": 0.0, ""hit3"": 0, ""hit1"": 0, ""first_relevant_rank"": null}, {""entry_id"": ""E044"", ""category"": ""ADR (Decision)"", ""ndcg5"": 0.6309297535714575, ""mrr5"": 0.5, ""hit3"": 1, ""hit1"": 0, ""first_relevant_rank"": 2}, {""entry_id"": ""E045"", ""category"": ""ADR (Consequences)"", ""ndcg5"": 0.0, ""mrr5"": 0.0, ""hit3"": 0, ""hit1"": 0, ""first_relevant_rank"": null}, {""entry_id"": ""E046"", ""category"": ""ADR (Content)"", ""ndcg5"": 1.0, ""mrr5"": 1.0, ""hit3"": 1, ""hit1"": 1, ""first_relevant_rank"": 1}, {""entry_id"": ""E047"", ""category"": ""ADR (Decision)"", ""ndcg5"": 1.0, ""mrr5"": 1.0, ""hit3"": 1, ""hit1"": 1, ""first_relevant_rank"": 1}, {""entry_id"": ""E048"", ""category"": ""ADR (Consequences)"", ""ndcg5"": 1.0, ""mrr5"": 1.0, ""hit3"": 1, ""hit1"": 1, ""first_relevant_rank"": 1}, {""entry_id"": ""E049"", ""category"": ""ADR (Context)"", ""ndcg5"": 1.0, ""mrr5"": 1.0, ""hit3"": 1, ""hit1"": 1, ""first_relevant_rank"": 1}, {""entry_id"": ""E050"", ""category"": ""ADR (Decision)"", ""ndcg5"": 0.5, ""mrr5"": 0.3333333333333333, ""hit3"": 1, ""hit1"": 0, ""first_relevant_rank"": 3}, {""entry_id"": ""E051"", ""category"": ""ADR (Consequences)"", ""ndcg5"": 1.0, ""mrr5"": 1.0, ""hit3"": 1, ""hit1"": 1, ""first_relevant_rank"": 1}, {""entry_id"": ""E052"", ""category"": ""ADR (Context)"", ""ndcg5"": 1.0, ""mrr5"": 1.0, ""hit3"": 1, ""hit1"": 1, ""first_relevant_rank"": 1}, {""entry_id"": ""E053"", ""category"": ""ADR (Decision)"", ""ndcg5"": 1.0, ""mrr5"": 1.0, ""hit3"": 1, ""hit1"": 1, ""first_relevant_rank"": 1}, {""entry_id"": ""E054"", ""category"": ""ADR (Consequences)"", ""ndcg5"": 1.0, ""mrr5"": 1.0, ""hit3"": 1, ""hit1"": 1, ""first_relevant_rank"": 1}, {""entry_id"": ""E055"", ""category"": ""ADR (Context)"", ""ndcg5"": 0.6309297535714575, ""mrr5"": 0.5, ""hit3"": 1, ""hit1"": 0, ""first_relevant_rank"": 2}, {""entry_id"": ""E056"", ""category"": ""ADR (Decision)"", ""ndcg5"": 1.0, ""mrr5"": 1.0, ""hit3"": 1, ""hit1"": 1, ""first_relevant_rank"": 1}, {""entry_id"": ""E057"", ""category"": ""ADR (Content)"", ""ndcg5"": 0.0, ""mrr5"": 0.0, ""hit3"": 0, ""hit1"": 0, ""first_relevant_rank"": null}, {""entry_id"": ""E058"", ""category"": ""ADR (Context)"", ""ndcg5"": 1.0, ""mrr5"": 1.0, ""hit3"": 1, ""hit1"": 1, ""first_relevant_rank"": 1}, {""entry_id"": ""E059"", ""category"": ""ADR (Decision)"", ""ndcg5"": 0.5, ""mrr5"": 0.3333333333333333, ""hit3"": 1, ""hit1"": 0, ""first_relevant_rank"": 3}, {""entry_id"": ""E060"", ""category"": ""ADR (Consequences)"", ""ndcg5"": 0.43067655807339306, ""mrr5"": 0.25, ""hit3"": 0, ""hit1"": 0, ""first_relevant_rank"": 4}, {""entry_id"": ""E061"", ""category"": ""ADR (Context)"", ""ndcg5"": 0.38685280723454163, ""mrr5"": 0.2, ""hit3"": 0, ""hit1"": 0, ""first_relevant_rank"": 5}, {""entry_id"": ""E062"", ""category"": ""ADR (Decision)"", ""ndcg5"": 0.0, ""mrr5"": 0.0, ""hit3"": 0, ""hit1"": 0, ""first_relevant_rank"": null}, {""entry_id"": ""E063"", ""category"": ""ADR (Consequences)"", ""ndcg5"": 0.6309297535714575, ""mrr5"": 0.5, ""hit3"": 1, ""hit1"": 0, ""first_relevant_rank"": 2}, {""entry_id"": ""E064"", ""category"": ""ADR (Context)"", ""ndcg5"": 0.43067655807339306, ""mrr5"": 0.25, ""hit3"": 0, ""hit1"": 0, ""first_relevant_rank"": 4}, {""entry_id"": ""E065"", ""category"": ""ADR (Decision)"", ""ndcg5"": 0.0, ""mrr5"": 0.0, ""hit3"": 0, ""hit1"": 0, ""first_relevant_rank"": null}, {""entry_id"": ""E066"", ""category"": ""ADR (Consequences)"", ""ndcg5"": 0.0, ""mrr5"": 0.0, ""hit3"": 0, ""hit1"": 0, ""first_relevant_rank"": null}, {""entry_id"": ""E067"", ""category"": ""ADR (Context)"", ""ndcg5"": 1.0, ""mrr5"": 1.0, ""hit3"": 1, ""hit1"": 1, ""first_relevant_rank"": 1}, {""entry_id"": ""E068"", ""category"": ""ADR (Decision)"", ""ndcg5"": 0.6309297535714575, ""mrr5"": 0.5, ""hit3"": 1, ""hit1"": 0, ""first_relevant_rank"": 2}, {""entry_id"": ""E069"", ""category"": ""ADR (Consequences)"", ""ndcg5"": 0.0, ""mrr5"": 0.0, ""hit3"": 0, ""hit1"": 0, ""first_relevant_rank"": null}, {""entry_id"": ""E070"", ""category"": ""ADR (Context)"", ""ndcg5"": 1.0, ""mrr5"": 1.0, ""hit3"": 1, ""hit1"": 1, ""first_relevant_rank"": 1}, {""entry_id"": ""E071"", ""category"": ""ADR (Decision)"", ""ndcg5"": 0.0, ""mrr5"": 0.0, ""hit3"": 0, ""hit1"": 0, ""first_relevant_rank"": null}, {""entry_id"": ""E072"", ""category"": ""ADR (Consequences)"", ""ndcg5"": 0.0, ""mrr5"": 0.0, ""hit3"": 0, ""hit1"": 0, ""first_relevant_rank"": null}, {""entry_id"": ""E073"", ""category"": ""ADR (Context)"", ""ndcg5"": 1.0, ""mrr5"": 1.0, ""hit3"": 1, ""hit1"": 1, ""first_relevant_rank"": 1}, {""entry_id"": ""E074"", ""category"": ""ADR (Decision)"", ""ndcg5"": 0.6309297535714575, ""mrr5"": 0.5, ""hit3"": 1, ""hit1"": 0, ""first_relevant_rank"": 2}, {""entry_id"": ""E075"", ""category"": ""ADR (Consequences)"", ""ndcg5"": 1.0, ""mrr5"": 1.0, ""hit3"": 1, ""hit1"": 1, ""first_relevant_rank"": 1}, {""entry_id"": ""E076"", ""category"": ""Non-file (hermes transcript)"", ""ndcg5"": 1.0, ""mrr5"": 1.0, ""hit3"": 1, ""hit1"": 1, ""first_relevant_rank"": 1}, {""entry_id"": ""E077"", ""category"": ""Non-file (hermes transcript)"", ""ndcg5"": 1.0, ""mrr5"": 1.0, ""hit3"": 1, ""hit1"": 1, ""first_relevant_rank"": 1}, {""entry_id"": ""E078"", ""category"": ""Non-file (hermes transcript)"", ""ndcg5"": 1.0, ""mrr5"": 1.0, ""hit3"": 1, ""hit1"": 1, ""first_relevant_rank"": 1}, {""entry_id"": ""E079"", ""category"": ""Non-file (hermes transcript)"", ""ndcg5"": 1.0, ""mrr5"": 1.0, ""hit3"": 1, ""hit1"": 1, ""first_relevant_rank"": 1}, {""entry_id"": ""E080"", ""category"": ""Non-file (hermes transcript)"", ""ndcg5"": 0.0, ""mrr5"": 0.0, ""hit3"": 0, ""hit1"": 0, ""first_relevant_rank"": null}, {""entry_id"": ""E081"", ""category"": ""Non-file (hermes transcript)"", ""ndcg5"": 1.0, ""mrr5"": 1.0, ""hit3"": 1, ""hit1"": 1, ""first_relevant_rank"": 1}, {""entry_id"": ""E082"", ""category"": ""Non-file (hermes transcript)"", ""ndcg5"": 0.5, ""mrr5"": 0.3333333333333333, ""hit3"": 1, ""hit1"": 0, ""first_relevant_rank"": 3}, {""entry_id"": ""E083"", ""category"": ""Non-file (hermes transcript)"", ""ndcg5"": 1.0, ""mrr5"": 1.0, ""hit3"": 1, ""hit1"": 1, ""first_relevant_rank"": 1}, {""entry_id"": ""E084"", ""category"": ""Non-file (hermes transcript)"", ""ndcg5"": 0.0, ""mrr5"": 0.0, ""hit3"": 0, ""hit1"": 0, ""first_relevant_rank"": null}, {""entry_id"": ""E085"", ""category"": ""Non-file (hermes transcript)"", ""ndcg5"": 1.0, ""mrr5"": 1.0, ""hit3"": 1, ""hit1"": 1, ""first_relevant_rank"": 1}, {""entry_id"": ""E086"", ""category"": ""Non-file (hermes transcript)"", ""ndcg5"": 1.0, ""mrr5"": 1.0, ""hit3"": 1, ""hit1"": 1, ""first_relevant_rank"": 1}, {""entry_id"": ""E087"", ""category"": ""Non-file (hermes transcript)"", ""ndcg5"": 1.0, ""mrr5"": 1.0, ""hit3"": 1, ""hit1"": 1, ""first_relevant_rank"": 1}, {""entry_id"": ""E088"", ""category"": ""Non-file (hermes transcript)"", ""ndcg5"": 1.0, ""mrr5"": 1.0, ""hit3"": 1, ""hit1"": 1, ""first_relevant_rank"": 1}, {""entry_id"": ""E089"", ""category"": ""Non-file (hermes transcript)"", ""ndcg5"": 1.0, ""mrr5"": 1.0, ""hit3"": 1, ""hit1"": 1, ""first_relevant_rank"": 1}, {""entry_id"": ""E090"", ""category"": ""Non-file (shared tier)"", ""ndcg5"": 1.0, ""mrr5"": 1.0, ""hit3"": 1, ""hit1"": 1, ""first_relevant_rank"": 1}, {""entry_id"": ""E091"", ""category"": ""Non-file (shared tier)"", ""ndcg5"": 1.0, ""mrr5"": 1.0, ""hit3"": 1, ""hit1"": 1, ""first_relevant_rank"": 1}, {""entry_id"": ""E092"", ""category"": ""Non-file (shared tier)"", ""ndcg5"": 1.0, ""mrr5"": 1.0, ""hit3"": 1, ""hit1"": 1, ""first_relevant_rank"": 1}, {""entry_id"": ""E093"", ""category"": ""Non-file (shared tier)"", ""ndcg5"": 1.0, ""mrr5"": 1.0, ""hit3"": 1, ""hit1"": 1, ""first_relevant_rank"": 1}, {""entry_id"": ""E094"", ""category"": ""Non-file (shared tier)"", ""ndcg5"": 1.0, ""mrr5"": 1.0, ""hit3"": 1, ""hit1"": 1, ""first_relevant_rank"": 1}, {""entry_id"": ""E095"", ""category"": ""Non-file (shared tier)"", ""ndcg5"": 1.0, ""mrr5"": 1.0, ""hit3"": 1, ""hit1"": 1, ""first_relevant_rank"": 1}, {""entry_id"": ""E096"", ""category"": ""Non-file (shared tier)"", ""ndcg5"": 1.0, ""mrr5"": 1.0, ""hit3"": 1, ""hit1"": 1, ""first_relevant_rank"": 1}, {""entry_id"": ""E097"", ""category"": ""Non-file (shared tier)"", ""ndcg5"": 1.0, ""mrr5"": 1.0, ""hit3"": 1, ""hit1"": 1, ""first_relevant_rank"": 1}, {""entry_id"": ""E098"", ""category"": ""Non-file (shared tier)"", ""ndcg5"": 1.0, ""mrr5"": 1.0, ""hit3"": 1, ""hit1"": 1, ""first_relevant_rank"": 1}, {""entry_id"": ""E099"", ""category"": ""Non-file (shared tier)"", ""ndcg5"": 1.0, ""mrr5"": 1.0, ""hit3"": 1, ""hit1"": 1, ""first_relevant_rank"": 1}, {""entry_id"": ""E100"", ""category"": ""Non-file (shared tier)"", ""ndcg5"": 1.0, ""mrr5"": 1.0, ""hit3"": 1, ""hit1"": 1, ""first_relevant_rank"": 1}]","{""ADR (Context)"": ""CategoryMetrics(category='ADR (Context)', count=24, mean_ndcg5=0.5685468400475047, mean_mrr5=0.48333333333333334, hit3_rate=0.5416666666666666, hit1_rate=0.3333333333333333)"", ""ADR (Decision)"": ""CategoryMetrics(category='ADR (Decision)', count=25, mean_ndcg5=0.5371341752930548, mean_mrr5=0.47600000000000003, hit3_rate=0.64, hit1_rate=0.32)"", ""ADR (Consequences)"": ""CategoryMetrics(category='ADR (Consequences)', count=24, mean_ndcg5=0.4410552219137784, mean_mrr5=0.40625, hit3_rate=0.5, hit1_rate=0.2916666666666667)"", ""ADR (Content)"": ""CategoryMetrics(category='ADR (Content)', count=2, mean_ndcg5=0.5, mean_mrr5=0.5, hit3_rate=0.5, hit1_rate=0.5)"", ""Non-file (hermes transcript)"": ""CategoryMetrics(category='Non-file (hermes transcript)', count=14, mean_ndcg5=0.8214285714285714, mean_mrr5=0.8095238095238095, hit3_rate=0.8571428571428571, hit1_rate=0.7857142857142857)"", ""Non-file (shared tier)"": ""CategoryMetrics(category='Non-file (shared tier)', count=11, mean_ndcg5=1.0, mean_mrr5=1.0, hit3_rate=1.0, hit1_rate=1.0)""}"
fusion=False,fusion,False,memory,100,0.6105391530585856,0.5676666666666667,0.65,0.47,"[{""entry_id"": ""E001"", ""category"": ""ADR (Context)"", ""ndcg5"": 1.0, ""mrr5"": 1.0, ""hit3"": 1, ""hit1"": 1, ""first_relevant_rank"": 1}, {""entry_id"": ""E002"", ""category"": ""ADR (Decision)"", ""ndcg5"": 1.0, ""mrr5"": 1.0, ""hit3"": 1, ""hit1"": 1, ""first_relevant_rank"": 1}, {""entry_id"": ""E003"", ""category"": ""ADR (Consequences)"", ""ndcg5"": 0.0, ""mrr5"": 0.0, ""hit3"": 0, ""hit1"": 0, ""first_relevant_rank"": null}, {""entry_id"": ""E004"", ""category"": ""ADR (Context)"", ""ndcg5"": 0.38685280723454163, ""mrr5"": 0.2, ""hit3"": 0, ""hit1"": 0, ""first_relevant_rank"": 5}, {""entry_id"": ""E005"", ""category"": ""ADR (Decision)"", ""ndcg5"": 0.38685280723454163, ""mrr5"": 0.2, ""hit3"": 0, ""hit1"": 0, ""first_relevant_rank"": 5}, {""entry_id"": ""E006"", ""category"": ""ADR (Consequences)"", ""ndcg5"": 1.0, ""mrr5"": 1.0, ""hit3"": 1, ""hit1"": 1, ""first_relevant_rank"": 1}, {""entry_id"": ""E007"", ""category"": ""ADR (Context)"", ""ndcg5"": 0.5, ""mrr5"": 0.3333333333333333, ""hit3"": 1, ""hit1"": 0, ""first_relevant_rank"": 3}, {""entry_id"": ""E008"", ""category"": ""ADR (Decision)"", ""ndcg5"": 0.0, ""mrr5"": 0.0, ""hit3"": 0, ""hit1"": 0, ""first_relevant_rank"": null}, {""entry_id"": ""E009"", ""category"": ""ADR (Consequences)"", ""ndcg5"": 0.6309297535714575, ""mrr5"": 0.5, ""hit3"": 1, ""hit1"": 0, ""first_relevant_rank"": 2}, {""entry_id"": ""E010"", ""category"": ""ADR (Context)"", ""ndcg5"": 0.6309297535714575, ""mrr5"": 0.5, ""hit3"": 1, ""hit1"": 0, ""first_relevant_rank"": 2}, {""entry_id"": ""E011"", ""category"": ""ADR (Decision)"", ""ndcg5"": 0.5, ""mrr5"": 0.3333333333333333, ""hit3"": 1, ""hit1"": 0, ""first_relevant_rank"": 3}, {""entry_id"": ""E012"", ""category"": ""ADR (Consequences)"", ""ndcg5"": 1.0, ""mrr5"": 1.0, ""hit3"": 1, ""hit1"": 1, ""first_relevant_rank"": 1}, {""entry_id"": ""E013"", ""category"": ""ADR (Context)"", ""ndcg5"": 0.43067655807339306, ""mrr5"": 0.25, ""hit3"": 0, ""hit1"": 0, ""first_relevant_rank"": 4}, {""entry_id"": ""E014"", ""category"": ""ADR (Decision)"", ""ndcg5"": 1.0, ""mrr5"": 1.0, ""hit3"": 1, ""hit1"": 1, ""first_relevant_rank"": 1}, {""entry_id"": ""E015"", ""category"": ""ADR (Consequences)"", ""ndcg5"": 1.0, ""mrr5"": 1.0, ""hit3"": 1, ""hit1"": 1, ""first_relevant_rank"": 1}, {""entry_id"": ""E016"", ""category"": ""ADR (Context)"", ""ndcg5"": 0.43067655807339306, ""mrr5"": 0.25, ""hit3"": 0, ""hit1"": 0, ""first_relevant_rank"": 4}, {""entry_id"": ""E017"", ""category"": ""ADR (Decision)"", ""ndcg5"": 0.0, ""mrr5"": 0.0, ""hit3"": 0, ""hit1"": 0, ""first_relevant_rank"": null}, {""entry_id"": ""E018"", ""category"": ""ADR (Consequences)"", ""ndcg5"": 0.6309297535714575, ""mrr5"": 0.5, ""hit3"": 1, ""hit1"": 0, ""first_relevant_rank"": 2}, {""entry_id"": ""E019"", ""category"": ""ADR (Context)"", ""ndcg5"": 0.6309297535714575, ""mrr5"": 0.5, ""hit3"": 1, ""hit1"": 0, ""first_relevant_rank"": 2}, {""entry_id"": ""E020"", ""category"": ""ADR (Decision)"", ""ndcg5"": 0.0, ""mrr5"": 0.0, ""hit3"": 0, ""hit1"": 0, ""first_relevant_rank"": null}, {""entry_id"": ""E021"", ""category"": ""ADR (Consequences)"", ""ndcg5"": 0.0, ""mrr5"": 0.0, ""hit3"": 0, ""hit1"": 0, ""first_relevant_rank"": null}, {""entry_id"": ""E022"", ""category"": ""ADR (Context)"", ""ndcg5"": 0.0, ""mrr5"": 0.0, ""hit3"": 0, ""hit1"": 0, ""first_relevant_rank"": null}, {""entry_id"": ""E023"", ""category"": ""ADR (Decision)"", ""ndcg5"": 1.0, ""mrr5"": 1.0, ""hit3"": 1, ""hit1"": 1, ""first_relevant_rank"": 1}, {""entry_id"": ""E024"", ""category"": ""ADR (Consequences)"", ""ndcg5"": 0.0, ""mrr5"": 0.0, ""hit3"": 0, ""hit1"": 0, ""first_relevant_rank"": null}, {""entry_id"": ""E025"", ""category"": ""ADR (Context)"", ""ndcg5"": 0.43067655807339306, ""mrr5"": 0.25, ""hit3"": 0, ""hit1"": 0, ""first_relevant_rank"": 4}, {""entry_id"": ""E026"", ""category"": ""ADR (Decision)"", ""ndcg5"": 1.0, ""mrr5"": 1.0, ""hit3"": 1, ""hit1"": 1, ""first_relevant_rank"": 1}, {""entry_id"": ""E027"", ""category"": ""ADR (Consequences)"", ""ndcg5"": 0.0, ""mrr5"": 0.0, ""hit3"": 0, ""hit1"": 0, ""first_relevant_rank"": null}, {""entry_id"": ""E028"", ""category"": ""ADR (Context)"", ""ndcg5"": 1.0, ""mrr5"": 1.0, ""hit3"": 1, ""hit1"": 1, ""first_relevant_rank"": 1}, {""entry_id"": ""E029"", ""category"": ""ADR (Decision)"", ""ndcg5"": 0.0, ""mrr5"": 0.0, ""hit3"": 0, ""hit1"": 0, ""first_relevant_rank"": null}, {""entry_id"": ""E030"", ""category"": ""ADR (Consequences)"", ""ndcg5"": 0.0, ""mrr5"": 0.0, ""hit3"": 0, ""hit1"": 0, ""first_relevant_rank"": null}, {""entry_id"": ""E031"", ""category"": ""ADR (Context)"", ""ndcg5"": 0.6309297535714575, ""mrr5"": 0.5, ""hit3"": 1, ""hit1"": 0, ""first_relevant_rank"": 2}, {""entry_id"": ""E032"", ""category"": ""ADR (Decision)"", ""ndcg5"": 0.38685280723454163, ""mrr5"": 0.2, ""hit3"": 0, ""hit1"": 0, ""first_relevant_rank"": 5}, {""entry_id"": ""E033"", ""category"": ""ADR (Consequences)"", ""ndcg5"": 0.0, ""mrr5"": 0.0, ""hit3"": 0, ""hit1"": 0, ""first_relevant_rank"": null}, {""entry_id"": ""E034"", ""category"": ""ADR (Context)"", ""ndcg5"": 0.0, ""mrr5"": 0.0, ""hit3"": 0, ""hit1"": 0, ""first_relevant_rank"": null}, {""entry_id"": ""E035"", ""category"": ""ADR (Decision)"", ""ndcg5"": 0.0, ""mrr5"": 0.0, ""hit3"": 0, ""hit1"": 0, ""first_relevant_rank"": null}, {""entry_id"": ""E036"", ""category"": ""ADR (Consequences)"", ""ndcg5"": 0.0, ""mrr5"": 0.0, ""hit3"": 0, ""hit1"": 0, ""first_relevant_rank"": null}, {""entry_id"": ""E037"", ""category"": ""ADR (Context)"", ""ndcg5"": 0.6309297535714575, ""mrr5"": 0.5, ""hit3"": 1, ""hit1"": 0, ""first_relevant_rank"": 2}, {""entry_id"": ""E038"", ""category"": ""ADR (Decision)"", ""ndcg5"": 1.0, ""mrr5"": 1.0, ""hit3"": 1, ""hit1"": 1, ""first_relevant_rank"": 1}, {""entry_id"": ""E039"", ""category"": ""ADR (Consequences)"", ""ndcg5"": 0.6309297535714575, ""mrr5"": 0.5, ""hit3"": 1, ""hit1"": 0, ""first_relevant_rank"": 2}, {""entry_id"": ""E040"", ""category"": ""ADR (Context)"", ""ndcg5"": 0.43067655807339306, ""mrr5"": 0.25, ""hit3"": 0, ""hit1"": 0, ""first_relevant_rank"": 4}, {""entry_id"": ""E041"", ""category"": ""ADR (Decision)"", ""ndcg5"": 1.0, ""mrr5"": 1.0, ""hit3"": 1, ""hit1"": 1, ""first_relevant_rank"": 1}, {""entry_id"": ""E042"", ""category"": ""ADR (Consequences)"", ""ndcg5"": 1.0, ""mrr5"": 1.0, ""hit3"": 1, ""hit1"": 1, ""first_relevant_rank"": 1}, {""entry_id"": ""E043"", ""category"": ""ADR (Context)"", ""ndcg5"": 0.0, ""mrr5"": 0.0, ""hit3"": 0, ""hit1"": 0, ""first_relevant_rank"": null}, {""entry_id"": ""E044"", ""category"": ""ADR (Decision)"", ""ndcg5"": 0.6309297535714575, ""mrr5"": 0.5, ""hit3"": 1, ""hit1"": 0, ""first_relevant_rank"": 2}, {""entry_id"": ""E045"", ""category"": ""ADR (Consequences)"", ""ndcg5"": 0.0, ""mrr5"": 0.0, ""hit3"": 0, ""hit1"": 0, ""first_relevant_rank"": null}, {""entry_id"": ""E046"", ""category"": ""ADR (Content)"", ""ndcg5"": 1.0, ""mrr5"": 1.0, ""hit3"": 1, ""hit1"": 1, ""first_relevant_rank"": 1}, {""entry_id"": ""E047"", ""category"": ""ADR (Decision)"", ""ndcg5"": 1.0, ""mrr5"": 1.0, ""hit3"": 1, ""hit1"": 1, ""first_relevant_rank"": 1}, {""entry_id"": ""E048"", ""category"": ""ADR (Consequences)"", ""ndcg5"": 1.0, ""mrr5"": 1.0, ""hit3"": 1, ""hit1"": 1, ""first_relevant_rank"": 1}, {""entry_id"": ""E049"", ""category"": ""ADR (Context)"", ""ndcg5"": 1.0, ""mrr5"": 1.0, ""hit3"": 1, ""hit1"": 1, ""first_relevant_rank"": 1}, {""entry_id"": ""E050"", ""category"": ""ADR (Decision)"", ""ndcg5"": 0.5, ""mrr5"": 0.3333333333333333, ""hit3"": 1, ""hit1"": 0, ""first_relevant_rank"": 3}, {""entry_id"": ""E051"", ""category"": ""ADR (Consequences)"", ""ndcg5"": 1.0, ""mrr5"": 1.0, ""hit3"": 1, ""hit1"": 1, ""first_relevant_rank"": 1}, {""entry_id"": ""E052"", ""category"": ""ADR (Context)"", ""ndcg5"": 1.0, ""mrr5"": 1.0, ""hit3"": 1, ""hit1"": 1, ""first_relevant_rank"": 1}, {""entry_id"": ""E053"", ""category"": ""ADR (Decision)"", ""ndcg5"": 1.0, ""mrr5"": 1.0, ""hit3"": 1, ""hit1"": 1, ""first_relevant_rank"": 1}, {""entry_id"": ""E054"", ""category"": ""ADR (Consequences)"", ""ndcg5"": 1.0, ""mrr5"": 1.0, ""hit3"": 1, ""hit1"": 1, ""first_relevant_rank"": 1}, {""entry_id"": ""E055"", ""category"": ""ADR (Context)"", ""ndcg5"": 1.0, ""mrr5"": 1.0, ""hit3"": 1, ""hit1"": 1, ""first_relevant_rank"": 1}, {""entry_id"": ""E056"", ""category"": ""ADR (Decision)"", ""ndcg5"": 0.5, ""mrr5"": 0.3333333333333333, ""hit3"": 1, ""hit1"": 0, ""first_relevant_rank"": 3}, {""entry_id"": ""E057"", ""category"": ""ADR (Content)"", ""ndcg5"": 0.0, ""mrr5"": 0.0, ""hit3"": 0, ""hit1"": 0, ""first_relevant_rank"": null}, {""entry_id"": ""E058"", ""category"": ""ADR (Context)"", ""ndcg5"": 1.0, ""mrr5"": 1.0, ""hit3"": 1, ""hit1"": 1, ""first_relevant_rank"": 1}, {""entry_id"": ""E059"", ""category"": ""ADR (Decision)"", ""ndcg5"": 0.5, ""mrr5"": 0.3333333333333333, ""hit3"": 1, ""hit1"": 0, ""first_relevant_rank"": 3}, {""entry_id"": ""E060"", ""category"": ""ADR (Consequences)"", ""ndcg5"": 0.43067655807339306, ""mrr5"": 0.25, ""hit3"": 0, ""hit1"": 0, ""first_relevant_rank"": 4}, {""entry_id"": ""E061"", ""category"": ""ADR (Context)"", ""ndcg5"": 1.0, ""mrr5"": 1.0, ""hit3"": 1, ""hit1"": 1, ""first_relevant_rank"": 1}, {""entry_id"": ""E062"", ""category"": ""ADR (Decision)"", ""ndcg5"": 0.0, ""mrr5"": 0.0, ""hit3"": 0, ""hit1"": 0, ""first_relevant_rank"": null}, {""entry_id"": ""E063"", ""category"": ""ADR (Consequences)"", ""ndcg5"": 0.0, ""mrr5"": 0.0, ""hit3"": 0, ""hit1"": 0, ""first_relevant_rank"": null}, {""entry_id"": ""E064"", ""category"": ""ADR (Context)"", ""ndcg5"": 0.5, ""mrr5"": 0.3333333333333333, ""hit3"": 1, ""hit1"": 0, ""first_relevant_rank"": 3}, {""entry_id"": ""E065"", ""category"": ""ADR (Decision)"", ""ndcg5"": 0.0, ""mrr5"": 0.0, ""hit3"": 0, ""hit1"": 0, ""first_relevant_rank"": null}, {""entry_id"": ""E066"", ""category"": ""ADR (Consequences)"", ""ndcg5"": 0.0, ""mrr5"": 0.0, ""hit3"": 0, ""hit1"": 0, ""first_relevant_rank"": null}, {""entry_id"": ""E067"", ""category"": ""ADR (Context)"", ""ndcg5"": 1.0, ""mrr5"": 1.0, ""hit3"": 1, ""hit1"": 1, ""first_relevant_rank"": 1}, {""entry_id"": ""E068"", ""category"": ""ADR (Decision)"", ""ndcg5"": 0.5, ""mrr5"": 0.3333333333333333, ""hit3"": 1, ""hit1"": 0, ""first_relevant_rank"": 3}, {""entry_id"": ""E069"", ""category"": ""ADR (Consequences)"", ""ndcg5"": 0.0, ""mrr5"": 0.0, ""hit3"": 0, ""hit1"": 0, ""first_relevant_rank"": null}, {""entry_id"": ""E070"", ""category"": ""ADR (Context)"", ""ndcg5"": 1.0, ""mrr5"": 1.0, ""hit3"": 1, ""hit1"": 1, ""first_relevant_rank"": 1}, {""entry_id"": ""E071"", ""category"": ""ADR (Decision)"", ""ndcg5"": 0.0, ""mrr5"": 0.0, ""hit3"": 0, ""hit1"": 0, ""first_relevant_rank"": null}, {""entry_id"": ""E072"", ""category"": ""ADR (Consequences)"", ""ndcg5"": 0.0, ""mrr5"": 0.0, ""hit3"": 0, ""hit1"": 0, ""first_relevant_rank"": null}, {""entry_id"": ""E073"", ""category"": ""ADR (Context)"", ""ndcg5"": 0.5, ""mrr5"": 0.3333333333333333, ""hit3"": 1, ""hit1"": 0, ""first_relevant_rank"": 3}, {""entry_id"": ""E074"", ""category"": ""ADR (Decision)"", ""ndcg5"": 0.6309297535714575, ""mrr5"": 0.5, ""hit3"": 1, ""hit1"": 0, ""first_relevant_rank"": 2}, {""entry_id"": ""E075"", ""category"": ""ADR (Consequences)"", ""ndcg5"": 1.0, ""mrr5"": 1.0, ""hit3"": 1, ""hit1"": 1, ""first_relevant_rank"": 1}, {""entry_id"": ""E076"", ""category"": ""Non-file (hermes transcript)"", ""ndcg5"": 1.0, ""mrr5"": 1.0, ""hit3"": 1, ""hit1"": 1, ""first_relevant_rank"": 1}, {""entry_id"": ""E077"", ""category"": ""Non-file (hermes transcript)"", ""ndcg5"": 1.0, ""mrr5"": 1.0, ""hit3"": 1, ""hit1"": 1, ""first_relevant_rank"": 1}, {""entry_id"": ""E078"", ""category"": ""Non-file (hermes transcript)"", ""ndcg5"": 1.0, ""mrr5"": 1.0, ""hit3"": 1, ""hit1"": 1, ""first_relevant_rank"": 1}, {""entry_id"": ""E079"", ""category"": ""Non-file (hermes transcript)"", ""ndcg5"": 1.0, ""mrr5"": 1.0, ""hit3"": 1, ""hit1"": 1, ""first_relevant_rank"": 1}, {""entry_id"": ""E080"", ""category"": ""Non-file (hermes transcript)"", ""ndcg5"": 0.0, ""mrr5"": 0.0, ""hit3"": 0, ""hit1"": 0, ""first_relevant_rank"": null}, {""entry_id"": ""E081"", ""category"": ""Non-file (hermes transcript)"", ""ndcg5"": 1.0, ""mrr5"": 1.0, ""hit3"": 1, ""hit1"": 1, ""first_relevant_rank"": 1}, {""entry_id"": ""E082"", ""category"": ""Non-file (hermes transcript)"", ""ndcg5"": 0.43067655807339306, ""mrr5"": 0.25, ""hit3"": 0, ""hit1"": 0, ""first_relevant_rank"": 4}, {""entry_id"": ""E083"", ""category"": ""Non-file (hermes transcript)"", ""ndcg5"": 1.0, ""mrr5"": 1.0, ""hit3"": 1, ""hit1"": 1, ""first_relevant_rank"": 1}, {""entry_id"": ""E084"", ""category"": ""Non-file (hermes transcript)"", ""ndcg5"": 0.0, ""mrr5"": 0.0, ""hit3"": 0, ""hit1"": 0, ""first_relevant_rank"": null}, {""entry_id"": ""E085"", ""category"": ""Non-file (hermes transcript)"", ""ndcg5"": 1.0, ""mrr5"": 1.0, ""hit3"": 1, ""hit1"": 1, ""first_relevant_rank"": 1}, {""entry_id"": ""E086"", ""category"": ""Non-file (hermes transcript)"", ""ndcg5"": 1.0, ""mrr5"": 1.0, ""hit3"": 1, ""hit1"": 1, ""first_relevant_rank"": 1}, {""entry_id"": ""E087"", ""category"": ""Non-file (hermes transcript)"", ""ndcg5"": 1.0, ""mrr5"": 1.0, ""hit3"": 1, ""hit1"": 1, ""first_relevant_rank"": 1}, {""entry_id"": ""E088"", ""category"": ""Non-file (hermes transcript)"", ""ndcg5"": 1.0, ""mrr5"": 1.0, ""hit3"": 1, ""hit1"": 1, ""first_relevant_rank"": 1}, {""entry_id"": ""E089"", ""category"": ""Non-file (hermes transcript)"", ""ndcg5"": 0.6309297535714575, ""mrr5"": 0.5, ""hit3"": 1, ""hit1"": 0, ""first_relevant_rank"": 2}, {""entry_id"": ""E090"", ""category"": ""Non-file (shared tier)"", ""ndcg5"": 1.0, ""mrr5"": 1.0, ""hit3"": 1, ""hit1"": 1, ""first_relevant_rank"": 1}, {""entry_id"": ""E091"", ""category"": ""Non-file (shared tier)"", ""ndcg5"": 1.0, ""mrr5"": 1.0, ""hit3"": 1, ""hit1"": 1, ""first_relevant_rank"": 1}, {""entry_id"": ""E092"", ""category"": ""Non-file (shared tier)"", ""ndcg5"": 1.0, ""mrr5"": 1.0, ""hit3"": 1, ""hit1"": 1, ""first_relevant_rank"": 1}, {""entry_id"": ""E093"", ""category"": ""Non-file (shared tier)"", ""ndcg5"": 1.0, ""mrr5"": 1.0, ""hit3"": 1, ""hit1"": 1, ""first_relevant_rank"": 1}, {""entry_id"": ""E094"", ""category"": ""Non-file (shared tier)"", ""ndcg5"": 1.0, ""mrr5"": 1.0, ""hit3"": 1, ""hit1"": 1, ""first_relevant_rank"": 1}, {""entry_id"": ""E095"", ""category"": ""Non-file (shared tier)"", ""ndcg5"": 1.0, ""mrr5"": 1.0, ""hit3"": 1, ""hit1"": 1, ""first_relevant_rank"": 1}, {""entry_id"": ""E096"", ""category"": ""Non-file (shared tier)"", ""ndcg5"": 1.0, ""mrr5"": 1.0, ""hit3"": 1, ""hit1"": 1, ""first_relevant_rank"": 1}, {""entry_id"": ""E097"", ""category"": ""Non-file (shared tier)"", ""ndcg5"": 1.0, ""mrr5"": 1.0, ""hit3"": 1, ""hit1"": 1, ""first_relevant_rank"": 1}, {""entry_id"": ""E098"", ""category"": ""Non-file (shared tier)"", ""ndcg5"": 1.0, ""mrr5"": 1.0, ""hit3"": 1, ""hit1"": 1, ""first_relevant_rank"": 1}, {""entry_id"": ""E099"", ""category"": ""Non-file (shared tier)"", ""ndcg5"": 1.0, ""mrr5"": 1.0, ""hit3"": 1, ""hit1"": 1, ""first_relevant_rank"": 1}, {""entry_id"": ""E100"", ""category"": ""Non-file (shared tier)"", ""ndcg5"": 1.0, ""mrr5"": 1.0, ""hit3"": 1, ""hit1"": 1, ""first_relevant_rank"": 1}]","{""ADR (Context)"": ""CategoryMetrics(category='ADR (Context)', count=24, mean_ndcg5=0.6305532522422477, mean_mrr5=0.5499999999999999, hit3_rate=0.6666666666666666, hit1_rate=0.375)"", ""ADR (Decision)"": ""CategoryMetrics(category='ADR (Decision)', count=25, mean_ndcg5=0.50142260486448, mean_mrr5=0.44266666666666665, hit3_rate=0.6, hit1_rate=0.32)"", ""ADR (Consequences)"": ""CategoryMetrics(category='ADR (Consequences)', count=24, mean_ndcg5=0.43014440911615687, mean_mrr5=0.40625, hit3_rate=0.4583333333333333, hit1_rate=0.3333333333333333)"", ""ADR (Content)"": ""CategoryMetrics(category='ADR (Content)', count=2, mean_ndcg5=0.5, mean_mrr5=0.5, hit3_rate=0.5, hit1_rate=0.5)"", ""Non-file (hermes transcript)"": ""CategoryMetrics(category='Non-file (hermes transcript)', count=14, mean_ndcg5=0.7901147365460607, mean_mrr5=0.7678571428571429, hit3_rate=0.7857142857142857, hit1_rate=0.7142857142857143)"", ""Non-file (shared tier)"": ""CategoryMetrics(category='Non-file (shared tier)', count=11, mean_ndcg5=1.0, mean_mrr5=1.0, hit3_rate=1.0, hit1_rate=1.0)""}"
fusion=True,fusion,True,memory,100,0.5544257558952852,0.512,0.63,0.4,"[{""entry_id"": ""E001"", ""category"": ""ADR (Context)"", ""ndcg5"": 1.0, ""mrr5"": 1.0, ""hit3"": 1, ""hit1"": 1, ""first_relevant_rank"": 1}, {""entry_id"": ""E002"", ""category"": ""ADR (Decision)"", ""ndcg5"": 1.0, ""mrr5"": 1.0, ""hit3"": 1, ""hit1"": 1, ""first_relevant_rank"": 1}, {""entry_id"": ""E003"", ""category"": ""ADR (Consequences)"", ""ndcg5"": 0.0, ""mrr5"": 0.0, ""hit3"": 0, ""hit1"": 0, ""first_relevant_rank"": null}, {""entry_id"": ""E004"", ""category"": ""ADR (Context)"", ""ndcg5"": 0.38685280723454163, ""mrr5"": 0.2, ""hit3"": 0, ""hit1"": 0, ""first_relevant_rank"": 5}, {""entry_id"": ""E005"", ""category"": ""ADR (Decision)"", ""ndcg5"": 0.6309297535714575, ""mrr5"": 0.5, ""hit3"": 1, ""hit1"": 0, ""first_relevant_rank"": 2}, {""entry_id"": ""E006"", ""category"": ""ADR (Consequences)"", ""ndcg5"": 1.0, ""mrr5"": 1.0, ""hit3"": 1, ""hit1"": 1, ""first_relevant_rank"": 1}, {""entry_id"": ""E007"", ""category"": ""ADR (Context)"", ""ndcg5"": 0.5, ""mrr5"": 0.3333333333333333, ""hit3"": 1, ""hit1"": 0, ""first_relevant_rank"": 3}, {""entry_id"": ""E008"", ""category"": ""ADR (Decision)"", ""ndcg5"": 0.0, ""mrr5"": 0.0, ""hit3"": 0, ""hit1"": 0, ""first_relevant_rank"": null}, {""entry_id"": ""E009"", ""category"": ""ADR (Consequences)"", ""ndcg5"": 0.6309297535714575, ""mrr5"": 0.5, ""hit3"": 1, ""hit1"": 0, ""first_relevant_rank"": 2}, {""entry_id"": ""E010"", ""category"": ""ADR (Context)"", ""ndcg5"": 0.6309297535714575, ""mrr5"": 0.5, ""hit3"": 1, ""hit1"": 0, ""first_relevant_rank"": 2}, {""entry_id"": ""E011"", ""category"": ""ADR (Decision)"", ""ndcg5"": 0.0, ""mrr5"": 0.0, ""hit3"": 0, ""hit1"": 0, ""first_relevant_rank"": null}, {""entry_id"": ""E012"", ""category"": ""ADR (Consequences)"", ""ndcg5"": 0.5, ""mrr5"": 0.3333333333333333, ""hit3"": 1, ""hit1"": 0, ""first_relevant_rank"": 3}, {""entry_id"": ""E013"", ""category"": ""ADR (Context)"", ""ndcg5"": 1.0, ""mrr5"": 1.0, ""hit3"": 1, ""hit1"": 1, ""first_relevant_rank"": 1}, {""entry_id"": ""E014"", ""category"": ""ADR (Decision)"", ""ndcg5"": 1.0, ""mrr5"": 1.0, ""hit3"": 1, ""hit1"": 1, ""first_relevant_rank"": 1}, {""entry_id"": ""E015"", ""category"": ""ADR (Consequences)"", ""ndcg5"": 0.6309297535714575, ""mrr5"": 0.5, ""hit3"": 1, ""hit1"": 0, ""first_relevant_rank"": 2}, {""entry_id"": ""E016"", ""category"": ""ADR (Context)"", ""ndcg5"": 0.43067655807339306, ""mrr5"": 0.25, ""hit3"": 0, ""hit1"": 0, ""first_relevant_rank"": 4}, {""entry_id"": ""E017"", ""category"": ""ADR (Decision)"", ""ndcg5"": 0.0, ""mrr5"": 0.0, ""hit3"": 0, ""hit1"": 0, ""first_relevant_rank"": null}, {""entry_id"": ""E018"", ""category"": ""ADR (Consequences)"", ""ndcg5"": 0.6309297535714575, ""mrr5"": 0.5, ""hit3"": 1, ""hit1"": 0, ""first_relevant_rank"": 2}, {""entry_id"": ""E019"", ""category"": ""ADR (Context)"", ""ndcg5"": 0.43067655807339306, ""mrr5"": 0.25, ""hit3"": 0, ""hit1"": 0, ""first_relevant_rank"": 4}, {""entry_id"": ""E020"", ""category"": ""ADR (Decision)"", ""ndcg5"": 0.0, ""mrr5"": 0.0, ""hit3"": 0, ""hit1"": 0, ""first_relevant_rank"": null}, {""entry_id"": ""E021"", ""category"": ""ADR (Consequences)"", ""ndcg5"": 0.0, ""mrr5"": 0.0, ""hit3"": 0, ""hit1"": 0, ""first_relevant_rank"": null}, {""entry_id"": ""E022"", ""category"": ""ADR (Context)"", ""ndcg5"": 0.0, ""mrr5"": 0.0, ""hit3"": 0, ""hit1"": 0, ""first_relevant_rank"": null}, {""entry_id"": ""E023"", ""category"": ""ADR (Decision)"", ""ndcg5"": 0.6309297535714575, ""mrr5"": 0.5, ""hit3"": 1, ""hit1"": 0, ""first_relevant_rank"": 2}, {""entry_id"": ""E024"", ""category"": ""ADR (Consequences)"", ""ndcg5"": 0.0, ""mrr5"": 0.0, ""hit3"": 0, ""hit1"": 0, ""first_relevant_rank"": null}, {""entry_id"": ""E025"", ""category"": ""ADR (Context)"", ""ndcg5"": 0.43067655807339306, ""mrr5"": 0.25, ""hit3"": 0, ""hit1"": 0, ""first_relevant_rank"": 4}, {""entry_id"": ""E026"", ""category"": ""ADR (Decision)"", ""ndcg5"": 1.0, ""mrr5"": 1.0, ""hit3"": 1, ""hit1"": 1, ""first_relevant_rank"": 1}, {""entry_id"": ""E027"", ""category"": ""ADR (Consequences)"", ""ndcg5"": 0.0, ""mrr5"": 0.0, ""hit3"": 0, ""hit1"": 0, ""first_relevant_rank"": null}, {""entry_id"": ""E028"", ""category"": ""ADR (Context)"", ""ndcg5"": 0.5, ""mrr5"": 0.3333333333333333, ""hit3"": 1, ""hit1"": 0, ""first_relevant_rank"": 3}, {""entry_id"": ""E029"", ""category"": ""ADR (Decision)"", ""ndcg5"": 0.0, ""mrr5"": 0.0, ""hit3"": 0, ""hit1"": 0, ""first_relevant_rank"": null}, {""entry_id"": ""E030"", ""category"": ""ADR (Consequences)"", ""ndcg5"": 0.0, ""mrr5"": 0.0, ""hit3"": 0, ""hit1"": 0, ""first_relevant_rank"": null}, {""entry_id"": ""E031"", ""category"": ""ADR (Context)"", ""ndcg5"": 0.0, ""mrr5"": 0.0, ""hit3"": 0, ""hit1"": 0, ""first_relevant_rank"": null}, {""entry_id"": ""E032"", ""category"": ""ADR (Decision)"", ""ndcg5"": 0.0, ""mrr5"": 0.0, ""hit3"": 0, ""hit1"": 0, ""first_relevant_rank"": null}, {""entry_id"": ""E033"", ""category"": ""ADR (Consequences)"", ""ndcg5"": 0.0, ""mrr5"": 0.0, ""hit3"": 0, ""hit1"": 0, ""first_relevant_rank"": null}, {""entry_id"": ""E034"", ""category"": ""ADR (Context)"", ""ndcg5"": 0.0, ""mrr5"": 0.0, ""hit3"": 0, ""hit1"": 0, ""first_relevant_rank"": null}, {""entry_id"": ""E035"", ""category"": ""ADR (Decision)"", ""ndcg5"": 0.0, ""mrr5"": 0.0, ""hit3"": 0, ""hit1"": 0, ""first_relevant_rank"": null}, {""entry_id"": ""E036"", ""category"": ""ADR (Consequences)"", ""ndcg5"": 0.0, ""mrr5"": 0.0, ""hit3"": 0, ""hit1"": 0, ""first_relevant_rank"": null}, {""entry_id"": ""E037"", ""category"": ""ADR (Context)"", ""ndcg5"": 0.0, ""mrr5"": 0.0, ""hit3"": 0, ""hit1"": 0, ""first_relevant_rank"": null}, {""entry_id"": ""E038"", ""category"": ""ADR (Decision)"", ""ndcg5"": 1.0, ""mrr5"": 1.0, ""hit3"": 1, ""hit1"": 1, ""first_relevant_rank"": 1}, {""entry_id"": ""E039"", ""category"": ""ADR (Consequences)"", ""ndcg5"": 0.6309297535714575, ""mrr5"": 0.5, ""hit3"": 1, ""hit1"": 0, ""first_relevant_rank"": 2}, {""entry_id"": ""E040"", ""category"": ""ADR (Context)"", ""ndcg5"": 0.43067655807339306, ""mrr5"": 0.25, ""hit3"": 0, ""hit1"": 0, ""first_relevant_rank"": 4}, {""entry_id"": ""E041"", ""category"": ""ADR (Decision)"", ""ndcg5"": 1.0, ""mrr5"": 1.0, ""hit3"": 1, ""hit1"": 1, ""first_relevant_rank"": 1}, {""entry_id"": ""E042"", ""category"": ""ADR (Consequences)"", ""ndcg5"": 0.5, ""mrr5"": 0.3333333333333333, ""hit3"": 1, ""hit1"": 0, ""first_relevant_rank"": 3}, {""entry_id"": ""E043"", ""category"": ""ADR (Context)"", ""ndcg5"": 0.0, ""mrr5"": 0.0, ""hit3"": 0, ""hit1"": 0, ""first_relevant_rank"": null}, {""entry_id"": ""E044"", ""category"": ""ADR (Decision)"", ""ndcg5"": 0.0, ""mrr5"": 0.0, ""hit3"": 0, ""hit1"": 0, ""first_relevant_rank"": null}, {""entry_id"": ""E045"", ""category"": ""ADR (Consequences)"", ""ndcg5"": 0.0, ""mrr5"": 0.0, ""hit3"": 0, ""hit1"": 0, ""first_relevant_rank"": null}, {""entry_id"": ""E046"", ""category"": ""ADR (Content)"", ""ndcg5"": 1.0, ""mrr5"": 1.0, ""hit3"": 1, ""hit1"": 1, ""first_relevant_rank"": 1}, {""entry_id"": ""E047"", ""category"": ""ADR (Decision)"", ""ndcg5"": 1.0, ""mrr5"": 1.0, ""hit3"": 1, ""hit1"": 1, ""first_relevant_rank"": 1}, {""entry_id"": ""E048"", ""category"": ""ADR (Consequences)"", ""ndcg5"": 1.0, ""mrr5"": 1.0, ""hit3"": 1, ""hit1"": 1, ""first_relevant_rank"": 1}, {""entry_id"": ""E049"", ""category"": ""ADR (Context)"", ""ndcg5"": 0.6309297535714575, ""mrr5"": 0.5, ""hit3"": 1, ""hit1"": 0, ""first_relevant_rank"": 2}, {""entry_id"": ""E050"", ""category"": ""ADR (Decision)"", ""ndcg5"": 0.6309297535714575, ""mrr5"": 0.5, ""hit3"": 1, ""hit1"": 0, ""first_relevant_rank"": 2}, {""entry_id"": ""E051"", ""category"": ""ADR (Consequences)"", ""ndcg5"": 1.0, ""mrr5"": 1.0, ""hit3"": 1, ""hit1"": 1, ""first_relevant_rank"": 1}, {""entry_id"": ""E052"", ""category"": ""ADR (Context)"", ""ndcg5"": 1.0, ""mrr5"": 1.0, ""hit3"": 1, ""hit1"": 1, ""first_relevant_rank"": 1}, {""entry_id"": ""E053"", ""category"": ""ADR (Decision)"", ""ndcg5"": 1.0, ""mrr5"": 1.0, ""hit3"": 1, ""hit1"": 1, ""first_relevant_rank"": 1}, {""entry_id"": ""E054"", ""category"": ""ADR (Consequences)"", ""ndcg5"": 1.0, ""mrr5"": 1.0, ""hit3"": 1, ""hit1"": 1, ""first_relevant_rank"": 1}, {""entry_id"": ""E055"", ""category"": ""ADR (Context)"", ""ndcg5"": 0.6309297535714575, ""mrr5"": 0.5, ""hit3"": 1, ""hit1"": 0, ""first_relevant_rank"": 2}, {""entry_id"": ""E056"", ""category"": ""ADR (Decision)"", ""ndcg5"": 0.5, ""mrr5"": 0.3333333333333333, ""hit3"": 1, ""hit1"": 0, ""first_relevant_rank"": 3}, {""entry_id"": ""E057"", ""category"": ""ADR (Content)"", ""ndcg5"": 0.0, ""mrr5"": 0.0, ""hit3"": 0, ""hit1"": 0, ""first_relevant_rank"": null}, {""entry_id"": ""E058"", ""category"": ""ADR (Context)"", ""ndcg5"": 1.0, ""mrr5"": 1.0, ""hit3"": 1, ""hit1"": 1, ""first_relevant_rank"": 1}, {""entry_id"": ""E059"", ""category"": ""ADR (Decision)"", ""ndcg5"": 0.0, ""mrr5"": 0.0, ""hit3"": 0, ""hit1"": 0, ""first_relevant_rank"": null}, {""entry_id"": ""E060"", ""category"": ""ADR (Consequences)"", ""ndcg5"": 0.6309297535714575, ""mrr5"": 0.5, ""hit3"": 1, ""hit1"": 0, ""first_relevant_rank"": 2}, {""entry_id"": ""E061"", ""category"": ""ADR (Context)"", ""ndcg5"": 0.5, ""mrr5"": 0.3333333333333333, ""hit3"": 1, ""hit1"": 0, ""first_relevant_rank"": 3}, {""entry_id"": ""E062"", ""category"": ""ADR (Decision)"", ""ndcg5"": 0.0, ""mrr5"": 0.0, ""hit3"": 0, ""hit1"": 0, ""first_relevant_rank"": null}, {""entry_id"": ""E063"", ""category"": ""ADR (Consequences)"", ""ndcg5"": 0.0, ""mrr5"": 0.0, ""hit3"": 0, ""hit1"": 0, ""first_relevant_rank"": null}, {""entry_id"": ""E064"", ""category"": ""ADR (Context)"", ""ndcg5"": 0.5, ""mrr5"": 0.3333333333333333, ""hit3"": 1, ""hit1"": 0, ""first_relevant_rank"": 3}, {""entry_id"": ""E065"", ""category"": ""ADR (Decision)"", ""ndcg5"": 0.0, ""mrr5"": 0.0, ""hit3"": 0, ""hit1"": 0, ""first_relevant_rank"": null}, {""entry_id"": ""E066"", ""category"": ""ADR (Consequences)"", ""ndcg5"": 0.0, ""mrr5"": 0.0, ""hit3"": 0, ""hit1"": 0, ""first_relevant_rank"": null}, {""entry_id"": ""E067"", ""category"": ""ADR (Context)"", ""ndcg5"": 0.6309297535714575, ""mrr5"": 0.5, ""hit3"": 1, ""hit1"": 0, ""first_relevant_rank"": 2}, {""entry_id"": ""E068"", ""category"": ""ADR (Decision)"", ""ndcg5"": 0.5, ""mrr5"": 0.3333333333333333, ""hit3"": 1, ""hit1"": 0, ""first_relevant_rank"": 3}, {""entry_id"": ""E069"", ""category"": ""ADR (Consequences)"", ""ndcg5"": 0.0, ""mrr5"": 0.0, ""hit3"": 0, ""hit1"": 0, ""first_relevant_rank"": null}, {""entry_id"": ""E070"", ""category"": ""ADR (Context)"", ""ndcg5"": 1.0, ""mrr5"": 1.0, ""hit3"": 1, ""hit1"": 1, ""first_relevant_rank"": 1}, {""entry_id"": ""E071"", ""category"": ""ADR (Decision)"", ""ndcg5"": 0.0, ""mrr5"": 0.0, ""hit3"": 0, ""hit1"": 0, ""first_relevant_rank"": null}, {""entry_id"": ""E072"", ""category"": ""ADR (Consequences)"", ""ndcg5"": 0.0, ""mrr5"": 0.0, ""hit3"": 0, ""hit1"": 0, ""first_relevant_rank"": null}, {""entry_id"": ""E073"", ""category"": ""ADR (Context)"", ""ndcg5"": 0.5, ""mrr5"": 0.3333333333333333, ""hit3"": 1, ""hit1"": 0, ""first_relevant_rank"": 3}, {""entry_id"": ""E074"", ""category"": ""ADR (Decision)"", ""ndcg5"": 1.0, ""mrr5"": 1.0, ""hit3"": 1, ""hit1"": 1, ""first_relevant_rank"": 1}, {""entry_id"": ""E075"", ""category"": ""ADR (Consequences)"", ""ndcg5"": 1.0, ""mrr5"": 1.0, ""hit3"": 1, ""hit1"": 1, ""first_relevant_rank"": 1}, {""entry_id"": ""E076"", ""category"": ""Non-file (hermes transcript)"", ""ndcg5"": 1.0, ""mrr5"": 1.0, ""hit3"": 1, ""hit1"": 1, ""first_relevant_rank"": 1}, {""entry_id"": ""E077"", ""category"": ""Non-file (hermes transcript)"", ""ndcg5"": 1.0, ""mrr5"": 1.0, ""hit3"": 1, ""hit1"": 1, ""first_relevant_rank"": 1}, {""entry_id"": ""E078"", ""category"": ""Non-file (hermes transcript)"", ""ndcg5"": 1.0, ""mrr5"": 1.0, ""hit3"": 1, ""hit1"": 1, ""first_relevant_rank"": 1}, {""entry_id"": ""E079"", ""category"": ""Non-file (hermes transcript)"", ""ndcg5"": 1.0, ""mrr5"": 1.0, ""hit3"": 1, ""hit1"": 1, ""first_relevant_rank"": 1}, {""entry_id"": ""E080"", ""category"": ""Non-file (hermes transcript)"", ""ndcg5"": 0.0, ""mrr5"": 0.0, ""hit3"": 0, ""hit1"": 0, ""first_relevant_rank"": null}, {""entry_id"": ""E081"", ""category"": ""Non-file (hermes transcript)"", ""ndcg5"": 1.0, ""mrr5"": 1.0, ""hit3"": 1, ""hit1"": 1, ""first_relevant_rank"": 1}, {""entry_id"": ""E082"", ""category"": ""Non-file (hermes transcript)"", ""ndcg5"": 0.6309297535714575, ""mrr5"": 0.5, ""hit3"": 1, ""hit1"": 0, ""first_relevant_rank"": 2}, {""entry_id"": ""E083"", ""category"": ""Non-file (hermes transcript)"", ""ndcg5"": 1.0, ""mrr5"": 1.0, ""hit3"": 1, ""hit1"": 1, ""first_relevant_rank"": 1}, {""entry_id"": ""E084"", ""category"": ""Non-file (hermes transcript)"", ""ndcg5"": 0.0, ""mrr5"": 0.0, ""hit3"": 0, ""hit1"": 0, ""first_relevant_rank"": null}, {""entry_id"": ""E085"", ""category"": ""Non-file (hermes transcript)"", ""ndcg5"": 1.0, ""mrr5"": 1.0, ""hit3"": 1, ""hit1"": 1, ""first_relevant_rank"": 1}, {""entry_id"": ""E086"", ""category"": ""Non-file (hermes transcript)"", ""ndcg5"": 1.0, ""mrr5"": 1.0, ""hit3"": 1, ""hit1"": 1, ""first_relevant_rank"": 1}, {""entry_id"": ""E087"", ""category"": ""Non-file (hermes transcript)"", ""ndcg5"": 1.0, ""mrr5"": 1.0, ""hit3"": 1, ""hit1"": 1, ""first_relevant_rank"": 1}, {""entry_id"": ""E088"", ""category"": ""Non-file (hermes transcript)"", ""ndcg5"": 1.0, ""mrr5"": 1.0, ""hit3"": 1, ""hit1"": 1, ""first_relevant_rank"": 1}, {""entry_id"": ""E089"", ""category"": ""Non-file (hermes transcript)"", ""ndcg5"": 0.6309297535714575, ""mrr5"": 0.5, ""hit3"": 1, ""hit1"": 0, ""first_relevant_rank"": 2}, {""entry_id"": ""E090"", ""category"": ""Non-file (shared tier)"", ""ndcg5"": 1.0, ""mrr5"": 1.0, ""hit3"": 1, ""hit1"": 1, ""first_relevant_rank"": 1}, {""entry_id"": ""E091"", ""category"": ""Non-file (shared tier)"", ""ndcg5"": 1.0, ""mrr5"": 1.0, ""hit3"": 1, ""hit1"": 1, ""first_relevant_rank"": 1}, {""entry_id"": ""E092"", ""category"": ""Non-file (shared tier)"", ""ndcg5"": 1.0, ""mrr5"": 1.0, ""hit3"": 1, ""hit1"": 1, ""first_relevant_rank"": 1}, {""entry_id"": ""E093"", ""category"": ""Non-file (shared tier)"", ""ndcg5"": 1.0, ""mrr5"": 1.0, ""hit3"": 1, ""hit1"": 1, ""first_relevant_rank"": 1}, {""entry_id"": ""E094"", ""category"": ""Non-file (shared tier)"", ""ndcg5"": 1.0, ""mrr5"": 1.0, ""hit3"": 1, ""hit1"": 1, ""first_relevant_rank"": 1}, {""entry_id"": ""E095"", ""category"": ""Non-file (shared tier)"", ""ndcg5"": 1.0, ""mrr5"": 1.0, ""hit3"": 1, ""hit1"": 1, ""first_relevant_rank"": 1}, {""entry_id"": ""E096"", ""category"": ""Non-file (shared tier)"", ""ndcg5"": 1.0, ""mrr5"": 1.0, ""hit3"": 1, ""hit1"": 1, ""first_relevant_rank"": 1}, {""entry_id"": ""E097"", ""category"": ""Non-file (shared tier)"", ""ndcg5"": 1.0, ""mrr5"": 1.0, ""hit3"": 1, ""hit1"": 1, ""first_relevant_rank"": 1}, {""entry_id"": ""E098"", ""category"": ""Non-file (shared tier)"", ""ndcg5"": 1.0, ""mrr5"": 1.0, ""hit3"": 1, ""hit1"": 1, ""first_relevant_rank"": 1}, {""entry_id"": ""E099"", ""category"": ""Non-file (shared tier)"", ""ndcg5"": 1.0, ""mrr5"": 1.0, ""hit3"": 1, ""hit1"": 1, ""first_relevant_rank"": 1}, {""entry_id"": ""E100"", ""category"": ""Non-file (shared tier)"", ""ndcg5"": 1.0, ""mrr5"": 1.0, ""hit3"": 1, ""hit1"": 1, ""first_relevant_rank"": 1}]","{""ADR (Context)"": ""CategoryMetrics(category='ADR (Context)', count=24, mean_ndcg5=0.5055532522422477, mean_mrr5=0.41111111111111115, hit3_rate=0.5833333333333334, hit1_rate=0.20833333333333334)"", ""ADR (Decision)"": ""CategoryMetrics(category='ADR (Decision)', count=25, mean_ndcg5=0.43571157042857495, mean_mrr5=0.4066666666666666, hit3_rate=0.52, hit1_rate=0.32)"", ""ADR (Consequences)"": ""CategoryMetrics(category='ADR (Consequences)', count=24, mean_ndcg5=0.3814436986607203, mean_mrr5=0.34027777777777773, hit3_rate=0.5, hit1_rate=0.20833333333333334)"", ""ADR (Content)"": ""CategoryMetrics(category='ADR (Content)', count=2, mean_ndcg5=0.5, mean_mrr5=0.5, hit3_rate=0.5, hit1_rate=0.5)"", ""Non-file (hermes transcript)"": ""CategoryMetrics(category='Non-file (hermes transcript)', count=14, mean_ndcg5=0.804418536224494, mean_mrr5=0.7857142857142857, hit3_rate=0.8571428571428571, hit1_rate=0.7142857142857143)"", ""Non-file (shared tier)"": ""CategoryMetrics(category='Non-file (shared tier)', count=11, mean_ndcg5=1.0, mean_mrr5=1.0, hit3_rate=1.0, hit1_rate=1.0)""}"
